2026/03/19 05:36:20 logger,line: 53     INFO | Logger object created successfully.
2026/03/19 05:36:20 tmp_9wpfnyv,line: 165     INFO | ################################################## START / PARAMETERS USED ##################################################

2026/03/19 05:36:20 tmp_9wpfnyv,line: 166     INFO | pdb: /home/emre/anaconda3/envs/mdpertool/lib/python3.9/site-packages/mdpertool/example/simulation_demo/2j0w_example_fixed_ph7.4.pdb
2026/03/19 05:36:20 tmp_9wpfnyv,line: 167     INFO | output_folder: /home/emre/anaconda3/envs/mdpertool/lib/python3.9/site-packages/mdpertool/output/2j0w_example_fixed_ph7.4_2026-03-19_05-36-20
2026/03/19 05:36:20 tmp_9wpfnyv,line: 168     INFO | long_simulation_time: 500
2026/03/19 05:36:20 tmp_9wpfnyv,line: 169     INFO | long_simulation_time_unit: picosecond
2026/03/19 05:36:20 tmp_9wpfnyv,line: 170     INFO | Number_of_CPU: 2
2026/03/19 05:36:20 tmp_9wpfnyv,line: 171     INFO | all_cpu: False
2026/03/19 05:36:20 tmp_9wpfnyv,line: 172     INFO | platform: OpenCL
2026/03/19 05:36:20 tmp_9wpfnyv,line: 173     INFO | properties: {&#x27;OpenCLPrecision&#x27;: &#x27;single&#x27;}
2026/03/19 05:36:20 tmp_9wpfnyv,line: 174     INFO | precision: single
2026/03/19 05:36:20 tmp_9wpfnyv,line: 175     INFO | cuda_active: False
2026/03/19 05:36:20 tmp_9wpfnyv,line: 176     INFO | cuda_precision_prefix: None
2026/03/19 05:36:20 tmp_9wpfnyv,line: 177     INFO | properties_active: True
2026/03/19 05:36:20 tmp_9wpfnyv,line: 178     INFO | CPU_properties_active: False
2026/03/19 05:36:20 tmp_9wpfnyv,line: 179     INFO | Device_ID_active: False
2026/03/19 05:36:20 tmp_9wpfnyv,line: 180     INFO | Device_Number: 1
2026/03/19 05:36:20 tmp_9wpfnyv,line: 181     INFO | protein_ff: amber99sbildn.xml
2026/03/19 05:36:20 tmp_9wpfnyv,line: 182     INFO | water_ff: tip3p.xml
2026/03/19 05:36:20 tmp_9wpfnyv,line: 183     INFO | model_water: tip3p
2026/03/19 05:36:20 tmp_9wpfnyv,line: 184     INFO | water_active: True
2026/03/19 05:36:20 tmp_9wpfnyv,line: 185     INFO | water_padding: 10*angstrom
2026/03/19 05:36:20 tmp_9wpfnyv,line: 186     INFO | perturbed_res_list: [&#x27;SER345&#x27;]
2026/03/19 05:36:20 tmp_9wpfnyv,line: 187     INFO | speed_factor: [4]
2026/03/19 05:36:20 tmp_9wpfnyv,line: 188     INFO | perturb_simulation_time: 1000
2026/03/19 05:36:20 tmp_9wpfnyv,line: 189     INFO | perturb_simulation_time_unit: step
2026/03/19 05:36:20 tmp_9wpfnyv,line: 190     INFO | integrator_kind: LangevinMiddle
2026/03/19 05:36:20 tmp_9wpfnyv,line: 191     INFO | integrator_time_step: 2.0
2026/03/19 05:36:20 tmp_9wpfnyv,line: 192     INFO | integrator_time_step_unit: femtosecond
2026/03/19 05:36:20 tmp_9wpfnyv,line: 193     INFO | friction: 5.0/picosecond
2026/03/19 05:36:20 tmp_9wpfnyv,line: 194     INFO | Temperature: 310.0*kelvin
2026/03/19 05:36:20 tmp_9wpfnyv,line: 195     INFO | Additional_Integrator: True
2026/03/19 05:36:20 tmp_9wpfnyv,line: 196     INFO | Hydrogen_Mass: 1.0*amu
2026/03/19 05:36:20 tmp_9wpfnyv,line: 197     INFO | NonBoundedMethod: PME
2026/03/19 05:36:20 tmp_9wpfnyv,line: 198     INFO | Constraints: None
2026/03/19 05:36:20 tmp_9wpfnyv,line: 199     INFO | Rigid_Water: True
2026/03/19 05:36:20 tmp_9wpfnyv,line: 200     INFO | NonBounded_cutoff: 1.0*nanometer
2026/03/19 05:36:20 tmp_9wpfnyv,line: 201     INFO | Nonbounded_cutoff_active: True
2026/03/19 05:36:20 tmp_9wpfnyv,line: 202     INFO | use_switching_distance: True
2026/03/19 05:36:20 tmp_9wpfnyv,line: 203     INFO | switching_distance: 0.9*nanometer
2026/03/19 05:36:20 tmp_9wpfnyv,line: 204     INFO | solvent_ionic_strength: 0.15*molar
2026/03/19 05:36:20 tmp_9wpfnyv,line: 205     INFO | Number_of_steps: 500
2026/03/19 05:36:20 tmp_9wpfnyv,line: 206     INFO | Minimize: True
2026/03/19 05:36:20 tmp_9wpfnyv,line: 207     INFO | no_minimize_value: True
2026/03/19 05:36:20 tmp_9wpfnyv,line: 208     INFO | Max_minimization_iteration: 500
2026/03/19 05:36:20 tmp_9wpfnyv,line: 209     INFO | Equilubrate: True
2026/03/19 05:36:20 tmp_9wpfnyv,line: 210     INFO | Equilubrate_steps: 500
2026/03/19 05:36:20 tmp_9wpfnyv,line: 211     INFO | DCDReporter: True
2026/03/19 05:36:20 tmp_9wpfnyv,line: 212     INFO | XTCReporter: False
2026/03/19 05:36:20 tmp_9wpfnyv,line: 213     INFO | DCD_write_freq: 100
2026/03/19 05:36:20 tmp_9wpfnyv,line: 214     INFO | DCD_output_name: output.dcd
2026/03/19 05:36:20 tmp_9wpfnyv,line: 215     INFO | XTC_write_freq: 100
2026/03/19 05:36:20 tmp_9wpfnyv,line: 216     INFO | XTC_output_name: output.xtc
2026/03/19 05:36:20 tmp_9wpfnyv,line: 217     INFO | State_Data_Reporter: True
2026/03/19 05:36:20 tmp_9wpfnyv,line: 218     INFO | StateData_freq: 100
2026/03/19 05:36:20 tmp_9wpfnyv,line: 219     INFO | output_directory: /home/emre/anaconda3/envs/mdpertool/lib/python3.9/site-packages/mdpertool/output
2026/03/19 05:36:20 tmp_9wpfnyv,line: 220     INFO | save_script: False
2026/03/19 05:36:20 tmp_9wpfnyv,line: 221     INFO | script_save_directory: temp.py
2026/03/19 05:36:20 tmp_9wpfnyv,line: 222     INFO | real_time_active: False
2026/03/19 05:36:20 tmp_9wpfnyv,line: 223     INFO | ################################################## END / PARAMETERS USED ##################################################

2026/03/19 05:36:20 tmp_9wpfnyv,line: 228     INFO | pdb file fixing and preparing for simulation ...
2026/03/19 05:36:20 apply_pdbfixer,line: 15     INFO | Creating PDBFixer...
2026/03/19 05:36:21 apply_pdbfixer,line: 15     INFO | Finding missing residues...
2026/03/19 05:36:21 apply_pdbfixer,line: 15     INFO | Finding nonstandard residues...
2026/03/19 05:36:21 apply_pdbfixer,line: 15     INFO | Replacing nonstandard residues...
2026/03/19 05:36:21 apply_pdbfixer,line: 15     INFO | Removing heterogens...
2026/03/19 05:36:21 apply_pdbfixer,line: 15     INFO | Finding missing atoms...
2026/03/19 05:36:21 apply_pdbfixer,line: 15     INFO | Adding missing atoms...
2026/03/19 05:36:21 apply_pdbfixer,line: 15     INFO | Adding missing hydrogens...
2026/03/19 05:36:21 apply_pdbfixer,line: 15     INFO | Writing PDB file...
2026/03/19 05:36:21 tmp_9wpfnyv,line: 237     INFO | Loading pdb to simulation engine ...
2026/03/19 05:36:21 tmp_9wpfnyv,line: 242     INFO | Modeller of pdb file is preparing ...
2026/03/19 05:36:21 tmp_9wpfnyv,line: 246     INFO | Forcefield parameters loading to the simulation system ...
2026/03/19 05:36:21 tmp_9wpfnyv,line: 249 CRITICAL | Adding missing hydrogens to the model ...
2026/03/19 05:36:22 tmp_9wpfnyv,line: 252     INFO | Adding solvent (both water and ions) to the model to fill a rectangular box ...
2026/03/19 05:36:26 tmp_9wpfnyv,line: 255     INFO | Constructing an OpenMM System ...
2026/03/19 05:36:27 tmp_9wpfnyv,line: 268     INFO | Creating a LangevinMiddleIntegrator with 2.0 femtosecond time step
2026/03/19 05:36:28 tmp_9wpfnyv,line: 284     INFO | Minimizing for 500 steps ...
2026/03/19 05:36:29 tmp_9wpfnyv,line: 60     INFO | Iteration: 0 - Energy (kJ/mole): -758518.9271887252
2026/03/19 05:36:29 tmp_9wpfnyv,line: 60     INFO | Iteration: 1 - Energy (kJ/mole): -797496.5111730945
2026/03/19 05:36:29 tmp_9wpfnyv,line: 60     INFO | Iteration: 2 - Energy (kJ/mole): -873627.3568762145
2026/03/19 05:36:29 tmp_9wpfnyv,line: 60     INFO | Iteration: 3 - Energy (kJ/mole): -910011.9506262072
2026/03/19 05:36:29 tmp_9wpfnyv,line: 60     INFO | Iteration: 4 - Energy (kJ/mole): -967312.9037512286
2026/03/19 05:36:29 tmp_9wpfnyv,line: 60     INFO | Iteration: 5 - Energy (kJ/mole): -997127.9935949774
2026/03/19 05:36:29 tmp_9wpfnyv,line: 60     INFO | Iteration: 6 - Energy (kJ/mole): -1004431.3490637104
2026/03/19 05:36:29 tmp_9wpfnyv,line: 60     INFO | Iteration: 7 - Energy (kJ/mole): -1015819.0365637196
2026/03/19 05:36:29 tmp_9wpfnyv,line: 60     INFO | Iteration: 8 - Energy (kJ/mole): -1030353.6752355912
2026/03/19 05:36:29 tmp_9wpfnyv,line: 60     INFO | Iteration: 9 - Energy (kJ/mole): -1047071.3490637192
2026/03/19 05:36:29 tmp_9wpfnyv,line: 60     INFO | Iteration: 10 - Energy (kJ/mole): -1069566.0033606056
2026/03/19 05:36:29 tmp_9wpfnyv,line: 60     INFO | Iteration: 11 - Energy (kJ/mole): -1085701.6088293572
2026/03/19 05:36:29 tmp_9wpfnyv,line: 60     INFO | Iteration: 12 - Energy (kJ/mole): -1088084.0658606202
2026/03/19 05:36:29 tmp_9wpfnyv,line: 60     INFO | Iteration: 13 - Energy (kJ/mole): -1092197.6498449747
2026/03/19 05:36:29 tmp_9wpfnyv,line: 60     INFO | Iteration: 14 - Energy (kJ/mole): -1094418.7006262026
2026/03/19 05:36:29 tmp_9wpfnyv,line: 60     INFO | Iteration: 15 - Energy (kJ/mole): -1102813.017032488
2026/03/19 05:36:29 tmp_9wpfnyv,line: 60     INFO | Iteration: 16 - Energy (kJ/mole): -1115333.2553137108
2026/03/19 05:36:29 tmp_9wpfnyv,line: 60     INFO | Iteration: 17 - Energy (kJ/mole): -1130191.0971105755
2026/03/19 05:36:29 tmp_9wpfnyv,line: 60     INFO | Iteration: 18 - Energy (kJ/mole): -1132659.6088293488
2026/03/19 05:36:29 tmp_9wpfnyv,line: 60     INFO | Iteration: 19 - Energy (kJ/mole): -1137037.4037512108
2026/03/19 05:36:29 tmp_9wpfnyv,line: 60     INFO | Iteration: 20 - Energy (kJ/mole): -1143481.6693761884
2026/03/19 05:36:29 tmp_9wpfnyv,line: 60     INFO | Iteration: 21 - Energy (kJ/mole): -1149666.7045324694
2026/03/19 05:36:29 tmp_9wpfnyv,line: 60     INFO | Iteration: 22 - Energy (kJ/mole): -1149416.290469983
2026/03/19 05:36:29 tmp_9wpfnyv,line: 60     INFO | Iteration: 23 - Energy (kJ/mole): -1152612.0267981277
2026/03/19 05:36:29 tmp_9wpfnyv,line: 60     INFO | Iteration: 24 - Energy (kJ/mole): -1156386.4330480893
2026/03/19 05:36:29 tmp_9wpfnyv,line: 60     INFO | Iteration: 25 - Energy (kJ/mole): -1168679.7338293504
2026/03/19 05:36:29 tmp_9wpfnyv,line: 60     INFO | Iteration: 26 - Energy (kJ/mole): -1168155.3100011756
2026/03/19 05:36:29 tmp_9wpfnyv,line: 60     INFO | Iteration: 27 - Energy (kJ/mole): -1170601.8725012273
2026/03/19 05:36:29 tmp_9wpfnyv,line: 60     INFO | Iteration: 28 - Energy (kJ/mole): -1173614.7103918185
2026/03/19 05:36:29 tmp_9wpfnyv,line: 60     INFO | Iteration: 29 - Energy (kJ/mole): -1179400.4310949265
2026/03/19 05:36:29 tmp_9wpfnyv,line: 60     INFO | Iteration: 30 - Energy (kJ/mole): -1181243.3529699796
2026/03/19 05:36:29 tmp_9wpfnyv,line: 60     INFO | Iteration: 31 - Energy (kJ/mole): -1183843.1185949654
2026/03/19 05:36:29 tmp_9wpfnyv,line: 60     INFO | Iteration: 32 - Energy (kJ/mole): -1188176.30609498
2026/03/19 05:36:29 tmp_9wpfnyv,line: 60     INFO | Iteration: 33 - Energy (kJ/mole): -1188793.060001226
2026/03/19 05:36:29 tmp_9wpfnyv,line: 60     INFO | Iteration: 34 - Energy (kJ/mole): -1191602.48382937
2026/03/19 05:36:29 tmp_9wpfnyv,line: 60     INFO | Iteration: 35 - Energy (kJ/mole): -1193872.0326574873
2026/03/19 05:36:29 tmp_9wpfnyv,line: 60     INFO | Iteration: 36 - Energy (kJ/mole): -1200413.2475012182
2026/03/19 05:36:29 tmp_9wpfnyv,line: 60     INFO | Iteration: 37 - Energy (kJ/mole): -1199127.80804809
2026/03/19 05:36:29 tmp_9wpfnyv,line: 60     INFO | Iteration: 38 - Energy (kJ/mole): -1199833.7377355811
2026/03/19 05:36:29 tmp_9wpfnyv,line: 60     INFO | Iteration: 39 - Energy (kJ/mole): -1201651.612735585
2026/03/19 05:36:29 tmp_9wpfnyv,line: 60     INFO | Iteration: 40 - Energy (kJ/mole): -1204808.5287512145
2026/03/19 05:36:29 tmp_9wpfnyv,line: 60     INFO | Iteration: 41 - Energy (kJ/mole): -1207974.786563753
2026/03/19 05:36:29 tmp_9wpfnyv,line: 60     INFO | Iteration: 42 - Energy (kJ/mole): -1209144.903751226
2026/03/19 05:36:29 tmp_9wpfnyv,line: 60     INFO | Iteration: 43 - Energy (kJ/mole): -1213243.2103918253
2026/03/19 05:36:29 tmp_9wpfnyv,line: 60     INFO | Iteration: 44 - Energy (kJ/mole): -1213555.347110584
2026/03/19 05:36:29 tmp_9wpfnyv,line: 60     INFO | Iteration: 45 - Energy (kJ/mole): -1216229.1889074717
2026/03/19 05:36:29 tmp_9wpfnyv,line: 60     INFO | Iteration: 46 - Energy (kJ/mole): -1218006.376407483
2026/03/19 05:36:29 tmp_9wpfnyv,line: 60     INFO | Iteration: 47 - Energy (kJ/mole): -1219960.1264074757
2026/03/19 05:36:29 tmp_9wpfnyv,line: 60     INFO | Iteration: 48 - Energy (kJ/mole): -1221890.8685949564
2026/03/19 05:36:29 tmp_9wpfnyv,line: 60     INFO | Iteration: 49 - Energy (kJ/mole): -1224610.6068762385
2026/03/19 05:36:29 tmp_9wpfnyv,line: 60     INFO | Iteration: 50 - Energy (kJ/mole): -1227937.7045325032
2026/03/19 05:36:29 tmp_9wpfnyv,line: 60     INFO | Iteration: 51 - Energy (kJ/mole): -1228575.4877355967
2026/03/19 05:36:29 tmp_9wpfnyv,line: 60     INFO | Iteration: 52 - Energy (kJ/mole): -1228737.3900793227
2026/03/19 05:36:29 tmp_9wpfnyv,line: 60     INFO | Iteration: 53 - Energy (kJ/mole): -1231721.1146887152
2026/03/19 05:36:29 tmp_9wpfnyv,line: 60     INFO | Iteration: 54 - Energy (kJ/mole): -1231734.218204342
2026/03/19 05:36:29 tmp_9wpfnyv,line: 60     INFO | Iteration: 55 - Energy (kJ/mole): -1233320.2103918465
2026/03/19 05:36:29 tmp_9wpfnyv,line: 60     INFO | Iteration: 56 - Energy (kJ/mole): -1236563.5560949626
2026/03/19 05:36:29 tmp_9wpfnyv,line: 60     INFO | Iteration: 57 - Energy (kJ/mole): -1239074.7553137222
2026/03/19 05:36:29 tmp_9wpfnyv,line: 60     INFO | Iteration: 58 - Energy (kJ/mole): -1239055.4662512247
2026/03/19 05:36:29 tmp_9wpfnyv,line: 60     INFO | Iteration: 59 - Energy (kJ/mole): -1240503.6185950034
2026/03/19 05:36:29 tmp_9wpfnyv,line: 60     INFO | Iteration: 60 - Energy (kJ/mole): -1242207.0365637396
2026/03/19 05:36:29 tmp_9wpfnyv,line: 60     INFO | Iteration: 61 - Energy (kJ/mole): -1243570.4975012215
2026/03/19 05:36:29 tmp_9wpfnyv,line: 60     INFO | Iteration: 62 - Energy (kJ/mole): -1245119.2865637431
2026/03/19 05:36:30 tmp_9wpfnyv,line: 60     INFO | Iteration: 63 - Energy (kJ/mole): -1247052.9076574869
2026/03/19 05:36:30 tmp_9wpfnyv,line: 60     INFO | Iteration: 64 - Energy (kJ/mole): -1248653.9037512469
2026/03/19 05:36:30 tmp_9wpfnyv,line: 60     INFO | Iteration: 65 - Energy (kJ/mole): -1249790.5053137138
2026/03/19 05:36:30 tmp_9wpfnyv,line: 60     INFO | Iteration: 66 - Energy (kJ/mole): -1250297.8998449512
2026/03/19 05:36:30 tmp_9wpfnyv,line: 60     INFO | Iteration: 67 - Energy (kJ/mole): -1251788.9584387415
2026/03/19 05:36:30 tmp_9wpfnyv,line: 60     INFO | Iteration: 68 - Energy (kJ/mole): -1252835.0053137024
2026/03/19 05:36:30 tmp_9wpfnyv,line: 60     INFO | Iteration: 69 - Energy (kJ/mole): -1256714.3998449966
2026/03/19 05:36:30 tmp_9wpfnyv,line: 60     INFO | Iteration: 70 - Energy (kJ/mole): -1255900.2006261903
2026/03/19 05:36:30 tmp_9wpfnyv,line: 60     INFO | Iteration: 71 - Energy (kJ/mole): -1256033.122501216
2026/03/19 05:36:30 tmp_9wpfnyv,line: 60     INFO | Iteration: 72 - Energy (kJ/mole): -1257221.8295324538
2026/03/19 05:36:30 tmp_9wpfnyv,line: 60     INFO | Iteration: 73 - Energy (kJ/mole): -1257912.251407466
2026/03/19 05:36:30 tmp_9wpfnyv,line: 60     INFO | Iteration: 74 - Energy (kJ/mole): -1259342.798282505
2026/03/19 05:36:30 tmp_9wpfnyv,line: 60     INFO | Iteration: 75 - Energy (kJ/mole): -1261271.4115636942
2026/03/19 05:36:30 tmp_9wpfnyv,line: 60     INFO | Iteration: 76 - Energy (kJ/mole): -1262592.0404699682
2026/03/19 05:36:30 tmp_9wpfnyv,line: 60     INFO | Iteration: 77 - Energy (kJ/mole): -1264344.36078246
2026/03/19 05:36:30 tmp_9wpfnyv,line: 60     INFO | Iteration: 78 - Energy (kJ/mole): -1264730.0600011896
2026/03/19 05:36:30 tmp_9wpfnyv,line: 60     INFO | Iteration: 79 - Energy (kJ/mole): -1265776.9389074785
2026/03/19 05:36:30 tmp_9wpfnyv,line: 60     INFO | Iteration: 80 - Energy (kJ/mole): -1266306.8178137073
2026/03/19 05:36:30 tmp_9wpfnyv,line: 60     INFO | Iteration: 81 - Energy (kJ/mole): -1267317.661563727
2026/03/19 05:36:30 tmp_9wpfnyv,line: 60     INFO | Iteration: 82 - Energy (kJ/mole): -1268959.3334386996
2026/03/19 05:36:30 tmp_9wpfnyv,line: 60     INFO | Iteration: 83 - Energy (kJ/mole): -1270296.341251225
2026/03/19 05:36:30 tmp_9wpfnyv,line: 60     INFO | Iteration: 84 - Energy (kJ/mole): -1272670.333438731
2026/03/19 05:36:30 tmp_9wpfnyv,line: 60     INFO | Iteration: 85 - Energy (kJ/mole): -1272125.8764074773
2026/03/19 05:36:30 tmp_9wpfnyv,line: 60     INFO | Iteration: 86 - Energy (kJ/mole): -1272546.6146887082
2026/03/19 05:36:30 tmp_9wpfnyv,line: 60     INFO | Iteration: 87 - Energy (kJ/mole): -1273327.6889074482
2026/03/19 05:36:30 tmp_9wpfnyv,line: 60     INFO | Iteration: 88 - Energy (kJ/mole): -1275995.4467199687
2026/03/19 05:36:30 tmp_9wpfnyv,line: 60     INFO | Iteration: 89 - Energy (kJ/mole): -1276082.1537512178
2026/03/19 05:36:30 tmp_9wpfnyv,line: 60     INFO | Iteration: 90 - Energy (kJ/mole): -1276572.2475012098
2026/03/19 05:36:30 tmp_9wpfnyv,line: 60     INFO | Iteration: 91 - Energy (kJ/mole): -1277496.060001199
2026/03/19 05:36:30 tmp_9wpfnyv,line: 60     INFO | Iteration: 92 - Energy (kJ/mole): -1278115.6771887222
2026/03/19 05:36:30 tmp_9wpfnyv,line: 60     INFO | Iteration: 93 - Energy (kJ/mole): -1278581.548282461
2026/03/19 05:36:30 tmp_9wpfnyv,line: 60     INFO | Iteration: 94 - Energy (kJ/mole): -1280876.21234496
2026/03/19 05:36:30 tmp_9wpfnyv,line: 60     INFO | Iteration: 95 - Energy (kJ/mole): -1281198.7592199692
2026/03/19 05:36:30 tmp_9wpfnyv,line: 60     INFO | Iteration: 96 - Energy (kJ/mole): -1281966.9350012355
2026/03/19 05:36:30 tmp_9wpfnyv,line: 60     INFO | Iteration: 97 - Energy (kJ/mole): -1282445.7553137117
2026/03/19 05:36:30 tmp_9wpfnyv,line: 60     INFO | Iteration: 98 - Energy (kJ/mole): -1284385.860782439
2026/03/19 05:36:30 tmp_9wpfnyv,line: 60     INFO | Iteration: 99 - Energy (kJ/mole): -1283889.3568762199
2026/03/19 05:36:30 tmp_9wpfnyv,line: 60     INFO | Iteration: 100 - Energy (kJ/mole): -1284225.278751204
2026/03/19 05:36:30 tmp_9wpfnyv,line: 60     INFO | Iteration: 101 - Energy (kJ/mole): -1284832.618594957
2026/03/19 05:36:30 tmp_9wpfnyv,line: 60     INFO | Iteration: 102 - Energy (kJ/mole): -1286580.4310949438
2026/03/19 05:36:30 tmp_9wpfnyv,line: 60     INFO | Iteration: 103 - Energy (kJ/mole): -1286910.036563699
2026/03/19 05:36:30 tmp_9wpfnyv,line: 60     INFO | Iteration: 104 - Energy (kJ/mole): -1287551.173282463
2026/03/19 05:36:30 tmp_9wpfnyv,line: 60     INFO | Iteration: 105 - Energy (kJ/mole): -1288454.6146887161
2026/03/19 05:36:30 tmp_9wpfnyv,line: 60     INFO | Iteration: 106 - Energy (kJ/mole): -1288158.9935949633
2026/03/19 05:36:30 tmp_9wpfnyv,line: 60     INFO | Iteration: 107 - Energy (kJ/mole): -1289560.3959387075
2026/03/19 05:36:30 tmp_9wpfnyv,line: 60     INFO | Iteration: 108 - Energy (kJ/mole): -1290159.9154699778
2026/03/19 05:36:30 tmp_9wpfnyv,line: 60     INFO | Iteration: 109 - Energy (kJ/mole): -1291269.665469976
2026/03/19 05:36:30 tmp_9wpfnyv,line: 60     INFO | Iteration: 110 - Energy (kJ/mole): -1291493.1420324696
2026/03/19 05:36:30 tmp_9wpfnyv,line: 60     INFO | Iteration: 111 - Energy (kJ/mole): -1292337.9896887043
2026/03/19 05:36:30 tmp_9wpfnyv,line: 60     INFO | Iteration: 112 - Energy (kJ/mole): -1293335.294376216
2026/03/19 05:36:30 tmp_9wpfnyv,line: 60     INFO | Iteration: 113 - Energy (kJ/mole): -1293782.407657445
2026/03/19 05:36:30 tmp_9wpfnyv,line: 60     INFO | Iteration: 114 - Energy (kJ/mole): -1294350.3764074333
2026/03/19 05:36:30 tmp_9wpfnyv,line: 60     INFO | Iteration: 115 - Energy (kJ/mole): -1295019.8178137196
2026/03/19 05:36:30 tmp_9wpfnyv,line: 60     INFO | Iteration: 116 - Energy (kJ/mole): -1296192.079532421
2026/03/19 05:36:30 tmp_9wpfnyv,line: 60     INFO | Iteration: 117 - Energy (kJ/mole): -1296933.6381262066
2026/03/19 05:36:30 tmp_9wpfnyv,line: 60     INFO | Iteration: 118 - Energy (kJ/mole): -1298168.3451574394
2026/03/19 05:36:30 tmp_9wpfnyv,line: 60     INFO | Iteration: 119 - Energy (kJ/mole): -1297781.5092199778
2026/03/19 05:36:30 tmp_9wpfnyv,line: 60     INFO | Iteration: 120 - Energy (kJ/mole): -1297994.2396887233
2026/03/19 05:36:30 tmp_9wpfnyv,line: 60     INFO | Iteration: 121 - Energy (kJ/mole): -1298216.7435949529
2026/03/19 05:36:30 tmp_9wpfnyv,line: 60     INFO | Iteration: 122 - Energy (kJ/mole): -1299975.9935949552
2026/03/19 05:36:30 tmp_9wpfnyv,line: 60     INFO | Iteration: 123 - Energy (kJ/mole): -1299917.3295324575
2026/03/19 05:36:30 tmp_9wpfnyv,line: 60     INFO | Iteration: 124 - Energy (kJ/mole): -1300344.786563727
2026/03/19 05:36:30 tmp_9wpfnyv,line: 60     INFO | Iteration: 125 - Energy (kJ/mole): -1301175.395938725
2026/03/19 05:36:30 tmp_9wpfnyv,line: 60     INFO | Iteration: 126 - Energy (kJ/mole): -1301661.442813694
2026/03/19 05:36:30 tmp_9wpfnyv,line: 60     INFO | Iteration: 127 - Energy (kJ/mole): -1302106.532657455
2026/03/19 05:36:30 tmp_9wpfnyv,line: 60     INFO | Iteration: 128 - Energy (kJ/mole): -1302614.0092200008
2026/03/19 05:36:30 tmp_9wpfnyv,line: 60     INFO | Iteration: 129 - Energy (kJ/mole): -1303125.11859499
2026/03/19 05:36:30 tmp_9wpfnyv,line: 60     INFO | Iteration: 130 - Energy (kJ/mole): -1303236.087344986
2026/03/19 05:36:30 tmp_9wpfnyv,line: 60     INFO | Iteration: 131 - Energy (kJ/mole): -1305095.7631262091
2026/03/19 05:36:30 tmp_9wpfnyv,line: 60     INFO | Iteration: 132 - Energy (kJ/mole): -1304779.6967199796
2026/03/19 05:36:30 tmp_9wpfnyv,line: 60     INFO | Iteration: 133 - Energy (kJ/mole): -1304957.653751202
2026/03/19 05:36:30 tmp_9wpfnyv,line: 60     INFO | Iteration: 134 - Energy (kJ/mole): -1305322.2084387431
2026/03/19 05:36:30 tmp_9wpfnyv,line: 60     INFO | Iteration: 135 - Energy (kJ/mole): -1306053.3646887105
2026/03/19 05:36:30 tmp_9wpfnyv,line: 60     INFO | Iteration: 136 - Energy (kJ/mole): -1306754.528751206
2026/03/19 05:36:30 tmp_9wpfnyv,line: 60     INFO | Iteration: 137 - Energy (kJ/mole): -1307840.540469963
2026/03/19 05:36:30 tmp_9wpfnyv,line: 60     INFO | Iteration: 138 - Energy (kJ/mole): -1307949.8256262317
2026/03/19 05:36:30 tmp_9wpfnyv,line: 60     INFO | Iteration: 139 - Energy (kJ/mole): -1308169.5326574603
2026/03/19 05:36:31 tmp_9wpfnyv,line: 60     INFO | Iteration: 140 - Energy (kJ/mole): -1309147.8178137038
2026/03/19 05:36:31 tmp_9wpfnyv,line: 60     INFO | Iteration: 141 - Energy (kJ/mole): -1308572.3529699543
2026/03/19 05:36:31 tmp_9wpfnyv,line: 60     INFO | Iteration: 142 - Energy (kJ/mole): -1309454.23187624
2026/03/19 05:36:31 tmp_9wpfnyv,line: 60     INFO | Iteration: 143 - Energy (kJ/mole): -1310025.794376223
2026/03/19 05:36:31 tmp_9wpfnyv,line: 60     INFO | Iteration: 144 - Energy (kJ/mole): -1310449.4662512138
2026/03/19 05:36:31 tmp_9wpfnyv,line: 60     INFO | Iteration: 145 - Energy (kJ/mole): -1311067.6889075043
2026/03/19 05:36:31 tmp_9wpfnyv,line: 60     INFO | Iteration: 146 - Energy (kJ/mole): -1312075.2787512124
2026/03/19 05:36:31 tmp_9wpfnyv,line: 60     INFO | Iteration: 147 - Energy (kJ/mole): -1311971.8217199936
2026/03/19 05:36:31 tmp_9wpfnyv,line: 60     INFO | Iteration: 148 - Energy (kJ/mole): -1311981.9975012213
2026/03/19 05:36:31 tmp_9wpfnyv,line: 60     INFO | Iteration: 149 - Energy (kJ/mole): -1312455.1459387124
2026/03/19 05:36:31 tmp_9wpfnyv,line: 60     INFO | Iteration: 150 - Energy (kJ/mole): -1312782.368594971
2026/03/19 05:36:31 tmp_9wpfnyv,line: 60     INFO | Iteration: 151 - Energy (kJ/mole): -1313276.4154699717
2026/03/19 05:36:31 tmp_9wpfnyv,line: 60     INFO | Iteration: 152 - Energy (kJ/mole): -1313814.8803136637
2026/03/19 05:36:31 tmp_9wpfnyv,line: 60     INFO | Iteration: 153 - Energy (kJ/mole): -1314247.9428137313
2026/03/19 05:36:31 tmp_9wpfnyv,line: 60     INFO | Iteration: 154 - Energy (kJ/mole): -1316068.2006262091
2026/03/19 05:36:31 tmp_9wpfnyv,line: 60     INFO | Iteration: 155 - Energy (kJ/mole): -1315288.2826574561
2026/03/19 05:36:31 tmp_9wpfnyv,line: 60     INFO | Iteration: 156 - Energy (kJ/mole): -1315269.044376252
2026/03/19 05:36:31 tmp_9wpfnyv,line: 60     INFO | Iteration: 157 - Energy (kJ/mole): -1315602.3803137178
2026/03/19 05:36:31 tmp_9wpfnyv,line: 60     INFO | Iteration: 158 - Energy (kJ/mole): -1315762.1537512357
2026/03/19 05:36:31 tmp_9wpfnyv,line: 60     INFO | Iteration: 159 - Energy (kJ/mole): -1316611.5443762345
2026/03/19 05:36:31 tmp_9wpfnyv,line: 60     INFO | Iteration: 160 - Energy (kJ/mole): -1316792.7709387091
2026/03/19 05:36:31 tmp_9wpfnyv,line: 60     INFO | Iteration: 161 - Energy (kJ/mole): -1317387.138126237
2026/03/19 05:36:31 tmp_9wpfnyv,line: 60     INFO | Iteration: 162 - Energy (kJ/mole): -1317910.2318762194
2026/03/19 05:36:31 tmp_9wpfnyv,line: 60     INFO | Iteration: 163 - Energy (kJ/mole): -1318587.1146887473
2026/03/19 05:36:31 tmp_9wpfnyv,line: 60     INFO | Iteration: 164 - Energy (kJ/mole): -1318949.7435949503
2026/03/19 05:36:31 tmp_9wpfnyv,line: 60     INFO | Iteration: 165 - Energy (kJ/mole): -1319080.2826574703
2026/03/19 05:36:31 tmp_9wpfnyv,line: 60     INFO | Iteration: 166 - Energy (kJ/mole): -1319839.0678137043
2026/03/19 05:36:31 tmp_9wpfnyv,line: 60     INFO | Iteration: 167 - Energy (kJ/mole): -1319489.1107824373
2026/03/19 05:36:31 tmp_9wpfnyv,line: 60     INFO | Iteration: 168 - Energy (kJ/mole): -1319927.306094978
2026/03/19 05:36:31 tmp_9wpfnyv,line: 60     INFO | Iteration: 169 - Energy (kJ/mole): -1320792.4623449333
2026/03/19 05:36:31 tmp_9wpfnyv,line: 60     INFO | Iteration: 170 - Energy (kJ/mole): -1320910.01312624
2026/03/19 05:36:31 tmp_9wpfnyv,line: 60     INFO | Iteration: 171 - Energy (kJ/mole): -1321838.712344987
2026/03/19 05:36:31 tmp_9wpfnyv,line: 60     INFO | Iteration: 172 - Energy (kJ/mole): -1321762.4584386915
2026/03/19 05:36:31 tmp_9wpfnyv,line: 60     INFO | Iteration: 173 - Energy (kJ/mole): -1321765.4389074575
2026/03/19 05:36:31 tmp_9wpfnyv,line: 60     INFO | Iteration: 174 - Energy (kJ/mole): -1321982.3021886859
2026/03/19 05:36:31 tmp_9wpfnyv,line: 60     INFO | Iteration: 175 - Energy (kJ/mole): -1322792.2279699978
2026/03/19 05:36:31 tmp_9wpfnyv,line: 60     INFO | Iteration: 176 - Energy (kJ/mole): -1322810.825626223
2026/03/19 05:36:31 tmp_9wpfnyv,line: 60     INFO | Iteration: 177 - Energy (kJ/mole): -1323768.71234497
2026/03/19 05:36:31 tmp_9wpfnyv,line: 60     INFO | Iteration: 178 - Energy (kJ/mole): -1323934.9115637192
2026/03/19 05:36:31 tmp_9wpfnyv,line: 60     INFO | Iteration: 179 - Energy (kJ/mole): -1323981.7943762143
2026/03/19 05:36:31 tmp_9wpfnyv,line: 60     INFO | Iteration: 180 - Energy (kJ/mole): -1324759.0053137182
2026/03/19 05:36:31 tmp_9wpfnyv,line: 60     INFO | Iteration: 181 - Energy (kJ/mole): -1324480.8568762504
2026/03/19 05:36:31 tmp_9wpfnyv,line: 60     INFO | Iteration: 182 - Energy (kJ/mole): -1324733.778751219
2026/03/19 05:36:31 tmp_9wpfnyv,line: 60     INFO | Iteration: 183 - Energy (kJ/mole): -1325884.5600012236
2026/03/19 05:36:31 tmp_9wpfnyv,line: 60     INFO | Iteration: 184 - Energy (kJ/mole): -1325674.1185949706
2026/03/19 05:36:31 tmp_9wpfnyv,line: 60     INFO | Iteration: 185 - Energy (kJ/mole): -1325781.0873449682
2026/03/19 05:36:31 tmp_9wpfnyv,line: 60     INFO | Iteration: 186 - Energy (kJ/mole): -1326946.5092199817
2026/03/19 05:36:31 tmp_9wpfnyv,line: 60     INFO | Iteration: 187 - Energy (kJ/mole): -1326178.470157455
2026/03/19 05:36:31 tmp_9wpfnyv,line: 60     INFO | Iteration: 188 - Energy (kJ/mole): -1326560.2357824624
2026/03/19 05:36:31 tmp_9wpfnyv,line: 60     INFO | Iteration: 189 - Energy (kJ/mole): -1327183.2201574924
2026/03/19 05:36:31 tmp_9wpfnyv,line: 60     INFO | Iteration: 190 - Energy (kJ/mole): -1327388.7475012264
2026/03/19 05:36:31 tmp_9wpfnyv,line: 60     INFO | Iteration: 191 - Energy (kJ/mole): -1327916.7670324685
2026/03/19 05:36:31 tmp_9wpfnyv,line: 60     INFO | Iteration: 192 - Energy (kJ/mole): -1328717.036563704
2026/03/19 05:36:31 tmp_9wpfnyv,line: 60     INFO | Iteration: 193 - Energy (kJ/mole): -1328622.5170324866
2026/03/19 05:36:31 tmp_9wpfnyv,line: 60     INFO | Iteration: 194 - Energy (kJ/mole): -1328617.2318762252
2026/03/19 05:36:31 tmp_9wpfnyv,line: 60     INFO | Iteration: 195 - Energy (kJ/mole): -1328671.3139074647
2026/03/19 05:36:31 tmp_9wpfnyv,line: 60     INFO | Iteration: 196 - Energy (kJ/mole): -1328920.157657465
2026/03/19 05:36:31 tmp_9wpfnyv,line: 60     INFO | Iteration: 197 - Energy (kJ/mole): -1329163.3803137126
2026/03/19 05:36:31 tmp_9wpfnyv,line: 60     INFO | Iteration: 198 - Energy (kJ/mole): -1330028.9506262233
2026/03/19 05:36:31 tmp_9wpfnyv,line: 60     INFO | Iteration: 199 - Energy (kJ/mole): -1330162.4428137112
2026/03/19 05:36:31 tmp_9wpfnyv,line: 60     INFO | Iteration: 200 - Energy (kJ/mole): -1331087.5248450038
2026/03/19 05:36:31 tmp_9wpfnyv,line: 60     INFO | Iteration: 201 - Energy (kJ/mole): -1330669.9935949887
2026/03/19 05:36:31 tmp_9wpfnyv,line: 60     INFO | Iteration: 202 - Energy (kJ/mole): -1330634.91156375
2026/03/19 05:36:31 tmp_9wpfnyv,line: 60     INFO | Iteration: 203 - Energy (kJ/mole): -1331077.0717199703
2026/03/19 05:36:31 tmp_9wpfnyv,line: 60     INFO | Iteration: 204 - Energy (kJ/mole): -1331055.7748449633
2026/03/19 05:36:31 tmp_9wpfnyv,line: 60     INFO | Iteration: 205 - Energy (kJ/mole): -1331249.6889075
2026/03/19 05:36:31 tmp_9wpfnyv,line: 60     INFO | Iteration: 206 - Energy (kJ/mole): -1332645.8217199636
2026/03/19 05:36:31 tmp_9wpfnyv,line: 60     INFO | Iteration: 207 - Energy (kJ/mole): -1332136.970157495
2026/03/19 05:36:31 tmp_9wpfnyv,line: 60     INFO | Iteration: 208 - Energy (kJ/mole): -1332299.8725011954
2026/03/19 05:36:31 tmp_9wpfnyv,line: 60     INFO | Iteration: 209 - Energy (kJ/mole): -1332638.4584387285
2026/03/19 05:36:31 tmp_9wpfnyv,line: 60     INFO | Iteration: 210 - Energy (kJ/mole): -1332785.0521887308
2026/03/19 05:36:31 tmp_9wpfnyv,line: 60     INFO | Iteration: 211 - Energy (kJ/mole): -1333251.7318762392
2026/03/19 05:36:31 tmp_9wpfnyv,line: 60     INFO | Iteration: 212 - Energy (kJ/mole): -1333120.4232824806
2026/03/19 05:36:31 tmp_9wpfnyv,line: 60     INFO | Iteration: 213 - Energy (kJ/mole): -1333289.8490637208
2026/03/19 05:36:31 tmp_9wpfnyv,line: 60     INFO | Iteration: 214 - Energy (kJ/mole): -1333696.7045324803
2026/03/19 05:36:31 tmp_9wpfnyv,line: 60     INFO | Iteration: 215 - Energy (kJ/mole): -1334057.0209387508
2026/03/19 05:36:32 tmp_9wpfnyv,line: 60     INFO | Iteration: 216 - Energy (kJ/mole): -1334664.1928137268
2026/03/19 05:36:32 tmp_9wpfnyv,line: 60     INFO | Iteration: 217 - Energy (kJ/mole): -1334592.6146887306
2026/03/19 05:36:32 tmp_9wpfnyv,line: 60     INFO | Iteration: 218 - Energy (kJ/mole): -1334717.7865637334
2026/03/19 05:36:32 tmp_9wpfnyv,line: 60     INFO | Iteration: 219 - Energy (kJ/mole): -1334797.0209387592
2026/03/19 05:36:32 tmp_9wpfnyv,line: 60     INFO | Iteration: 220 - Energy (kJ/mole): -1336355.8568761847
2026/03/19 05:36:32 tmp_9wpfnyv,line: 60     INFO | Iteration: 221 - Energy (kJ/mole): -1335617.513126247
2026/03/19 05:36:32 tmp_9wpfnyv,line: 60     INFO | Iteration: 222 - Energy (kJ/mole): -1335646.876407442
2026/03/19 05:36:32 tmp_9wpfnyv,line: 60     INFO | Iteration: 223 - Energy (kJ/mole): -1335870.1264074817
2026/03/19 05:36:32 tmp_9wpfnyv,line: 60     INFO | Iteration: 224 - Energy (kJ/mole): -1335995.056094968
2026/03/19 05:36:32 tmp_9wpfnyv,line: 60     INFO | Iteration: 225 - Energy (kJ/mole): -1336982.2240637124
2026/03/19 05:36:32 tmp_9wpfnyv,line: 60     INFO | Iteration: 226 - Energy (kJ/mole): -1336569.8334387308
2026/03/19 05:36:32 tmp_9wpfnyv,line: 60     INFO | Iteration: 227 - Energy (kJ/mole): -1336554.96625121
2026/03/19 05:36:32 tmp_9wpfnyv,line: 60     INFO | Iteration: 228 - Energy (kJ/mole): -1336997.4154699468
2026/03/19 05:36:32 tmp_9wpfnyv,line: 60     INFO | Iteration: 229 - Energy (kJ/mole): -1336622.474063721
2026/03/19 05:36:32 tmp_9wpfnyv,line: 60     INFO | Iteration: 230 - Energy (kJ/mole): -1337396.8373449526
2026/03/19 05:36:32 tmp_9wpfnyv,line: 60     INFO | Iteration: 231 - Energy (kJ/mole): -1337868.3568762203
2026/03/19 05:36:32 tmp_9wpfnyv,line: 60     INFO | Iteration: 232 - Energy (kJ/mole): -1338139.1850012052
2026/03/19 05:36:32 tmp_9wpfnyv,line: 60     INFO | Iteration: 233 - Energy (kJ/mole): -1337921.2357824475
2026/03/19 05:36:32 tmp_9wpfnyv,line: 60     INFO | Iteration: 234 - Energy (kJ/mole): -1338194.5287512213
2026/03/19 05:36:32 tmp_9wpfnyv,line: 60     INFO | Iteration: 235 - Energy (kJ/mole): -1338198.0443762527
2026/03/19 05:36:32 tmp_9wpfnyv,line: 60     INFO | Iteration: 236 - Energy (kJ/mole): -1338314.8139074882
2026/03/19 05:36:32 tmp_9wpfnyv,line: 60     INFO | Iteration: 237 - Energy (kJ/mole): -1338800.6459386966
2026/03/19 05:36:32 tmp_9wpfnyv,line: 60     INFO | Iteration: 238 - Energy (kJ/mole): -1338949.9154699892
2026/03/19 05:36:32 tmp_9wpfnyv,line: 60     INFO | Iteration: 239 - Energy (kJ/mole): -1339035.337345011
2026/03/19 05:36:32 tmp_9wpfnyv,line: 60     INFO | Iteration: 240 - Energy (kJ/mole): -1339258.7279699717
2026/03/19 05:36:32 tmp_9wpfnyv,line: 60     INFO | Iteration: 241 - Energy (kJ/mole): -1339410.1459387396
2026/03/19 05:36:32 tmp_9wpfnyv,line: 60     INFO | Iteration: 242 - Energy (kJ/mole): -1340120.34125124
2026/03/19 05:36:32 tmp_9wpfnyv,line: 60     INFO | Iteration: 243 - Energy (kJ/mole): -1339570.501407487
2026/03/19 05:36:32 tmp_9wpfnyv,line: 60     INFO | Iteration: 244 - Energy (kJ/mole): -1340091.7553137038
2026/03/19 05:36:32 tmp_9wpfnyv,line: 60     INFO | Iteration: 245 - Energy (kJ/mole): -1340490.0639074647
2026/03/19 05:36:32 tmp_9wpfnyv,line: 60     INFO | Iteration: 246 - Energy (kJ/mole): -1340530.3100012182
2026/03/19 05:36:32 tmp_9wpfnyv,line: 60     INFO | Iteration: 247 - Energy (kJ/mole): -1341535.2826574305
2026/03/19 05:36:32 tmp_9wpfnyv,line: 60     INFO | Iteration: 248 - Energy (kJ/mole): -1340904.5717199876
2026/03/19 05:36:32 tmp_9wpfnyv,line: 60     INFO | Iteration: 249 - Energy (kJ/mole): -1340828.0365637
2026/03/19 05:36:32 tmp_9wpfnyv,line: 60     INFO | Iteration: 250 - Energy (kJ/mole): -1341090.8725012317
2026/03/19 05:36:32 tmp_9wpfnyv,line: 60     INFO | Iteration: 251 - Energy (kJ/mole): -1341357.3959387518
2026/03/19 05:36:32 tmp_9wpfnyv,line: 60     INFO | Iteration: 252 - Energy (kJ/mole): -1341782.4350012469
2026/03/19 05:36:32 tmp_9wpfnyv,line: 60     INFO | Iteration: 253 - Energy (kJ/mole): -1342213.45843872
2026/03/19 05:36:32 tmp_9wpfnyv,line: 60     INFO | Iteration: 254 - Energy (kJ/mole): -1342379.9545324729
2026/03/19 05:36:32 tmp_9wpfnyv,line: 60     INFO | Iteration: 255 - Energy (kJ/mole): -1342943.1889074682
2026/03/19 05:36:32 tmp_9wpfnyv,line: 60     INFO | Iteration: 256 - Energy (kJ/mole): -1342470.7045325087
2026/03/19 05:36:32 tmp_9wpfnyv,line: 60     INFO | Iteration: 257 - Energy (kJ/mole): -1342446.341251208
2026/03/19 05:36:32 tmp_9wpfnyv,line: 60     INFO | Iteration: 258 - Energy (kJ/mole): -1342468.9428137378
2026/03/19 05:36:32 tmp_9wpfnyv,line: 60     INFO | Iteration: 259 - Energy (kJ/mole): -1343278.9584387348
2026/03/19 05:36:32 tmp_9wpfnyv,line: 60     INFO | Iteration: 260 - Energy (kJ/mole): -1343041.9076574703
2026/03/19 05:36:32 tmp_9wpfnyv,line: 60     INFO | Iteration: 261 - Energy (kJ/mole): -1343437.9193761975
2026/03/19 05:36:32 tmp_9wpfnyv,line: 60     INFO | Iteration: 262 - Energy (kJ/mole): -1344102.520938716
2026/03/19 05:36:32 tmp_9wpfnyv,line: 60     INFO | Iteration: 263 - Energy (kJ/mole): -1343741.0756262057
2026/03/19 05:36:32 tmp_9wpfnyv,line: 60     INFO | Iteration: 264 - Energy (kJ/mole): -1343888.8217199724
2026/03/19 05:36:32 tmp_9wpfnyv,line: 60     INFO | Iteration: 265 - Energy (kJ/mole): -1344137.75140746
2026/03/19 05:36:32 tmp_9wpfnyv,line: 60     INFO | Iteration: 266 - Energy (kJ/mole): -1344377.7006262185
2026/03/19 05:36:32 tmp_9wpfnyv,line: 60     INFO | Iteration: 267 - Energy (kJ/mole): -1343962.8685949205
2026/03/19 05:36:32 tmp_9wpfnyv,line: 60     INFO | Iteration: 268 - Energy (kJ/mole): -1344686.2553137615
2026/03/19 05:36:32 tmp_9wpfnyv,line: 60     INFO | Iteration: 269 - Energy (kJ/mole): -1344774.0521887038
2026/03/19 05:36:32 tmp_9wpfnyv,line: 60     INFO | Iteration: 270 - Energy (kJ/mole): -1344946.57562619
2026/03/19 05:36:32 tmp_9wpfnyv,line: 60     INFO | Iteration: 271 - Energy (kJ/mole): -1344790.1225012166
2026/03/19 05:36:32 tmp_9wpfnyv,line: 60     INFO | Iteration: 272 - Energy (kJ/mole): -1345054.0287511975
2026/03/19 05:36:32 tmp_9wpfnyv,line: 60     INFO | Iteration: 273 - Energy (kJ/mole): -1345288.485782476
2026/03/19 05:36:32 tmp_9wpfnyv,line: 60     INFO | Iteration: 274 - Energy (kJ/mole): -1345519.642032464
2026/03/19 05:36:32 tmp_9wpfnyv,line: 60     INFO | Iteration: 275 - Energy (kJ/mole): -1345836.9779699517
2026/03/19 05:36:32 tmp_9wpfnyv,line: 60     INFO | Iteration: 276 - Energy (kJ/mole): -1346097.833438721
2026/03/19 05:36:32 tmp_9wpfnyv,line: 60     INFO | Iteration: 277 - Energy (kJ/mole): -1346003.8568762173
2026/03/19 05:36:32 tmp_9wpfnyv,line: 60     INFO | Iteration: 278 - Energy (kJ/mole): -1346126.364688748
2026/03/19 05:36:32 tmp_9wpfnyv,line: 60     INFO | Iteration: 279 - Energy (kJ/mole): -1346098.626407484
2026/03/19 05:36:32 tmp_9wpfnyv,line: 60     INFO | Iteration: 280 - Energy (kJ/mole): -1346492.9975012376
2026/03/19 05:36:32 tmp_9wpfnyv,line: 60     INFO | Iteration: 281 - Energy (kJ/mole): -1346525.9975012282
2026/03/19 05:36:32 tmp_9wpfnyv,line: 60     INFO | Iteration: 282 - Energy (kJ/mole): -1346923.7592199633
2026/03/19 05:36:32 tmp_9wpfnyv,line: 60     INFO | Iteration: 283 - Energy (kJ/mole): -1346953.4545324736
2026/03/19 05:36:32 tmp_9wpfnyv,line: 60     INFO | Iteration: 284 - Energy (kJ/mole): -1347149.7201575069
2026/03/19 05:36:32 tmp_9wpfnyv,line: 60     INFO | Iteration: 285 - Energy (kJ/mole): -1347323.4310949962
2026/03/19 05:36:32 tmp_9wpfnyv,line: 60     INFO | Iteration: 286 - Energy (kJ/mole): -1347403.6420324973
2026/03/19 05:36:32 tmp_9wpfnyv,line: 60     INFO | Iteration: 287 - Energy (kJ/mole): -1347585.0951574917
2026/03/19 05:36:32 tmp_9wpfnyv,line: 60     INFO | Iteration: 288 - Energy (kJ/mole): -1347619.899844986
2026/03/19 05:36:32 tmp_9wpfnyv,line: 60     INFO | Iteration: 289 - Energy (kJ/mole): -1347907.2709387126
2026/03/19 05:36:32 tmp_9wpfnyv,line: 60     INFO | Iteration: 290 - Energy (kJ/mole): -1348003.696719952
2026/03/19 05:36:32 tmp_9wpfnyv,line: 60     INFO | Iteration: 291 - Energy (kJ/mole): -1348245.782657453
2026/03/19 05:36:32 tmp_9wpfnyv,line: 60     INFO | Iteration: 292 - Energy (kJ/mole): -1348340.591251237
2026/03/19 05:36:33 tmp_9wpfnyv,line: 60     INFO | Iteration: 293 - Energy (kJ/mole): -1348539.4584387462
2026/03/19 05:36:33 tmp_9wpfnyv,line: 60     INFO | Iteration: 294 - Energy (kJ/mole): -1348654.4232824582
2026/03/19 05:36:33 tmp_9wpfnyv,line: 60     INFO | Iteration: 295 - Energy (kJ/mole): -1348790.5521887187
2026/03/19 05:36:33 tmp_9wpfnyv,line: 60     INFO | Iteration: 296 - Energy (kJ/mole): -1348867.8373449754
2026/03/19 05:36:33 tmp_9wpfnyv,line: 60     INFO | Iteration: 297 - Energy (kJ/mole): -1349106.9545324603
2026/03/19 05:36:33 tmp_9wpfnyv,line: 60     INFO | Iteration: 298 - Energy (kJ/mole): -1349217.9506262522
2026/03/19 05:36:33 tmp_9wpfnyv,line: 60     INFO | Iteration: 299 - Energy (kJ/mole): -1349435.7201574198
2026/03/19 05:36:33 tmp_9wpfnyv,line: 60     INFO | Iteration: 300 - Energy (kJ/mole): -1348948.9271887345
2026/03/19 05:36:33 tmp_9wpfnyv,line: 60     INFO | Iteration: 301 - Energy (kJ/mole): -1349531.6928137399
2026/03/19 05:36:33 tmp_9wpfnyv,line: 60     INFO | Iteration: 302 - Energy (kJ/mole): -1349735.0717199561
2026/03/19 05:36:33 tmp_9wpfnyv,line: 60     INFO | Iteration: 303 - Energy (kJ/mole): -1349957.5482824703
2026/03/19 05:36:33 tmp_9wpfnyv,line: 60     INFO | Iteration: 304 - Energy (kJ/mole): -1350079.7670325
2026/03/19 05:36:33 tmp_9wpfnyv,line: 60     INFO | Iteration: 305 - Energy (kJ/mole): -1350174.3217199675
2026/03/19 05:36:33 tmp_9wpfnyv,line: 60     INFO | Iteration: 306 - Energy (kJ/mole): -1350241.3256261894
2026/03/19 05:36:33 tmp_9wpfnyv,line: 60     INFO | Iteration: 307 - Energy (kJ/mole): -1350361.1850012182
2026/03/19 05:36:33 tmp_9wpfnyv,line: 60     INFO | Iteration: 308 - Energy (kJ/mole): -1350513.7982824626
2026/03/19 05:36:33 tmp_9wpfnyv,line: 60     INFO | Iteration: 309 - Energy (kJ/mole): -1350633.6303137024
2026/03/19 05:36:33 tmp_9wpfnyv,line: 60     INFO | Iteration: 310 - Energy (kJ/mole): -1351233.6068762077
2026/03/19 05:36:33 tmp_9wpfnyv,line: 60     INFO | Iteration: 311 - Energy (kJ/mole): -1350896.6107824675
2026/03/19 05:36:33 tmp_9wpfnyv,line: 60     INFO | Iteration: 312 - Energy (kJ/mole): -1351037.720157467
2026/03/19 05:36:33 tmp_9wpfnyv,line: 60     INFO | Iteration: 313 - Energy (kJ/mole): -1351248.3178137278
2026/03/19 05:36:33 tmp_9wpfnyv,line: 60     INFO | Iteration: 314 - Energy (kJ/mole): -1351432.8373449964
2026/03/19 05:36:33 tmp_9wpfnyv,line: 60     INFO | Iteration: 315 - Energy (kJ/mole): -1351784.6381262303
2026/03/19 05:36:33 tmp_9wpfnyv,line: 60     INFO | Iteration: 316 - Energy (kJ/mole): -1351685.1732824608
2026/03/19 05:36:33 tmp_9wpfnyv,line: 60     INFO | Iteration: 317 - Energy (kJ/mole): -1351716.849063752
2026/03/19 05:36:33 tmp_9wpfnyv,line: 60     INFO | Iteration: 318 - Energy (kJ/mole): -1351864.2670324557
2026/03/19 05:36:33 tmp_9wpfnyv,line: 60     INFO | Iteration: 319 - Energy (kJ/mole): -1352134.290469947
2026/03/19 05:36:33 tmp_9wpfnyv,line: 60     INFO | Iteration: 320 - Energy (kJ/mole): -1352234.2240637366
2026/03/19 05:36:33 tmp_9wpfnyv,line: 60     INFO | Iteration: 321 - Energy (kJ/mole): -1352399.96625119
2026/03/19 05:36:33 tmp_9wpfnyv,line: 60     INFO | Iteration: 322 - Energy (kJ/mole): -1352476.810001219
2026/03/19 05:36:33 tmp_9wpfnyv,line: 60     INFO | Iteration: 323 - Energy (kJ/mole): -1352760.7709387676
2026/03/19 05:36:33 tmp_9wpfnyv,line: 60     INFO | Iteration: 324 - Energy (kJ/mole): -1352680.7514074834
2026/03/19 05:36:33 tmp_9wpfnyv,line: 60     INFO | Iteration: 325 - Energy (kJ/mole): -1352737.5131262124
2026/03/19 05:36:33 tmp_9wpfnyv,line: 60     INFO | Iteration: 326 - Energy (kJ/mole): -1352835.2279699617
2026/03/19 05:36:33 tmp_9wpfnyv,line: 60     INFO | Iteration: 327 - Energy (kJ/mole): -1353050.4115636935
2026/03/19 05:36:33 tmp_9wpfnyv,line: 60     INFO | Iteration: 328 - Energy (kJ/mole): -1353205.9779699729
2026/03/19 05:36:33 tmp_9wpfnyv,line: 60     INFO | Iteration: 329 - Energy (kJ/mole): -1353195.407657472
2026/03/19 05:36:33 tmp_9wpfnyv,line: 60     INFO | Iteration: 330 - Energy (kJ/mole): -1353466.7865637466
2026/03/19 05:36:33 tmp_9wpfnyv,line: 60     INFO | Iteration: 331 - Energy (kJ/mole): -1353269.0756262273
2026/03/19 05:36:33 tmp_9wpfnyv,line: 60     INFO | Iteration: 332 - Energy (kJ/mole): -1353569.7162512122
2026/03/19 05:36:33 tmp_9wpfnyv,line: 60     INFO | Iteration: 333 - Energy (kJ/mole): -1353866.5443761987
2026/03/19 05:36:33 tmp_9wpfnyv,line: 60     INFO | Iteration: 334 - Energy (kJ/mole): -1353968.2357824645
2026/03/19 05:36:33 tmp_9wpfnyv,line: 60     INFO | Iteration: 335 - Energy (kJ/mole): -1354182.2787511917
2026/03/19 05:36:33 tmp_9wpfnyv,line: 60     INFO | Iteration: 336 - Energy (kJ/mole): -1354177.6107825108
2026/03/19 05:36:33 tmp_9wpfnyv,line: 60     INFO | Iteration: 337 - Energy (kJ/mole): -1354208.5639074342
2026/03/19 05:36:33 tmp_9wpfnyv,line: 60     INFO | Iteration: 338 - Energy (kJ/mole): -1354282.587344979
2026/03/19 05:36:33 tmp_9wpfnyv,line: 60     INFO | Iteration: 339 - Energy (kJ/mole): -1354654.028751245
2026/03/19 05:36:33 tmp_9wpfnyv,line: 60     INFO | Iteration: 340 - Energy (kJ/mole): -1354538.7084387166
2026/03/19 05:36:33 tmp_9wpfnyv,line: 60     INFO | Iteration: 341 - Energy (kJ/mole): -1354603.6654699894
2026/03/19 05:36:33 tmp_9wpfnyv,line: 60     INFO | Iteration: 342 - Energy (kJ/mole): -1354672.0521887222
2026/03/19 05:36:33 tmp_9wpfnyv,line: 60     INFO | Iteration: 343 - Energy (kJ/mole): -1355136.227969984
2026/03/19 05:36:33 tmp_9wpfnyv,line: 60     INFO | Iteration: 344 - Energy (kJ/mole): -1355004.9506262103
2026/03/19 05:36:33 tmp_9wpfnyv,line: 60     INFO | Iteration: 345 - Energy (kJ/mole): -1355099.4584387073
2026/03/19 05:36:33 tmp_9wpfnyv,line: 60     INFO | Iteration: 346 - Energy (kJ/mole): -1355324.2826575018
2026/03/19 05:36:33 tmp_9wpfnyv,line: 60     INFO | Iteration: 347 - Energy (kJ/mole): -1355229.8139074808
2026/03/19 05:36:33 tmp_9wpfnyv,line: 60     INFO | Iteration: 348 - Energy (kJ/mole): -1355404.4740637008
2026/03/19 05:36:33 tmp_9wpfnyv,line: 60     INFO | Iteration: 349 - Energy (kJ/mole): -1355604.8998449827
2026/03/19 05:36:33 tmp_9wpfnyv,line: 60     INFO | Iteration: 350 - Energy (kJ/mole): -1355832.4975012369
2026/03/19 05:36:33 tmp_9wpfnyv,line: 60     INFO | Iteration: 351 - Energy (kJ/mole): -1355477.5717199473
2026/03/19 05:36:33 tmp_9wpfnyv,line: 60     INFO | Iteration: 352 - Energy (kJ/mole): -1355856.091251215
2026/03/19 05:36:33 tmp_9wpfnyv,line: 60     INFO | Iteration: 353 - Energy (kJ/mole): -1355966.282657438
2026/03/19 05:36:33 tmp_9wpfnyv,line: 60     INFO | Iteration: 354 - Energy (kJ/mole): -1356104.509219974
2026/03/19 05:36:33 tmp_9wpfnyv,line: 60     INFO | Iteration: 355 - Energy (kJ/mole): -1356212.2357825232
2026/03/19 05:36:33 tmp_9wpfnyv,line: 60     INFO | Iteration: 356 - Energy (kJ/mole): -1356289.571719993
2026/03/19 05:36:33 tmp_9wpfnyv,line: 60     INFO | Iteration: 357 - Energy (kJ/mole): -1356287.329532479
2026/03/19 05:36:33 tmp_9wpfnyv,line: 60     INFO | Iteration: 358 - Energy (kJ/mole): -1356376.751407466
2026/03/19 05:36:33 tmp_9wpfnyv,line: 60     INFO | Iteration: 359 - Energy (kJ/mole): -1356300.7357824862
2026/03/19 05:36:33 tmp_9wpfnyv,line: 60     INFO | Iteration: 360 - Energy (kJ/mole): -1356843.4818762243
2026/03/19 05:36:33 tmp_9wpfnyv,line: 60     INFO | Iteration: 361 - Energy (kJ/mole): -1356762.6693762243
2026/03/19 05:36:33 tmp_9wpfnyv,line: 60     INFO | Iteration: 362 - Energy (kJ/mole): -1356851.669376235
2026/03/19 05:36:33 tmp_9wpfnyv,line: 60     INFO | Iteration: 363 - Energy (kJ/mole): -1356892.5521887436
2026/03/19 05:36:33 tmp_9wpfnyv,line: 60     INFO | Iteration: 364 - Energy (kJ/mole): -1357049.8764074957
2026/03/19 05:36:33 tmp_9wpfnyv,line: 60     INFO | Iteration: 365 - Energy (kJ/mole): -1357336.642032443
2026/03/19 05:36:33 tmp_9wpfnyv,line: 60     INFO | Iteration: 366 - Energy (kJ/mole): -1357236.5170324706
2026/03/19 05:36:33 tmp_9wpfnyv,line: 60     INFO | Iteration: 367 - Energy (kJ/mole): -1357351.5834387382
2026/03/19 05:36:33 tmp_9wpfnyv,line: 60     INFO | Iteration: 368 - Energy (kJ/mole): -1357558.5482824577
2026/03/19 05:36:33 tmp_9wpfnyv,line: 60     INFO | Iteration: 369 - Energy (kJ/mole): -1357486.0912512112
2026/03/19 05:36:33 tmp_9wpfnyv,line: 60     INFO | Iteration: 370 - Energy (kJ/mole): -1357662.571719947
2026/03/19 05:36:34 tmp_9wpfnyv,line: 60     INFO | Iteration: 371 - Energy (kJ/mole): -1357786.0678136994
2026/03/19 05:36:34 tmp_9wpfnyv,line: 60     INFO | Iteration: 372 - Energy (kJ/mole): -1357820.5326574475
2026/03/19 05:36:34 tmp_9wpfnyv,line: 60     INFO | Iteration: 373 - Energy (kJ/mole): -1358324.9975012275
2026/03/19 05:36:34 tmp_9wpfnyv,line: 60     INFO | Iteration: 374 - Energy (kJ/mole): -1358042.8217199729
2026/03/19 05:36:34 tmp_9wpfnyv,line: 60     INFO | Iteration: 375 - Energy (kJ/mole): -1358076.790469961
2026/03/19 05:36:34 tmp_9wpfnyv,line: 60     INFO | Iteration: 376 - Energy (kJ/mole): -1358125.2982824647
2026/03/19 05:36:34 tmp_9wpfnyv,line: 60     INFO | Iteration: 377 - Energy (kJ/mole): -1358456.8217199654
2026/03/19 05:36:34 tmp_9wpfnyv,line: 60     INFO | Iteration: 378 - Energy (kJ/mole): -1358387.673282496
2026/03/19 05:36:34 tmp_9wpfnyv,line: 60     INFO | Iteration: 379 - Energy (kJ/mole): -1358490.8803137382
2026/03/19 05:36:34 tmp_9wpfnyv,line: 60     INFO | Iteration: 380 - Energy (kJ/mole): -1358787.7123449794
2026/03/19 05:36:34 tmp_9wpfnyv,line: 60     INFO | Iteration: 381 - Energy (kJ/mole): -1358607.419376215
2026/03/19 05:36:34 tmp_9wpfnyv,line: 60     INFO | Iteration: 382 - Energy (kJ/mole): -1358672.5326574994
2026/03/19 05:36:34 tmp_9wpfnyv,line: 60     INFO | Iteration: 383 - Energy (kJ/mole): -1358809.638126221
2026/03/19 05:36:34 tmp_9wpfnyv,line: 60     INFO | Iteration: 384 - Energy (kJ/mole): -1359143.7982824699
2026/03/19 05:36:34 tmp_9wpfnyv,line: 60     INFO | Iteration: 385 - Energy (kJ/mole): -1359151.470157476
2026/03/19 05:36:34 tmp_9wpfnyv,line: 60     INFO | Iteration: 386 - Energy (kJ/mole): -1359114.6576574638
2026/03/19 05:36:34 tmp_9wpfnyv,line: 60     INFO | Iteration: 387 - Energy (kJ/mole): -1359184.1928137273
2026/03/19 05:36:34 tmp_9wpfnyv,line: 60     INFO | Iteration: 388 - Energy (kJ/mole): -1359226.6693762294
2026/03/19 05:36:34 tmp_9wpfnyv,line: 60     INFO | Iteration: 389 - Energy (kJ/mole): -1359680.669376197
2026/03/19 05:36:34 tmp_9wpfnyv,line: 60     INFO | Iteration: 390 - Energy (kJ/mole): -1359576.821719965
2026/03/19 05:36:34 tmp_9wpfnyv,line: 60     INFO | Iteration: 391 - Energy (kJ/mole): -1359603.9857824873
2026/03/19 05:36:34 tmp_9wpfnyv,line: 60     INFO | Iteration: 392 - Energy (kJ/mole): -1359756.5912512424
2026/03/19 05:36:34 tmp_9wpfnyv,line: 60     INFO | Iteration: 393 - Energy (kJ/mole): -1359596.4975012275
2026/03/19 05:36:34 tmp_9wpfnyv,line: 60     INFO | Iteration: 394 - Energy (kJ/mole): -1359786.0521886924
2026/03/19 05:36:34 tmp_9wpfnyv,line: 60     INFO | Iteration: 395 - Energy (kJ/mole): -1360014.8764074668
2026/03/19 05:36:34 tmp_9wpfnyv,line: 60     INFO | Iteration: 396 - Energy (kJ/mole): -1360166.6381262217
2026/03/19 05:36:34 tmp_9wpfnyv,line: 60     INFO | Iteration: 397 - Energy (kJ/mole): -1360164.7240637243
2026/03/19 05:36:34 tmp_9wpfnyv,line: 60     INFO | Iteration: 398 - Energy (kJ/mole): -1360210.8646887355
2026/03/19 05:36:34 tmp_9wpfnyv,line: 60     INFO | Iteration: 399 - Energy (kJ/mole): -1360288.0521887376
2026/03/19 05:36:34 tmp_9wpfnyv,line: 60     INFO | Iteration: 400 - Energy (kJ/mole): -1360341.5795324838
2026/03/19 05:36:34 tmp_9wpfnyv,line: 60     INFO | Iteration: 401 - Energy (kJ/mole): -1360396.7045324575
2026/03/19 05:36:34 tmp_9wpfnyv,line: 60     INFO | Iteration: 402 - Energy (kJ/mole): -1360457.6889074529
2026/03/19 05:36:34 tmp_9wpfnyv,line: 60     INFO | Iteration: 403 - Energy (kJ/mole): -1360572.552188716
2026/03/19 05:36:34 tmp_9wpfnyv,line: 60     INFO | Iteration: 404 - Energy (kJ/mole): -1360686.497501229
2026/03/19 05:36:34 tmp_9wpfnyv,line: 60     INFO | Iteration: 405 - Energy (kJ/mole): -1360803.7396887287
2026/03/19 05:36:34 tmp_9wpfnyv,line: 60     INFO | Iteration: 406 - Energy (kJ/mole): -1360905.3685949678
2026/03/19 05:36:34 tmp_9wpfnyv,line: 60     INFO | Iteration: 407 - Energy (kJ/mole): -1361007.1537512192
2026/03/19 05:36:34 tmp_9wpfnyv,line: 60     INFO | Iteration: 408 - Energy (kJ/mole): -1360982.6576574917
2026/03/19 05:36:34 tmp_9wpfnyv,line: 60     INFO | Iteration: 409 - Energy (kJ/mole): -1361042.8256262154
2026/03/19 05:36:34 tmp_9wpfnyv,line: 60     INFO | Iteration: 410 - Energy (kJ/mole): -1361022.192813717
2026/03/19 05:36:34 tmp_9wpfnyv,line: 60     INFO | Iteration: 411 - Energy (kJ/mole): -1361522.2084387175
2026/03/19 05:36:34 tmp_9wpfnyv,line: 60     INFO | Iteration: 412 - Energy (kJ/mole): -1361352.6342199724
2026/03/19 05:36:34 tmp_9wpfnyv,line: 60     INFO | Iteration: 413 - Energy (kJ/mole): -1361314.067813727
2026/03/19 05:36:34 tmp_9wpfnyv,line: 60     INFO | Iteration: 414 - Energy (kJ/mole): -1361360.9467200076
2026/03/19 05:36:34 tmp_9wpfnyv,line: 60     INFO | Iteration: 415 - Energy (kJ/mole): -1361440.7943762112
2026/03/19 05:36:34 tmp_9wpfnyv,line: 60     INFO | Iteration: 416 - Energy (kJ/mole): -1361509.110782471
2026/03/19 05:36:34 tmp_9wpfnyv,line: 60     INFO | Iteration: 417 - Energy (kJ/mole): -1361559.7904699517
2026/03/19 05:36:34 tmp_9wpfnyv,line: 60     INFO | Iteration: 418 - Energy (kJ/mole): -1361823.9428137264
2026/03/19 05:36:34 tmp_9wpfnyv,line: 60     INFO | Iteration: 419 - Energy (kJ/mole): -1361794.5443762394
2026/03/19 05:36:34 tmp_9wpfnyv,line: 60     INFO | Iteration: 420 - Energy (kJ/mole): -1361891.37640745
2026/03/19 05:36:34 tmp_9wpfnyv,line: 60     INFO | Iteration: 421 - Energy (kJ/mole): -1362026.852969968
2026/03/19 05:36:34 tmp_9wpfnyv,line: 60     INFO | Iteration: 422 - Energy (kJ/mole): -1362040.759219953
2026/03/19 05:36:34 tmp_9wpfnyv,line: 60     INFO | Iteration: 423 - Energy (kJ/mole): -1362056.1576574745
2026/03/19 05:36:34 tmp_9wpfnyv,line: 60     INFO | Iteration: 424 - Energy (kJ/mole): -1362106.5521887152
2026/03/19 05:36:34 tmp_9wpfnyv,line: 60     INFO | Iteration: 425 - Energy (kJ/mole): -1362149.9857824529
2026/03/19 05:36:34 tmp_9wpfnyv,line: 60     INFO | Iteration: 426 - Energy (kJ/mole): -1362580.3842199745
2026/03/19 05:36:34 tmp_9wpfnyv,line: 60     INFO | Iteration: 427 - Energy (kJ/mole): -1362440.1654699582
2026/03/19 05:36:34 tmp_9wpfnyv,line: 60     INFO | Iteration: 428 - Energy (kJ/mole): -1362450.204532462
2026/03/19 05:36:34 tmp_9wpfnyv,line: 60     INFO | Iteration: 429 - Energy (kJ/mole): -1362504.454532472
2026/03/19 05:36:34 tmp_9wpfnyv,line: 60     INFO | Iteration: 430 - Energy (kJ/mole): -1362571.9857824557
2026/03/19 05:36:34 tmp_9wpfnyv,line: 60     INFO | Iteration: 431 - Energy (kJ/mole): -1362685.524844991
2026/03/19 05:36:34 tmp_9wpfnyv,line: 60     INFO | Iteration: 432 - Energy (kJ/mole): -1362636.1576574538
2026/03/19 05:36:34 tmp_9wpfnyv,line: 60     INFO | Iteration: 433 - Energy (kJ/mole): -1362750.4428137497
2026/03/19 05:36:34 tmp_9wpfnyv,line: 60     INFO | Iteration: 434 - Energy (kJ/mole): -1362816.7201574547
2026/03/19 05:36:34 tmp_9wpfnyv,line: 60     INFO | Iteration: 435 - Energy (kJ/mole): -1363043.8334387338
2026/03/19 05:36:34 tmp_9wpfnyv,line: 60     INFO | Iteration: 436 - Energy (kJ/mole): -1363101.6928137252
2026/03/19 05:36:34 tmp_9wpfnyv,line: 60     INFO | Iteration: 437 - Energy (kJ/mole): -1363065.450626227
2026/03/19 05:36:34 tmp_9wpfnyv,line: 60     INFO | Iteration: 438 - Energy (kJ/mole): -1363154.7982824466
2026/03/19 05:36:34 tmp_9wpfnyv,line: 60     INFO | Iteration: 439 - Energy (kJ/mole): -1362904.32171998
2026/03/19 05:36:34 tmp_9wpfnyv,line: 60     INFO | Iteration: 440 - Energy (kJ/mole): -1363124.1459387222
2026/03/19 05:36:34 tmp_9wpfnyv,line: 60     INFO | Iteration: 441 - Energy (kJ/mole): -1363261.3568762203
2026/03/19 05:36:34 tmp_9wpfnyv,line: 60     INFO | Iteration: 442 - Energy (kJ/mole): -1363416.5287512431
2026/03/19 05:36:34 tmp_9wpfnyv,line: 60     INFO | Iteration: 443 - Energy (kJ/mole): -1363531.470157533
2026/03/19 05:36:34 tmp_9wpfnyv,line: 60     INFO | Iteration: 444 - Energy (kJ/mole): -1363637.9271887348
2026/03/19 05:36:34 tmp_9wpfnyv,line: 60     INFO | Iteration: 445 - Energy (kJ/mole): -1363578.825626231
2026/03/19 05:36:34 tmp_9wpfnyv,line: 60     INFO | Iteration: 446 - Energy (kJ/mole): -1363599.372501236
2026/03/19 05:36:34 tmp_9wpfnyv,line: 60     INFO | Iteration: 447 - Energy (kJ/mole): -1363441.7240637208
2026/03/19 05:36:35 tmp_9wpfnyv,line: 60     INFO | Iteration: 448 - Energy (kJ/mole): -1363667.7943762247
2026/03/19 05:36:35 tmp_9wpfnyv,line: 60     INFO | Iteration: 449 - Energy (kJ/mole): -1363823.5951574787
2026/03/19 05:36:35 tmp_9wpfnyv,line: 60     INFO | Iteration: 450 - Energy (kJ/mole): -1363980.7904699866
2026/03/19 05:36:35 tmp_9wpfnyv,line: 60     INFO | Iteration: 451 - Energy (kJ/mole): -1363881.5678137385
2026/03/19 05:36:35 tmp_9wpfnyv,line: 60     INFO | Iteration: 452 - Energy (kJ/mole): -1364098.0990637073
2026/03/19 05:36:35 tmp_9wpfnyv,line: 60     INFO | Iteration: 453 - Energy (kJ/mole): -1364133.8920324964
2026/03/19 05:36:35 tmp_9wpfnyv,line: 60     INFO | Iteration: 454 - Energy (kJ/mole): -1364097.3725012166
2026/03/19 05:36:35 tmp_9wpfnyv,line: 60     INFO | Iteration: 455 - Energy (kJ/mole): -1364322.048282462
2026/03/19 05:36:35 tmp_9wpfnyv,line: 60     INFO | Iteration: 456 - Energy (kJ/mole): -1364220.3178137103
2026/03/19 05:36:35 tmp_9wpfnyv,line: 60     INFO | Iteration: 457 - Energy (kJ/mole): -1364218.8100012175
2026/03/19 05:36:35 tmp_9wpfnyv,line: 60     INFO | Iteration: 458 - Energy (kJ/mole): -1364283.7435949843
2026/03/19 05:36:35 tmp_9wpfnyv,line: 60     INFO | Iteration: 459 - Energy (kJ/mole): -1364424.1850012068
2026/03/19 05:36:35 tmp_9wpfnyv,line: 60     INFO | Iteration: 460 - Energy (kJ/mole): -1364426.2475012268
2026/03/19 05:36:35 tmp_9wpfnyv,line: 60     INFO | Iteration: 461 - Energy (kJ/mole): -1364579.9310949612
2026/03/19 05:36:35 tmp_9wpfnyv,line: 60     INFO | Iteration: 462 - Energy (kJ/mole): -1364622.3021887306
2026/03/19 05:36:35 tmp_9wpfnyv,line: 60     INFO | Iteration: 463 - Energy (kJ/mole): -1364743.0170324757
2026/03/19 05:36:35 tmp_9wpfnyv,line: 60     INFO | Iteration: 464 - Energy (kJ/mole): -1364493.5131262087
2026/03/19 05:36:35 tmp_9wpfnyv,line: 60     INFO | Iteration: 465 - Energy (kJ/mole): -1364743.493594983
2026/03/19 05:36:35 tmp_9wpfnyv,line: 60     INFO | Iteration: 466 - Energy (kJ/mole): -1364867.21625119
2026/03/19 05:36:35 tmp_9wpfnyv,line: 60     INFO | Iteration: 467 - Energy (kJ/mole): -1364941.7670324557
2026/03/19 05:36:35 tmp_9wpfnyv,line: 60     INFO | Iteration: 468 - Energy (kJ/mole): -1365002.9467199815
2026/03/19 05:36:35 tmp_9wpfnyv,line: 60     INFO | Iteration: 469 - Energy (kJ/mole): -1365170.431094961
2026/03/19 05:36:35 tmp_9wpfnyv,line: 60     INFO | Iteration: 470 - Energy (kJ/mole): -1365073.3334387364
2026/03/19 05:36:35 tmp_9wpfnyv,line: 60     INFO | Iteration: 471 - Energy (kJ/mole): -1365025.43109494
2026/03/19 05:36:35 tmp_9wpfnyv,line: 60     INFO | Iteration: 472 - Energy (kJ/mole): -1365079.8803137094
2026/03/19 05:36:35 tmp_9wpfnyv,line: 60     INFO | Iteration: 473 - Energy (kJ/mole): -1364993.8920324645
2026/03/19 05:36:35 tmp_9wpfnyv,line: 60     INFO | Iteration: 474 - Energy (kJ/mole): -1365236.7826574643
2026/03/19 05:36:35 tmp_9wpfnyv,line: 60     INFO | Iteration: 475 - Energy (kJ/mole): -1365316.7709387005
2026/03/19 05:36:35 tmp_9wpfnyv,line: 60     INFO | Iteration: 476 - Energy (kJ/mole): -1365482.5287512431
2026/03/19 05:36:35 tmp_9wpfnyv,line: 60     INFO | Iteration: 477 - Energy (kJ/mole): -1365459.3060949417
2026/03/19 05:36:35 tmp_9wpfnyv,line: 60     INFO | Iteration: 478 - Energy (kJ/mole): -1365518.5951574843
2026/03/19 05:36:35 tmp_9wpfnyv,line: 60     INFO | Iteration: 479 - Energy (kJ/mole): -1365550.0326574552
2026/03/19 05:36:35 tmp_9wpfnyv,line: 60     INFO | Iteration: 480 - Energy (kJ/mole): -1365580.7396887178
2026/03/19 05:36:35 tmp_9wpfnyv,line: 60     INFO | Iteration: 481 - Energy (kJ/mole): -1365651.3920324447
2026/03/19 05:36:35 tmp_9wpfnyv,line: 60     INFO | Iteration: 482 - Energy (kJ/mole): -1365734.0795324687
2026/03/19 05:36:35 tmp_9wpfnyv,line: 60     INFO | Iteration: 483 - Energy (kJ/mole): -1365713.5014074969
2026/03/19 05:36:35 tmp_9wpfnyv,line: 60     INFO | Iteration: 484 - Energy (kJ/mole): -1365857.7045324512
2026/03/19 05:36:35 tmp_9wpfnyv,line: 60     INFO | Iteration: 485 - Energy (kJ/mole): -1365742.2201574573
2026/03/19 05:36:35 tmp_9wpfnyv,line: 60     INFO | Iteration: 486 - Energy (kJ/mole): -1365902.6381262378
2026/03/19 05:36:35 tmp_9wpfnyv,line: 60     INFO | Iteration: 487 - Energy (kJ/mole): -1366037.4818762508
2026/03/19 05:36:35 tmp_9wpfnyv,line: 60     INFO | Iteration: 488 - Energy (kJ/mole): -1366036.8178136824
2026/03/19 05:36:35 tmp_9wpfnyv,line: 60     INFO | Iteration: 489 - Energy (kJ/mole): -1366094.395938706
2026/03/19 05:36:35 tmp_9wpfnyv,line: 60     INFO | Iteration: 490 - Energy (kJ/mole): -1366114.7787512008
2026/03/19 05:36:35 tmp_9wpfnyv,line: 60     INFO | Iteration: 491 - Energy (kJ/mole): -1366291.2631262357
2026/03/19 05:36:35 tmp_9wpfnyv,line: 60     INFO | Iteration: 492 - Energy (kJ/mole): -1366291.1967199766
2026/03/19 05:36:35 tmp_9wpfnyv,line: 60     INFO | Iteration: 493 - Energy (kJ/mole): -1366331.583438715
2026/03/19 05:36:35 tmp_9wpfnyv,line: 60     INFO | Iteration: 494 - Energy (kJ/mole): -1366323.3060949687
2026/03/19 05:36:35 tmp_9wpfnyv,line: 60     INFO | Iteration: 495 - Energy (kJ/mole): -1366313.5131262445
2026/03/19 05:36:35 tmp_9wpfnyv,line: 60     INFO | Iteration: 496 - Energy (kJ/mole): -1366452.0560949803
2026/03/19 05:36:35 tmp_9wpfnyv,line: 60     INFO | Iteration: 497 - Energy (kJ/mole): -1366242.7006262406
2026/03/19 05:36:35 tmp_9wpfnyv,line: 60     INFO | Iteration: 498 - Energy (kJ/mole): -1366465.981876213
2026/03/19 05:36:35 tmp_9wpfnyv,line: 60     INFO | Iteration: 499 - Energy (kJ/mole): -1366625.352969961
2026/03/19 05:36:35 tmp_9wpfnyv,line: 60     INFO | Iteration: 0 - Energy (kJ/mole): -669631.1107824676
2026/03/19 05:36:35 tmp_9wpfnyv,line: 60     INFO | Iteration: 1 - Energy (kJ/mole): -682372.0443762338
2026/03/19 05:36:35 tmp_9wpfnyv,line: 60     INFO | Iteration: 2 - Energy (kJ/mole): -711558.4252355971
2026/03/19 05:36:35 tmp_9wpfnyv,line: 60     INFO | Iteration: 3 - Energy (kJ/mole): -747621.2748449676
2026/03/19 05:36:35 tmp_9wpfnyv,line: 60     INFO | Iteration: 4 - Energy (kJ/mole): -801263.2787512315
2026/03/19 05:36:35 tmp_9wpfnyv,line: 60     INFO | Iteration: 5 - Energy (kJ/mole): -831322.3588293513
2026/03/19 05:36:35 tmp_9wpfnyv,line: 60     INFO | Iteration: 6 - Energy (kJ/mole): -832327.2670324674
2026/03/19 05:36:35 tmp_9wpfnyv,line: 60     INFO | Iteration: 7 - Energy (kJ/mole): -836036.9428137132
2026/03/19 05:36:35 tmp_9wpfnyv,line: 60     INFO | Iteration: 8 - Energy (kJ/mole): -842775.4701574692
2026/03/19 05:36:35 tmp_9wpfnyv,line: 60     INFO | Iteration: 9 - Energy (kJ/mole): -853736.3295324645
2026/03/19 05:36:35 tmp_9wpfnyv,line: 60     INFO | Iteration: 10 - Energy (kJ/mole): -877848.0658605993
2026/03/19 05:36:35 tmp_9wpfnyv,line: 60     INFO | Iteration: 11 - Energy (kJ/mole): -891709.3900793473
2026/03/19 05:36:35 tmp_9wpfnyv,line: 60     INFO | Iteration: 12 - Energy (kJ/mole): -904390.286563723
2026/03/19 05:36:35 tmp_9wpfnyv,line: 60     INFO | Iteration: 13 - Energy (kJ/mole): -910936.6185949694
2026/03/19 05:36:35 tmp_9wpfnyv,line: 60     INFO | Iteration: 14 - Energy (kJ/mole): -913825.6088293428
2026/03/19 05:36:35 tmp_9wpfnyv,line: 60     INFO | Iteration: 15 - Energy (kJ/mole): -916320.9408605978
2026/03/19 05:36:35 tmp_9wpfnyv,line: 60     INFO | Iteration: 16 - Energy (kJ/mole): -921272.2631262162
2026/03/19 05:36:35 tmp_9wpfnyv,line: 60     INFO | Iteration: 17 - Energy (kJ/mole): -934511.1596105954
2026/03/19 05:36:35 tmp_9wpfnyv,line: 60     INFO | Iteration: 18 - Energy (kJ/mole): -943212.3256262166
2026/03/19 05:36:35 tmp_9wpfnyv,line: 60     INFO | Iteration: 19 - Energy (kJ/mole): -944251.8236730946
2026/03/19 05:36:35 tmp_9wpfnyv,line: 60     INFO | Iteration: 20 - Energy (kJ/mole): -946616.0912512218
2026/03/19 05:36:35 tmp_9wpfnyv,line: 60     INFO | Iteration: 21 - Energy (kJ/mole): -951880.3373449701
2026/03/19 05:36:35 tmp_9wpfnyv,line: 60     INFO | Iteration: 22 - Energy (kJ/mole): -959255.7650793436
2026/03/19 05:36:36 tmp_9wpfnyv,line: 60     INFO | Iteration: 23 - Energy (kJ/mole): -973608.8392980851
2026/03/19 05:36:36 tmp_9wpfnyv,line: 60     INFO | Iteration: 24 - Energy (kJ/mole): -978725.6537512373
2026/03/19 05:36:36 tmp_9wpfnyv,line: 60     INFO | Iteration: 25 - Energy (kJ/mole): -981312.5932043296
2026/03/19 05:36:36 tmp_9wpfnyv,line: 60     INFO | Iteration: 26 - Energy (kJ/mole): -984265.4896887059
2026/03/19 05:36:36 tmp_9wpfnyv,line: 60     INFO | Iteration: 27 - Energy (kJ/mole): -987269.8685949636
2026/03/19 05:36:36 tmp_9wpfnyv,line: 60     INFO | Iteration: 28 - Energy (kJ/mole): -992246.6928137115
2026/03/19 05:36:36 tmp_9wpfnyv,line: 60     INFO | Iteration: 29 - Energy (kJ/mole): -1003697.7553137344
2026/03/19 05:36:36 tmp_9wpfnyv,line: 60     INFO | Iteration: 30 - Energy (kJ/mole): -1008655.8607824654
2026/03/19 05:36:36 tmp_9wpfnyv,line: 60     INFO | Iteration: 31 - Energy (kJ/mole): -1007604.2025793336
2026/03/19 05:36:36 tmp_9wpfnyv,line: 60     INFO | Iteration: 32 - Energy (kJ/mole): -1007671.4525793345
2026/03/19 05:36:36 tmp_9wpfnyv,line: 60     INFO | Iteration: 33 - Energy (kJ/mole): -1008758.4271887258
2026/03/19 05:36:36 tmp_9wpfnyv,line: 60     INFO | Iteration: 34 - Energy (kJ/mole): -1012938.4330480995
2026/03/19 05:36:36 tmp_9wpfnyv,line: 60     INFO | Iteration: 35 - Energy (kJ/mole): -1019493.0111730916
2026/03/19 05:36:36 tmp_9wpfnyv,line: 60     INFO | Iteration: 36 - Energy (kJ/mole): -1021803.698673116
2026/03/19 05:36:36 tmp_9wpfnyv,line: 60     INFO | Iteration: 37 - Energy (kJ/mole): -1023497.0307043394
2026/03/19 05:36:36 tmp_9wpfnyv,line: 60     INFO | Iteration: 38 - Energy (kJ/mole): -1027278.5658605889
2026/03/19 05:36:36 tmp_9wpfnyv,line: 60     INFO | Iteration: 39 - Energy (kJ/mole): -1027870.1107824756
2026/03/19 05:36:36 tmp_9wpfnyv,line: 60     INFO | Iteration: 40 - Energy (kJ/mole): -1029614.3803137161
2026/03/19 05:36:36 tmp_9wpfnyv,line: 60     INFO | Iteration: 41 - Energy (kJ/mole): -1033436.2592199702
2026/03/19 05:36:36 tmp_9wpfnyv,line: 60     INFO | Iteration: 42 - Energy (kJ/mole): -1037106.6752355893
2026/03/19 05:36:36 tmp_9wpfnyv,line: 60     INFO | Iteration: 43 - Energy (kJ/mole): -1040022.0170324577
2026/03/19 05:36:36 tmp_9wpfnyv,line: 60     INFO | Iteration: 44 - Energy (kJ/mole): -1040531.214298099
2026/03/19 05:36:36 tmp_9wpfnyv,line: 60     INFO | Iteration: 45 - Energy (kJ/mole): -1042461.073673092
2026/03/19 05:36:36 tmp_9wpfnyv,line: 60     INFO | Iteration: 46 - Energy (kJ/mole): -1046729.0951574738
2026/03/19 05:36:36 tmp_9wpfnyv,line: 60     INFO | Iteration: 47 - Energy (kJ/mole): -1051113.7201574517
2026/03/19 05:36:36 tmp_9wpfnyv,line: 60     INFO | Iteration: 48 - Energy (kJ/mole): -1054288.4799230918
2026/03/19 05:36:36 tmp_9wpfnyv,line: 60     INFO | Iteration: 49 - Energy (kJ/mole): -1055244.1752355795
2026/03/19 05:36:36 tmp_9wpfnyv,line: 60     INFO | Iteration: 50 - Energy (kJ/mole): -1056979.7728918449
2026/03/19 05:36:36 tmp_9wpfnyv,line: 60     INFO | Iteration: 51 - Energy (kJ/mole): -1059267.7865637161
2026/03/19 05:36:36 tmp_9wpfnyv,line: 60     INFO | Iteration: 52 - Energy (kJ/mole): -1064530.7318762308
2026/03/19 05:36:36 tmp_9wpfnyv,line: 60     INFO | Iteration: 53 - Energy (kJ/mole): -1067123.5170324778
2026/03/19 05:36:36 tmp_9wpfnyv,line: 60     INFO | Iteration: 54 - Energy (kJ/mole): -1067785.5834387068
2026/03/19 05:36:36 tmp_9wpfnyv,line: 60     INFO | Iteration: 55 - Energy (kJ/mole): -1068393.3139074643
2026/03/19 05:36:36 tmp_9wpfnyv,line: 60     INFO | Iteration: 56 - Energy (kJ/mole): -1070006.5131261987
2026/03/19 05:36:36 tmp_9wpfnyv,line: 60     INFO | Iteration: 57 - Energy (kJ/mole): -1073691.6986730613
2026/03/19 05:36:36 tmp_9wpfnyv,line: 60     INFO | Iteration: 58 - Energy (kJ/mole): -1075948.5795324673
2026/03/19 05:36:36 tmp_9wpfnyv,line: 60     INFO | Iteration: 59 - Energy (kJ/mole): -1076713.718204394
2026/03/19 05:36:36 tmp_9wpfnyv,line: 60     INFO | Iteration: 60 - Energy (kJ/mole): -1077704.7084387024
2026/03/19 05:36:36 tmp_9wpfnyv,line: 60     INFO | Iteration: 61 - Energy (kJ/mole): -1078018.01898561
2026/03/19 05:36:36 tmp_9wpfnyv,line: 60     INFO | Iteration: 62 - Energy (kJ/mole): -1079184.1557043602
2026/03/19 05:36:36 tmp_9wpfnyv,line: 60     INFO | Iteration: 63 - Energy (kJ/mole): -1082176.7201574724
2026/03/19 05:36:36 tmp_9wpfnyv,line: 60     INFO | Iteration: 64 - Energy (kJ/mole): -1085303.194766847
2026/03/19 05:36:36 tmp_9wpfnyv,line: 60     INFO | Iteration: 65 - Energy (kJ/mole): -1087926.6088293607
2026/03/19 05:36:36 tmp_9wpfnyv,line: 60     INFO | Iteration: 66 - Energy (kJ/mole): -1089140.7435949745
2026/03/19 05:36:36 tmp_9wpfnyv,line: 60     INFO | Iteration: 67 - Energy (kJ/mole): -1089984.0267980983
2026/03/19 05:36:36 tmp_9wpfnyv,line: 60     INFO | Iteration: 68 - Energy (kJ/mole): -1092626.1674231149
2026/03/19 05:36:36 tmp_9wpfnyv,line: 60     INFO | Iteration: 69 - Energy (kJ/mole): -1094300.5111730702
2026/03/19 05:36:36 tmp_9wpfnyv,line: 60     INFO | Iteration: 70 - Energy (kJ/mole): -1096228.9057043046
2026/03/19 05:36:36 tmp_9wpfnyv,line: 60     INFO | Iteration: 71 - Energy (kJ/mole): -1097591.1010168677
2026/03/19 05:36:36 tmp_9wpfnyv,line: 60     INFO | Iteration: 72 - Energy (kJ/mole): -1098736.3373449745
2026/03/19 05:36:36 tmp_9wpfnyv,line: 60     INFO | Iteration: 73 - Energy (kJ/mole): -1099842.6146887075
2026/03/19 05:36:36 tmp_9wpfnyv,line: 60     INFO | Iteration: 74 - Energy (kJ/mole): -1100678.058048082
2026/03/19 05:36:36 tmp_9wpfnyv,line: 60     INFO | Iteration: 75 - Energy (kJ/mole): -1101556.0619543232
2026/03/19 05:36:36 tmp_9wpfnyv,line: 60     INFO | Iteration: 76 - Energy (kJ/mole): -1103025.9799230932
2026/03/19 05:36:36 tmp_9wpfnyv,line: 60     INFO | Iteration: 77 - Energy (kJ/mole): -1105475.7045325057
2026/03/19 05:36:36 tmp_9wpfnyv,line: 60     INFO | Iteration: 78 - Energy (kJ/mole): -1107513.2299231081
2026/03/19 05:36:36 tmp_9wpfnyv,line: 60     INFO | Iteration: 79 - Energy (kJ/mole): -1108169.011173079
2026/03/19 05:36:36 tmp_9wpfnyv,line: 60     INFO | Iteration: 80 - Energy (kJ/mole): -1108001.497501225
2026/03/19 05:36:36 tmp_9wpfnyv,line: 60     INFO | Iteration: 81 - Energy (kJ/mole): -1108299.2963293605
2026/03/19 05:36:36 tmp_9wpfnyv,line: 60     INFO | Iteration: 82 - Energy (kJ/mole): -1109031.683048061
2026/03/19 05:36:36 tmp_9wpfnyv,line: 60     INFO | Iteration: 83 - Energy (kJ/mole): -1111153.2494543702
2026/03/19 05:36:36 tmp_9wpfnyv,line: 60     INFO | Iteration: 84 - Energy (kJ/mole): -1112958.935001235
2026/03/19 05:36:36 tmp_9wpfnyv,line: 60     INFO | Iteration: 85 - Energy (kJ/mole): -1113750.4935949536
2026/03/19 05:36:36 tmp_9wpfnyv,line: 60     INFO | Iteration: 86 - Energy (kJ/mole): -1114617.1049231004
2026/03/19 05:36:36 tmp_9wpfnyv,line: 60     INFO | Iteration: 87 - Energy (kJ/mole): -1115590.1810949603
2026/03/19 05:36:36 tmp_9wpfnyv,line: 60     INFO | Iteration: 88 - Energy (kJ/mole): -1117511.6850012376
2026/03/19 05:36:36 tmp_9wpfnyv,line: 60     INFO | Iteration: 89 - Energy (kJ/mole): -1118125.0248449615
2026/03/19 05:36:36 tmp_9wpfnyv,line: 60     INFO | Iteration: 90 - Energy (kJ/mole): -1118785.9135168323
2026/03/19 05:36:36 tmp_9wpfnyv,line: 60     INFO | Iteration: 91 - Energy (kJ/mole): -1119396.8041418425
2026/03/19 05:36:36 tmp_9wpfnyv,line: 60     INFO | Iteration: 92 - Energy (kJ/mole): -1119629.7943762091
2026/03/19 05:36:36 tmp_9wpfnyv,line: 60     INFO | Iteration: 93 - Energy (kJ/mole): -1120604.171329316
2026/03/19 05:36:36 tmp_9wpfnyv,line: 60     INFO | Iteration: 94 - Energy (kJ/mole): -1121855.6478918176
2026/03/19 05:36:36 tmp_9wpfnyv,line: 60     INFO | Iteration: 95 - Energy (kJ/mole): -1123676.21039185
2026/03/19 05:36:36 tmp_9wpfnyv,line: 60     INFO | Iteration: 96 - Energy (kJ/mole): -1123983.0560949491
2026/03/19 05:36:36 tmp_9wpfnyv,line: 60     INFO | Iteration: 97 - Energy (kJ/mole): -1124536.7924230674
2026/03/19 05:36:36 tmp_9wpfnyv,line: 60     INFO | Iteration: 98 - Energy (kJ/mole): -1125887.2709387143
2026/03/19 05:36:36 tmp_9wpfnyv,line: 60     INFO | Iteration: 99 - Energy (kJ/mole): -1127098.5717199596
2026/03/19 05:36:37 tmp_9wpfnyv,line: 60     INFO | Iteration: 100 - Energy (kJ/mole): -1127839.0326574664
2026/03/19 05:36:37 tmp_9wpfnyv,line: 60     INFO | Iteration: 101 - Energy (kJ/mole): -1128486.022891838
2026/03/19 05:36:37 tmp_9wpfnyv,line: 60     INFO | Iteration: 102 - Energy (kJ/mole): -1128781.155704355
2026/03/19 05:36:37 tmp_9wpfnyv,line: 60     INFO | Iteration: 103 - Energy (kJ/mole): -1129504.8060949682
2026/03/19 05:36:37 tmp_9wpfnyv,line: 60     INFO | Iteration: 104 - Energy (kJ/mole): -1130116.3568762147
2026/03/19 05:36:37 tmp_9wpfnyv,line: 60     INFO | Iteration: 105 - Energy (kJ/mole): -1130876.8959387522
2026/03/19 05:36:37 tmp_9wpfnyv,line: 60     INFO | Iteration: 106 - Energy (kJ/mole): -1132716.9935949782
2026/03/19 05:36:37 tmp_9wpfnyv,line: 60     INFO | Iteration: 107 - Energy (kJ/mole): -1133880.2142980755
2026/03/19 05:36:37 tmp_9wpfnyv,line: 60     INFO | Iteration: 108 - Energy (kJ/mole): -1135225.929141862
2026/03/19 05:36:37 tmp_9wpfnyv,line: 60     INFO | Iteration: 109 - Energy (kJ/mole): -1134867.8471105858
2026/03/19 05:36:37 tmp_9wpfnyv,line: 60     INFO | Iteration: 110 - Energy (kJ/mole): -1134851.3412511898
2026/03/19 05:36:37 tmp_9wpfnyv,line: 60     INFO | Iteration: 111 - Energy (kJ/mole): -1135081.2748449782
2026/03/19 05:36:37 tmp_9wpfnyv,line: 60     INFO | Iteration: 112 - Energy (kJ/mole): -1135833.671329284
2026/03/19 05:36:37 tmp_9wpfnyv,line: 60     INFO | Iteration: 113 - Energy (kJ/mole): -1137649.5678137434
2026/03/19 05:36:37 tmp_9wpfnyv,line: 60     INFO | Iteration: 114 - Energy (kJ/mole): -1138305.0228918358
2026/03/19 05:36:37 tmp_9wpfnyv,line: 60     INFO | Iteration: 115 - Energy (kJ/mole): -1139177.9955481214
2026/03/19 05:36:37 tmp_9wpfnyv,line: 60     INFO | Iteration: 116 - Energy (kJ/mole): -1139656.4252356046
2026/03/19 05:36:37 tmp_9wpfnyv,line: 60     INFO | Iteration: 117 - Energy (kJ/mole): -1140140.2221105706
2026/03/19 05:36:37 tmp_9wpfnyv,line: 60     INFO | Iteration: 118 - Energy (kJ/mole): -1141120.3432043435
2026/03/19 05:36:37 tmp_9wpfnyv,line: 60     INFO | Iteration: 119 - Energy (kJ/mole): -1142521.1732824794
2026/03/19 05:36:37 tmp_9wpfnyv,line: 60     INFO | Iteration: 120 - Energy (kJ/mole): -1142740.3158606028
2026/03/19 05:36:37 tmp_9wpfnyv,line: 60     INFO | Iteration: 121 - Energy (kJ/mole): -1142933.972110602
2026/03/19 05:36:37 tmp_9wpfnyv,line: 60     INFO | Iteration: 122 - Energy (kJ/mole): -1143496.5053136977
2026/03/19 05:36:37 tmp_9wpfnyv,line: 60     INFO | Iteration: 123 - Energy (kJ/mole): -1143993.38031371
2026/03/19 05:36:37 tmp_9wpfnyv,line: 60     INFO | Iteration: 124 - Energy (kJ/mole): -1145487.0736731063
2026/03/19 05:36:37 tmp_9wpfnyv,line: 60     INFO | Iteration: 125 - Energy (kJ/mole): -1145506.7240637029
2026/03/19 05:36:37 tmp_9wpfnyv,line: 60     INFO | Iteration: 126 - Energy (kJ/mole): -1145800.5443761998
2026/03/19 05:36:37 tmp_9wpfnyv,line: 60     INFO | Iteration: 127 - Energy (kJ/mole): -1146045.5756262077
2026/03/19 05:36:37 tmp_9wpfnyv,line: 60     INFO | Iteration: 128 - Energy (kJ/mole): -1146795.5814856053
2026/03/19 05:36:37 tmp_9wpfnyv,line: 60     INFO | Iteration: 129 - Energy (kJ/mole): -1147771.585391855
2026/03/19 05:36:37 tmp_9wpfnyv,line: 60     INFO | Iteration: 130 - Energy (kJ/mole): -1149301.245548113
2026/03/19 05:36:37 tmp_9wpfnyv,line: 60     INFO | Iteration: 131 - Energy (kJ/mole): -1149226.4682043346
2026/03/19 05:36:37 tmp_9wpfnyv,line: 60     INFO | Iteration: 132 - Energy (kJ/mole): -1149525.7807043307
2026/03/19 05:36:37 tmp_9wpfnyv,line: 60     INFO | Iteration: 133 - Energy (kJ/mole): -1149963.4525793141
2026/03/19 05:36:37 tmp_9wpfnyv,line: 60     INFO | Iteration: 134 - Energy (kJ/mole): -1150658.3822668325
2026/03/19 05:36:37 tmp_9wpfnyv,line: 60     INFO | Iteration: 135 - Energy (kJ/mole): -1150962.8842199936
2026/03/19 05:36:37 tmp_9wpfnyv,line: 60     INFO | Iteration: 136 - Energy (kJ/mole): -1151278.7162512047
2026/03/19 05:36:37 tmp_9wpfnyv,line: 60     INFO | Iteration: 137 - Energy (kJ/mole): -1151793.2182043686
2026/03/19 05:36:37 tmp_9wpfnyv,line: 60     INFO | Iteration: 138 - Energy (kJ/mole): -1152695.6693762208
2026/03/19 05:36:37 tmp_9wpfnyv,line: 60     INFO | Iteration: 139 - Energy (kJ/mole): -1153825.6654699263
2026/03/19 05:36:37 tmp_9wpfnyv,line: 60     INFO | Iteration: 140 - Energy (kJ/mole): -1154228.0775793293
2026/03/19 05:36:37 tmp_9wpfnyv,line: 60     INFO | Iteration: 141 - Energy (kJ/mole): -1154592.913516862
2026/03/19 05:36:37 tmp_9wpfnyv,line: 60     INFO | Iteration: 142 - Energy (kJ/mole): -1155290.6088293302
2026/03/19 05:36:37 tmp_9wpfnyv,line: 60     INFO | Iteration: 143 - Energy (kJ/mole): -1156399.7025793546
2026/03/19 05:36:37 tmp_9wpfnyv,line: 60     INFO | Iteration: 144 - Energy (kJ/mole): -1157618.606876232
2026/03/19 05:36:37 tmp_9wpfnyv,line: 60     INFO | Iteration: 145 - Energy (kJ/mole): -1157812.9350012208
2026/03/19 05:36:37 tmp_9wpfnyv,line: 60     INFO | Iteration: 146 - Energy (kJ/mole): -1158091.2064856114
2026/03/19 05:36:37 tmp_9wpfnyv,line: 60     INFO | Iteration: 147 - Energy (kJ/mole): -1158494.5756262229
2026/03/19 05:36:37 tmp_9wpfnyv,line: 60     INFO | Iteration: 148 - Energy (kJ/mole): -1160040.810001212
2026/03/19 05:36:37 tmp_9wpfnyv,line: 60     INFO | Iteration: 149 - Energy (kJ/mole): -1160838.9682043279
2026/03/19 05:36:37 tmp_9wpfnyv,line: 60     INFO | Iteration: 150 - Energy (kJ/mole): -1160982.2689855979
2026/03/19 05:36:37 tmp_9wpfnyv,line: 60     INFO | Iteration: 151 - Energy (kJ/mole): -1161223.411563717
2026/03/19 05:36:37 tmp_9wpfnyv,line: 60     INFO | Iteration: 152 - Energy (kJ/mole): -1161628.4291418523
2026/03/19 05:36:37 tmp_9wpfnyv,line: 60     INFO | Iteration: 153 - Energy (kJ/mole): -1162617.7533605986
2026/03/19 05:36:37 tmp_9wpfnyv,line: 60     INFO | Iteration: 154 - Energy (kJ/mole): -1163354.386173109
2026/03/19 05:36:37 tmp_9wpfnyv,line: 60     INFO | Iteration: 155 - Energy (kJ/mole): -1163847.4096106132
2026/03/19 05:36:37 tmp_9wpfnyv,line: 60     INFO | Iteration: 156 - Energy (kJ/mole): -1164221.2396887285
2026/03/19 05:36:37 tmp_9wpfnyv,line: 60     INFO | Iteration: 157 - Energy (kJ/mole): -1164313.026798064
2026/03/19 05:36:37 tmp_9wpfnyv,line: 60     INFO | Iteration: 158 - Energy (kJ/mole): -1164853.1674230837
2026/03/19 05:36:37 tmp_9wpfnyv,line: 60     INFO | Iteration: 159 - Energy (kJ/mole): -1165535.9584387366
2026/03/19 05:36:37 tmp_9wpfnyv,line: 60     INFO | Iteration: 160 - Energy (kJ/mole): -1166722.788516839
2026/03/19 05:36:37 tmp_9wpfnyv,line: 60     INFO | Iteration: 161 - Energy (kJ/mole): -1166817.6791418532
2026/03/19 05:36:37 tmp_9wpfnyv,line: 60     INFO | Iteration: 162 - Energy (kJ/mole): -1166885.7670324617
2026/03/19 05:36:37 tmp_9wpfnyv,line: 60     INFO | Iteration: 163 - Energy (kJ/mole): -1167222.7377355923
2026/03/19 05:36:37 tmp_9wpfnyv,line: 60     INFO | Iteration: 164 - Energy (kJ/mole): -1167869.2826574582
2026/03/19 05:36:37 tmp_9wpfnyv,line: 60     INFO | Iteration: 165 - Energy (kJ/mole): -1168676.7064855625
2026/03/19 05:36:37 tmp_9wpfnyv,line: 60     INFO | Iteration: 166 - Energy (kJ/mole): -1168766.2631262327
2026/03/19 05:36:37 tmp_9wpfnyv,line: 60     INFO | Iteration: 167 - Energy (kJ/mole): -1169055.5541418516
2026/03/19 05:36:37 tmp_9wpfnyv,line: 60     INFO | Iteration: 168 - Energy (kJ/mole): -1169618.1127356088
2026/03/19 05:36:37 tmp_9wpfnyv,line: 60     INFO | Iteration: 169 - Energy (kJ/mole): -1170263.8119543479
2026/03/19 05:36:37 tmp_9wpfnyv,line: 60     INFO | Iteration: 170 - Energy (kJ/mole): -1170398.4486731219
2026/03/19 05:36:37 tmp_9wpfnyv,line: 60     INFO | Iteration: 171 - Energy (kJ/mole): -1170677.43109497
2026/03/19 05:36:37 tmp_9wpfnyv,line: 60     INFO | Iteration: 172 - Energy (kJ/mole): -1171200.7924231093
2026/03/19 05:36:37 tmp_9wpfnyv,line: 60     INFO | Iteration: 173 - Energy (kJ/mole): -1171942.6908605804
2026/03/19 05:36:37 tmp_9wpfnyv,line: 60     INFO | Iteration: 174 - Energy (kJ/mole): -1172774.0443762238
2026/03/19 05:36:37 tmp_9wpfnyv,line: 60     INFO | Iteration: 175 - Energy (kJ/mole): -1172779.860782449
2026/03/19 05:36:38 tmp_9wpfnyv,line: 60     INFO | Iteration: 176 - Energy (kJ/mole): -1172973.503360605
2026/03/19 05:36:38 tmp_9wpfnyv,line: 60     INFO | Iteration: 177 - Energy (kJ/mole): -1173263.7025793064
2026/03/19 05:36:38 tmp_9wpfnyv,line: 60     INFO | Iteration: 178 - Energy (kJ/mole): -1173959.5014074817
2026/03/19 05:36:38 tmp_9wpfnyv,line: 60     INFO | Iteration: 179 - Energy (kJ/mole): -1175042.655704364
2026/03/19 05:36:38 tmp_9wpfnyv,line: 60     INFO | Iteration: 180 - Energy (kJ/mole): -1174944.6986731037
2026/03/19 05:36:38 tmp_9wpfnyv,line: 60     INFO | Iteration: 181 - Energy (kJ/mole): -1174958.7787512282
2026/03/19 05:36:38 tmp_9wpfnyv,line: 60     INFO | Iteration: 182 - Energy (kJ/mole): -1175091.0131262112
2026/03/19 05:36:38 tmp_9wpfnyv,line: 60     INFO | Iteration: 183 - Energy (kJ/mole): -1175319.7865637166
2026/03/19 05:36:38 tmp_9wpfnyv,line: 60     INFO | Iteration: 184 - Energy (kJ/mole): -1176275.9662511803
2026/03/19 05:36:38 tmp_9wpfnyv,line: 60     INFO | Iteration: 185 - Energy (kJ/mole): -1176456.3100012115
2026/03/19 05:36:38 tmp_9wpfnyv,line: 60     INFO | Iteration: 186 - Energy (kJ/mole): -1176619.8060949796
2026/03/19 05:36:38 tmp_9wpfnyv,line: 60     INFO | Iteration: 187 - Energy (kJ/mole): -1176954.665469954
2026/03/19 05:36:38 tmp_9wpfnyv,line: 60     INFO | Iteration: 188 - Energy (kJ/mole): -1177092.9701574855
2026/03/19 05:36:38 tmp_9wpfnyv,line: 60     INFO | Iteration: 189 - Energy (kJ/mole): -1177468.6771887254
2026/03/19 05:36:38 tmp_9wpfnyv,line: 60     INFO | Iteration: 190 - Energy (kJ/mole): -1178373.54632934
2026/03/19 05:36:38 tmp_9wpfnyv,line: 60     INFO | Iteration: 191 - Energy (kJ/mole): -1178663.2084387257
2026/03/19 05:36:38 tmp_9wpfnyv,line: 60     INFO | Iteration: 192 - Energy (kJ/mole): -1178649.0853918337
2026/03/19 05:36:38 tmp_9wpfnyv,line: 60     INFO | Iteration: 193 - Energy (kJ/mole): -1178787.743595005
2026/03/19 05:36:38 tmp_9wpfnyv,line: 60     INFO | Iteration: 194 - Energy (kJ/mole): -1179025.851016844
2026/03/19 05:36:38 tmp_9wpfnyv,line: 60     INFO | Iteration: 195 - Energy (kJ/mole): -1179542.8100012103
2026/03/19 05:36:38 tmp_9wpfnyv,line: 60     INFO | Iteration: 196 - Energy (kJ/mole): -1180393.8900793549
2026/03/19 05:36:38 tmp_9wpfnyv,line: 60     INFO | Iteration: 197 - Energy (kJ/mole): -1180341.0971106016
2026/03/19 05:36:38 tmp_9wpfnyv,line: 60     INFO | Iteration: 198 - Energy (kJ/mole): -1180543.7846105914
2026/03/19 05:36:38 tmp_9wpfnyv,line: 60     INFO | Iteration: 199 - Energy (kJ/mole): -1180821.6146887194
2026/03/19 05:36:38 tmp_9wpfnyv,line: 60     INFO | Iteration: 200 - Energy (kJ/mole): -1181495.3666418106
2026/03/19 05:36:38 tmp_9wpfnyv,line: 60     INFO | Iteration: 201 - Energy (kJ/mole): -1182012.4232824708
2026/03/19 05:36:38 tmp_9wpfnyv,line: 60     INFO | Iteration: 202 - Energy (kJ/mole): -1182186.3529699629
2026/03/19 05:36:38 tmp_9wpfnyv,line: 60     INFO | Iteration: 203 - Energy (kJ/mole): -1182481.8021887252
2026/03/19 05:36:38 tmp_9wpfnyv,line: 60     INFO | Iteration: 204 - Energy (kJ/mole): -1182535.9838293619
2026/03/19 05:36:38 tmp_9wpfnyv,line: 60     INFO | Iteration: 205 - Energy (kJ/mole): -1182800.7924230858
2026/03/19 05:36:38 tmp_9wpfnyv,line: 60     INFO | Iteration: 206 - Energy (kJ/mole): -1183839.3842199654
2026/03/19 05:36:38 tmp_9wpfnyv,line: 60     INFO | Iteration: 207 - Energy (kJ/mole): -1184336.931094955
2026/03/19 05:36:38 tmp_9wpfnyv,line: 60     INFO | Iteration: 208 - Energy (kJ/mole): -1184469.4310949512
2026/03/19 05:36:38 tmp_9wpfnyv,line: 60     INFO | Iteration: 209 - Energy (kJ/mole): -1184754.4369543465
2026/03/19 05:36:38 tmp_9wpfnyv,line: 60     INFO | Iteration: 210 - Energy (kJ/mole): -1185481.7787512282
2026/03/19 05:36:38 tmp_9wpfnyv,line: 60     INFO | Iteration: 211 - Energy (kJ/mole): -1186057.7045324733
2026/03/19 05:36:38 tmp_9wpfnyv,line: 60     INFO | Iteration: 212 - Energy (kJ/mole): -1186375.5853918472
2026/03/19 05:36:38 tmp_9wpfnyv,line: 60     INFO | Iteration: 213 - Energy (kJ/mole): -1186265.2592199743
2026/03/19 05:36:38 tmp_9wpfnyv,line: 60     INFO | Iteration: 214 - Energy (kJ/mole): -1186408.3471106153
2026/03/19 05:36:38 tmp_9wpfnyv,line: 60     INFO | Iteration: 215 - Energy (kJ/mole): -1186607.05023559
2026/03/19 05:36:38 tmp_9wpfnyv,line: 60     INFO | Iteration: 216 - Energy (kJ/mole): -1187077.3197668712
2026/03/19 05:36:38 tmp_9wpfnyv,line: 60     INFO | Iteration: 217 - Energy (kJ/mole): -1187948.3529699945
2026/03/19 05:36:38 tmp_9wpfnyv,line: 60     INFO | Iteration: 218 - Energy (kJ/mole): -1188169.058048095
2026/03/19 05:36:38 tmp_9wpfnyv,line: 60     INFO | Iteration: 219 - Energy (kJ/mole): -1188248.0932043442
2026/03/19 05:36:38 tmp_9wpfnyv,line: 60     INFO | Iteration: 220 - Energy (kJ/mole): -1188570.7553137424
2026/03/19 05:36:38 tmp_9wpfnyv,line: 60     INFO | Iteration: 221 - Energy (kJ/mole): -1188888.642032465
2026/03/19 05:36:38 tmp_9wpfnyv,line: 60     INFO | Iteration: 222 - Energy (kJ/mole): -1189986.6068762152
2026/03/19 05:36:38 tmp_9wpfnyv,line: 60     INFO | Iteration: 223 - Energy (kJ/mole): -1190986.608829362
2026/03/19 05:36:38 tmp_9wpfnyv,line: 60     INFO | Iteration: 224 - Energy (kJ/mole): -1191224.4701574657
2026/03/19 05:36:38 tmp_9wpfnyv,line: 60     INFO | Iteration: 225 - Energy (kJ/mole): -1191141.5873449466
2026/03/19 05:36:38 tmp_9wpfnyv,line: 60     INFO | Iteration: 226 - Energy (kJ/mole): -1191234.1107824673
2026/03/19 05:36:38 tmp_9wpfnyv,line: 60     INFO | Iteration: 227 - Energy (kJ/mole): -1191381.1850012364
2026/03/19 05:36:38 tmp_9wpfnyv,line: 60     INFO | Iteration: 228 - Energy (kJ/mole): -1191713.5560949687
2026/03/19 05:36:38 tmp_9wpfnyv,line: 60     INFO | Iteration: 229 - Energy (kJ/mole): -1192732.98773559
2026/03/19 05:36:38 tmp_9wpfnyv,line: 60     INFO | Iteration: 230 - Energy (kJ/mole): -1192737.8080480911
2026/03/19 05:36:38 tmp_9wpfnyv,line: 60     INFO | Iteration: 231 - Energy (kJ/mole): -1192954.0873449845
2026/03/19 05:36:38 tmp_9wpfnyv,line: 60     INFO | Iteration: 232 - Energy (kJ/mole): -1193302.9193762136
2026/03/19 05:36:38 tmp_9wpfnyv,line: 60     INFO | Iteration: 233 - Energy (kJ/mole): -1193712.8646887413
2026/03/19 05:36:38 tmp_9wpfnyv,line: 60     INFO | Iteration: 234 - Energy (kJ/mole): -1194701.4545324342
2026/03/19 05:36:38 tmp_9wpfnyv,line: 60     INFO | Iteration: 235 - Energy (kJ/mole): -1195181.3295324675
2026/03/19 05:36:38 tmp_9wpfnyv,line: 60     INFO | Iteration: 236 - Energy (kJ/mole): -1195050.2279699703
2026/03/19 05:36:38 tmp_9wpfnyv,line: 60     INFO | Iteration: 237 - Energy (kJ/mole): -1195017.5951574948
2026/03/19 05:36:38 tmp_9wpfnyv,line: 60     INFO | Iteration: 238 - Energy (kJ/mole): -1195078.4310949668
2026/03/19 05:36:38 tmp_9wpfnyv,line: 60     INFO | Iteration: 239 - Energy (kJ/mole): -1195501.122501198
2026/03/19 05:36:38 tmp_9wpfnyv,line: 60     INFO | Iteration: 240 - Energy (kJ/mole): -1195872.794376206
2026/03/19 05:36:38 tmp_9wpfnyv,line: 60     INFO | Iteration: 241 - Energy (kJ/mole): -1196189.208438721
2026/03/19 05:36:38 tmp_9wpfnyv,line: 60     INFO | Iteration: 242 - Energy (kJ/mole): -1196376.0990637073
2026/03/19 05:36:38 tmp_9wpfnyv,line: 60     INFO | Iteration: 243 - Energy (kJ/mole): -1196877.2670324442
2026/03/19 05:36:38 tmp_9wpfnyv,line: 60     INFO | Iteration: 244 - Energy (kJ/mole): -1197531.5971105816
2026/03/19 05:36:38 tmp_9wpfnyv,line: 60     INFO | Iteration: 245 - Energy (kJ/mole): -1198194.7103918307
2026/03/19 05:36:38 tmp_9wpfnyv,line: 60     INFO | Iteration: 246 - Energy (kJ/mole): -1198541.3021886975
2026/03/19 05:36:38 tmp_9wpfnyv,line: 60     INFO | Iteration: 247 - Energy (kJ/mole): -1198459.7689856095
2026/03/19 05:36:38 tmp_9wpfnyv,line: 60     INFO | Iteration: 248 - Energy (kJ/mole): -1198456.0600012199
2026/03/19 05:36:38 tmp_9wpfnyv,line: 60     INFO | Iteration: 249 - Energy (kJ/mole): -1198507.4896887147
2026/03/19 05:36:38 tmp_9wpfnyv,line: 60     INFO | Iteration: 250 - Energy (kJ/mole): -1198772.8295324924
2026/03/19 05:36:38 tmp_9wpfnyv,line: 60     INFO | Iteration: 251 - Energy (kJ/mole): -1199443.7201574894
2026/03/19 05:36:39 tmp_9wpfnyv,line: 60     INFO | Iteration: 252 - Energy (kJ/mole): -1199845.0248449657
2026/03/19 05:36:39 tmp_9wpfnyv,line: 60     INFO | Iteration: 253 - Energy (kJ/mole): -1200192.6459387168
2026/03/19 05:36:39 tmp_9wpfnyv,line: 60     INFO | Iteration: 254 - Energy (kJ/mole): -1200511.4818762583
2026/03/19 05:36:39 tmp_9wpfnyv,line: 60     INFO | Iteration: 255 - Energy (kJ/mole): -1200861.2357824706
2026/03/19 05:36:39 tmp_9wpfnyv,line: 60     INFO | Iteration: 256 - Energy (kJ/mole): -1201546.0795324785
2026/03/19 05:36:39 tmp_9wpfnyv,line: 60     INFO | Iteration: 257 - Energy (kJ/mole): -1201898.3666418383
2026/03/19 05:36:39 tmp_9wpfnyv,line: 60     INFO | Iteration: 258 - Energy (kJ/mole): -1202245.6303137057
2026/03/19 05:36:39 tmp_9wpfnyv,line: 60     INFO | Iteration: 259 - Energy (kJ/mole): -1202007.5639074652
2026/03/19 05:36:39 tmp_9wpfnyv,line: 60     INFO | Iteration: 260 - Energy (kJ/mole): -1202030.2455480911
2026/03/19 05:36:39 tmp_9wpfnyv,line: 60     INFO | Iteration: 261 - Energy (kJ/mole): -1202325.0697668523
2026/03/19 05:36:39 tmp_9wpfnyv,line: 60     INFO | Iteration: 262 - Energy (kJ/mole): -1203001.0521887213
2026/03/19 05:36:39 tmp_9wpfnyv,line: 60     INFO | Iteration: 263 - Energy (kJ/mole): -1203401.6127355886
2026/03/19 05:36:39 tmp_9wpfnyv,line: 60     INFO | Iteration: 264 - Energy (kJ/mole): -1203673.4935949657
2026/03/19 05:36:39 tmp_9wpfnyv,line: 60     INFO | Iteration: 265 - Energy (kJ/mole): -1204167.352969964
2026/03/19 05:36:39 tmp_9wpfnyv,line: 60     INFO | Iteration: 266 - Energy (kJ/mole): -1204371.5092199957
2026/03/19 05:36:39 tmp_9wpfnyv,line: 60     INFO | Iteration: 267 - Energy (kJ/mole): -1204948.4545324845
2026/03/19 05:36:39 tmp_9wpfnyv,line: 60     INFO | Iteration: 268 - Energy (kJ/mole): -1205549.8549230953
2026/03/19 05:36:39 tmp_9wpfnyv,line: 60     INFO | Iteration: 269 - Energy (kJ/mole): -1205697.196719995
2026/03/19 05:36:39 tmp_9wpfnyv,line: 60     INFO | Iteration: 270 - Energy (kJ/mole): -1205605.9721105848
2026/03/19 05:36:39 tmp_9wpfnyv,line: 60     INFO | Iteration: 271 - Energy (kJ/mole): -1205640.2533605895
2026/03/19 05:36:39 tmp_9wpfnyv,line: 60     INFO | Iteration: 272 - Energy (kJ/mole): -1205856.1166418607
2026/03/19 05:36:39 tmp_9wpfnyv,line: 60     INFO | Iteration: 273 - Energy (kJ/mole): -1206114.39789183
2026/03/19 05:36:39 tmp_9wpfnyv,line: 60     INFO | Iteration: 274 - Energy (kJ/mole): -1206535.102969958
2026/03/19 05:36:39 tmp_9wpfnyv,line: 60     INFO | Iteration: 275 - Energy (kJ/mole): -1206662.7162512236
2026/03/19 05:36:39 tmp_9wpfnyv,line: 60     INFO | Iteration: 276 - Energy (kJ/mole): -1206895.7318762196
2026/03/19 05:36:39 tmp_9wpfnyv,line: 60     INFO | Iteration: 277 - Energy (kJ/mole): -1207223.038516839
2026/03/19 05:36:39 tmp_9wpfnyv,line: 60     INFO | Iteration: 278 - Energy (kJ/mole): -1207908.1303137413
2026/03/19 05:36:39 tmp_9wpfnyv,line: 60     INFO | Iteration: 279 - Energy (kJ/mole): -1208268.386173075
2026/03/19 05:36:39 tmp_9wpfnyv,line: 60     INFO | Iteration: 280 - Energy (kJ/mole): -1208522.63812622
2026/03/19 05:36:39 tmp_9wpfnyv,line: 60     INFO | Iteration: 281 - Energy (kJ/mole): -1208443.9428136933
2026/03/19 05:36:39 tmp_9wpfnyv,line: 60     INFO | Iteration: 282 - Energy (kJ/mole): -1208458.817813697
2026/03/19 05:36:39 tmp_9wpfnyv,line: 60     INFO | Iteration: 283 - Energy (kJ/mole): -1208461.7357824882
2026/03/19 05:36:39 tmp_9wpfnyv,line: 60     INFO | Iteration: 284 - Energy (kJ/mole): -1208830.3100012254
2026/03/19 05:36:39 tmp_9wpfnyv,line: 60     INFO | Iteration: 285 - Energy (kJ/mole): -1209371.7592199775
2026/03/19 05:36:39 tmp_9wpfnyv,line: 60     INFO | Iteration: 286 - Energy (kJ/mole): -1209922.1615636859
2026/03/19 05:36:39 tmp_9wpfnyv,line: 60     INFO | Iteration: 287 - Energy (kJ/mole): -1210030.3920325018
2026/03/19 05:36:39 tmp_9wpfnyv,line: 60     INFO | Iteration: 288 - Energy (kJ/mole): -1210187.4076574873
2026/03/19 05:36:39 tmp_9wpfnyv,line: 60     INFO | Iteration: 289 - Energy (kJ/mole): -1210534.4154699827
2026/03/19 05:36:39 tmp_9wpfnyv,line: 60     INFO | Iteration: 290 - Energy (kJ/mole): -1211003.6185949754
2026/03/19 05:36:39 tmp_9wpfnyv,line: 60     INFO | Iteration: 291 - Energy (kJ/mole): -1211933.4740637378
2026/03/19 05:36:39 tmp_9wpfnyv,line: 60     INFO | Iteration: 292 - Energy (kJ/mole): -1212199.44671995
2026/03/19 05:36:39 tmp_9wpfnyv,line: 60     INFO | Iteration: 293 - Energy (kJ/mole): -1212022.6107824736
2026/03/19 05:36:39 tmp_9wpfnyv,line: 60     INFO | Iteration: 294 - Energy (kJ/mole): -1212044.1225012226
2026/03/19 05:36:39 tmp_9wpfnyv,line: 60     INFO | Iteration: 295 - Energy (kJ/mole): -1212071.548282439
2026/03/19 05:36:39 tmp_9wpfnyv,line: 60     INFO | Iteration: 296 - Energy (kJ/mole): -1212329.3842200148
2026/03/19 05:36:39 tmp_9wpfnyv,line: 60     INFO | Iteration: 297 - Energy (kJ/mole): -1212809.4623449757
2026/03/19 05:36:39 tmp_9wpfnyv,line: 60     INFO | Iteration: 298 - Energy (kJ/mole): -1212993.653751236
2026/03/19 05:36:39 tmp_9wpfnyv,line: 60     INFO | Iteration: 299 - Energy (kJ/mole): -1213257.1459387268
2026/03/19 05:36:39 tmp_9wpfnyv,line: 60     INFO | Iteration: 300 - Energy (kJ/mole): -1213375.2123449582
2026/03/19 05:36:39 tmp_9wpfnyv,line: 60     INFO | Iteration: 301 - Energy (kJ/mole): -1213603.313907483
2026/03/19 05:36:39 tmp_9wpfnyv,line: 60     INFO | Iteration: 302 - Energy (kJ/mole): -1213612.3139074547
2026/03/19 05:36:39 tmp_9wpfnyv,line: 60     INFO | Iteration: 303 - Energy (kJ/mole): -1213767.4818762282
2026/03/19 05:36:39 tmp_9wpfnyv,line: 60     INFO | Iteration: 304 - Energy (kJ/mole): -1213966.9271887047
2026/03/19 05:36:39 tmp_9wpfnyv,line: 60     INFO | Iteration: 305 - Energy (kJ/mole): -1214244.368594983
2026/03/19 05:36:39 tmp_9wpfnyv,line: 60     INFO | Iteration: 306 - Energy (kJ/mole): -1214651.1029699782
2026/03/19 05:36:39 tmp_9wpfnyv,line: 60     INFO | Iteration: 307 - Energy (kJ/mole): -1214866.560001256
2026/03/19 05:36:39 tmp_9wpfnyv,line: 60     INFO | Iteration: 308 - Energy (kJ/mole): -1215107.727969966
2026/03/19 05:36:39 tmp_9wpfnyv,line: 60     INFO | Iteration: 309 - Energy (kJ/mole): -1215551.0287512229
2026/03/19 05:36:39 tmp_9wpfnyv,line: 60     INFO | Iteration: 310 - Energy (kJ/mole): -1215970.1537512226
2026/03/19 05:36:39 tmp_9wpfnyv,line: 60     INFO | Iteration: 311 - Energy (kJ/mole): -1216433.669376243
2026/03/19 05:36:39 tmp_9wpfnyv,line: 60     INFO | Iteration: 312 - Energy (kJ/mole): -1216254.0326574973
2026/03/19 05:36:39 tmp_9wpfnyv,line: 60     INFO | Iteration: 313 - Energy (kJ/mole): -1216255.6068762157
2026/03/19 05:36:39 tmp_9wpfnyv,line: 60     INFO | Iteration: 314 - Energy (kJ/mole): -1216328.5404699803
2026/03/19 05:36:39 tmp_9wpfnyv,line: 60     INFO | Iteration: 315 - Energy (kJ/mole): -1216831.9271887052
2026/03/19 05:36:39 tmp_9wpfnyv,line: 60     INFO | Iteration: 316 - Energy (kJ/mole): -1217080.5521887331
2026/03/19 05:36:39 tmp_9wpfnyv,line: 60     INFO | Iteration: 317 - Energy (kJ/mole): -1217561.8139074722
2026/03/19 05:36:39 tmp_9wpfnyv,line: 60     INFO | Iteration: 318 - Energy (kJ/mole): -1217860.5912512222
2026/03/19 05:36:39 tmp_9wpfnyv,line: 60     INFO | Iteration: 319 - Energy (kJ/mole): -1217915.5912512252
2026/03/19 05:36:39 tmp_9wpfnyv,line: 60     INFO | Iteration: 320 - Energy (kJ/mole): -1218036.2787512415
2026/03/19 05:36:39 tmp_9wpfnyv,line: 60     INFO | Iteration: 321 - Energy (kJ/mole): -1218346.2787512247
2026/03/19 05:36:39 tmp_9wpfnyv,line: 60     INFO | Iteration: 322 - Energy (kJ/mole): -1218565.1381262129
2026/03/19 05:36:39 tmp_9wpfnyv,line: 60     INFO | Iteration: 323 - Energy (kJ/mole): -1218880.2240637199
2026/03/19 05:36:39 tmp_9wpfnyv,line: 60     INFO | Iteration: 324 - Energy (kJ/mole): -1218801.5560949845
2026/03/19 05:36:39 tmp_9wpfnyv,line: 60     INFO | Iteration: 325 - Energy (kJ/mole): -1218833.0795324657
2026/03/19 05:36:39 tmp_9wpfnyv,line: 60     INFO | Iteration: 326 - Energy (kJ/mole): -1218945.4115636696
2026/03/19 05:36:40 tmp_9wpfnyv,line: 60     INFO | Iteration: 327 - Energy (kJ/mole): -1219171.3217199654
2026/03/19 05:36:40 tmp_9wpfnyv,line: 60     INFO | Iteration: 328 - Energy (kJ/mole): -1219330.0717199629
2026/03/19 05:36:40 tmp_9wpfnyv,line: 60     INFO | Iteration: 329 - Energy (kJ/mole): -1219419.7748449477
2026/03/19 05:36:40 tmp_9wpfnyv,line: 60     INFO | Iteration: 330 - Energy (kJ/mole): -1219644.977969962
2026/03/19 05:36:40 tmp_9wpfnyv,line: 60     INFO | Iteration: 331 - Energy (kJ/mole): -1219834.6107824692
2026/03/19 05:36:40 tmp_9wpfnyv,line: 60     INFO | Iteration: 332 - Energy (kJ/mole): -1220236.1615637345
2026/03/19 05:36:40 tmp_9wpfnyv,line: 60     INFO | Iteration: 333 - Energy (kJ/mole): -1220355.2475012017
2026/03/19 05:36:40 tmp_9wpfnyv,line: 60     INFO | Iteration: 334 - Energy (kJ/mole): -1220479.6303137129
2026/03/19 05:36:40 tmp_9wpfnyv,line: 60     INFO | Iteration: 335 - Energy (kJ/mole): -1220726.7123449468
2026/03/19 05:36:40 tmp_9wpfnyv,line: 60     INFO | Iteration: 336 - Energy (kJ/mole): -1221071.9389074491
2026/03/19 05:36:40 tmp_9wpfnyv,line: 60     INFO | Iteration: 337 - Energy (kJ/mole): -1221669.5443762317
2026/03/19 05:36:40 tmp_9wpfnyv,line: 60     INFO | Iteration: 338 - Energy (kJ/mole): -1221721.470157478
2026/03/19 05:36:40 tmp_9wpfnyv,line: 60     INFO | Iteration: 339 - Energy (kJ/mole): -1221686.3178137462
2026/03/19 05:36:40 tmp_9wpfnyv,line: 60     INFO | Iteration: 340 - Energy (kJ/mole): -1221746.310001204
2026/03/19 05:36:40 tmp_9wpfnyv,line: 60     INFO | Iteration: 341 - Energy (kJ/mole): -1221822.774844923
2026/03/19 05:36:40 tmp_9wpfnyv,line: 60     INFO | Iteration: 342 - Energy (kJ/mole): -1222106.708438751
2026/03/19 05:36:40 tmp_9wpfnyv,line: 60     INFO | Iteration: 343 - Energy (kJ/mole): -1222286.8490637217
2026/03/19 05:36:40 tmp_9wpfnyv,line: 60     INFO | Iteration: 344 - Energy (kJ/mole): -1222519.9623449764
2026/03/19 05:36:40 tmp_9wpfnyv,line: 60     INFO | Iteration: 345 - Energy (kJ/mole): -1223097.1810949412
2026/03/19 05:36:40 tmp_9wpfnyv,line: 60     INFO | Iteration: 346 - Energy (kJ/mole): -1223234.9584387117
2026/03/19 05:36:40 tmp_9wpfnyv,line: 60     INFO | Iteration: 347 - Energy (kJ/mole): -1223385.0873449186
2026/03/19 05:36:40 tmp_9wpfnyv,line: 60     INFO | Iteration: 348 - Energy (kJ/mole): -1223463.4271887355
2026/03/19 05:36:40 tmp_9wpfnyv,line: 60     INFO | Iteration: 349 - Energy (kJ/mole): -1223496.47406373
2026/03/19 05:36:40 tmp_9wpfnyv,line: 60     INFO | Iteration: 350 - Energy (kJ/mole): -1223580.8725012294
2026/03/19 05:36:40 tmp_9wpfnyv,line: 60     INFO | Iteration: 351 - Energy (kJ/mole): -1223861.0912512136
2026/03/19 05:36:40 tmp_9wpfnyv,line: 60     INFO | Iteration: 352 - Energy (kJ/mole): -1224122.8685949752
2026/03/19 05:36:40 tmp_9wpfnyv,line: 60     INFO | Iteration: 353 - Energy (kJ/mole): -1224181.4467199515
2026/03/19 05:36:40 tmp_9wpfnyv,line: 60     INFO | Iteration: 354 - Energy (kJ/mole): -1224344.6264074608
2026/03/19 05:36:40 tmp_9wpfnyv,line: 60     INFO | Iteration: 355 - Energy (kJ/mole): -1224495.6068761977
2026/03/19 05:36:40 tmp_9wpfnyv,line: 60     INFO | Iteration: 356 - Energy (kJ/mole): -1224717.1615637066
2026/03/19 05:36:40 tmp_9wpfnyv,line: 60     INFO | Iteration: 357 - Energy (kJ/mole): -1224930.9193762182
2026/03/19 05:36:40 tmp_9wpfnyv,line: 60     INFO | Iteration: 358 - Energy (kJ/mole): -1225032.4037512413
2026/03/19 05:36:40 tmp_9wpfnyv,line: 60     INFO | Iteration: 359 - Energy (kJ/mole): -1225034.638126226
2026/03/19 05:36:40 tmp_9wpfnyv,line: 60     INFO | Iteration: 360 - Energy (kJ/mole): -1225089.056094993
2026/03/19 05:36:40 tmp_9wpfnyv,line: 60     INFO | Iteration: 361 - Energy (kJ/mole): -1225201.8412512292
2026/03/19 05:36:40 tmp_9wpfnyv,line: 60     INFO | Iteration: 362 - Energy (kJ/mole): -1225460.099063718
2026/03/19 05:36:40 tmp_9wpfnyv,line: 60     INFO | Iteration: 363 - Energy (kJ/mole): -1225854.7318762105
2026/03/19 05:36:40 tmp_9wpfnyv,line: 60     INFO | Iteration: 364 - Energy (kJ/mole): -1225956.145938751
2026/03/19 05:36:40 tmp_9wpfnyv,line: 60     INFO | Iteration: 365 - Energy (kJ/mole): -1226170.4154699496
2026/03/19 05:36:40 tmp_9wpfnyv,line: 60     INFO | Iteration: 366 - Energy (kJ/mole): -1226394.321719979
2026/03/19 05:36:40 tmp_9wpfnyv,line: 60     INFO | Iteration: 367 - Energy (kJ/mole): -1226512.0287512275
2026/03/19 05:36:40 tmp_9wpfnyv,line: 60     INFO | Iteration: 368 - Energy (kJ/mole): -1226538.614688726
2026/03/19 05:36:40 tmp_9wpfnyv,line: 60     INFO | Iteration: 369 - Energy (kJ/mole): -1226554.3178137133
2026/03/19 05:36:40 tmp_9wpfnyv,line: 60     INFO | Iteration: 370 - Energy (kJ/mole): -1226689.0248449603
2026/03/19 05:36:40 tmp_9wpfnyv,line: 60     INFO | Iteration: 371 - Energy (kJ/mole): -1226804.0209387387
2026/03/19 05:36:40 tmp_9wpfnyv,line: 60     INFO | Iteration: 372 - Energy (kJ/mole): -1227087.6771887145
2026/03/19 05:36:40 tmp_9wpfnyv,line: 60     INFO | Iteration: 373 - Energy (kJ/mole): -1227144.2045324626
2026/03/19 05:36:40 tmp_9wpfnyv,line: 60     INFO | Iteration: 374 - Energy (kJ/mole): -1227231.9350012136
2026/03/19 05:36:40 tmp_9wpfnyv,line: 60     INFO | Iteration: 375 - Energy (kJ/mole): -1227328.8451574708
2026/03/19 05:36:40 tmp_9wpfnyv,line: 60     INFO | Iteration: 376 - Energy (kJ/mole): -1227537.063907473
2026/03/19 05:36:40 tmp_9wpfnyv,line: 60     INFO | Iteration: 377 - Energy (kJ/mole): -1227823.68109498
2026/03/19 05:36:40 tmp_9wpfnyv,line: 60     INFO | Iteration: 378 - Energy (kJ/mole): -1227830.2787512145
2026/03/19 05:36:40 tmp_9wpfnyv,line: 60     INFO | Iteration: 379 - Energy (kJ/mole): -1227929.767032453
2026/03/19 05:36:40 tmp_9wpfnyv,line: 60     INFO | Iteration: 380 - Energy (kJ/mole): -1227958.7318762166
2026/03/19 05:36:40 tmp_9wpfnyv,line: 60     INFO | Iteration: 381 - Energy (kJ/mole): -1228005.0443762061
2026/03/19 05:36:40 tmp_9wpfnyv,line: 60     INFO | Iteration: 382 - Energy (kJ/mole): -1228135.6068762084
2026/03/19 05:36:40 tmp_9wpfnyv,line: 60     INFO | Iteration: 383 - Energy (kJ/mole): -1228219.6303137126
2026/03/19 05:36:40 tmp_9wpfnyv,line: 60     INFO | Iteration: 384 - Energy (kJ/mole): -1228355.009219999
2026/03/19 05:36:40 tmp_9wpfnyv,line: 60     INFO | Iteration: 385 - Energy (kJ/mole): -1228537.5131262245
2026/03/19 05:36:40 tmp_9wpfnyv,line: 60     INFO | Iteration: 386 - Energy (kJ/mole): -1228957.0092199834
2026/03/19 05:36:40 tmp_9wpfnyv,line: 60     INFO | Iteration: 387 - Energy (kJ/mole): -1229067.423282479
2026/03/19 05:36:40 tmp_9wpfnyv,line: 60     INFO | Iteration: 388 - Energy (kJ/mole): -1229237.0326574373
2026/03/19 05:36:40 tmp_9wpfnyv,line: 60     INFO | Iteration: 389 - Energy (kJ/mole): -1229283.3685949768
2026/03/19 05:36:40 tmp_9wpfnyv,line: 60     INFO | Iteration: 390 - Energy (kJ/mole): -1229417.227969931
2026/03/19 05:36:40 tmp_9wpfnyv,line: 60     INFO | Iteration: 391 - Energy (kJ/mole): -1229640.2553136882
2026/03/19 05:36:40 tmp_9wpfnyv,line: 60     INFO | Iteration: 392 - Energy (kJ/mole): -1229883.5560949862
2026/03/19 05:36:40 tmp_9wpfnyv,line: 60     INFO | Iteration: 393 - Energy (kJ/mole): -1230007.3021887206
2026/03/19 05:36:40 tmp_9wpfnyv,line: 60     INFO | Iteration: 394 - Energy (kJ/mole): -1229984.4623449969
2026/03/19 05:36:40 tmp_9wpfnyv,line: 60     INFO | Iteration: 395 - Energy (kJ/mole): -1230021.6928136987
2026/03/19 05:36:40 tmp_9wpfnyv,line: 60     INFO | Iteration: 396 - Energy (kJ/mole): -1230082.7670324887
2026/03/19 05:36:40 tmp_9wpfnyv,line: 60     INFO | Iteration: 397 - Energy (kJ/mole): -1230357.4740637199
2026/03/19 05:36:40 tmp_9wpfnyv,line: 60     INFO | Iteration: 398 - Energy (kJ/mole): -1230408.4310949678
2026/03/19 05:36:40 tmp_9wpfnyv,line: 60     INFO | Iteration: 399 - Energy (kJ/mole): -1230609.3725012068
2026/03/19 05:36:40 tmp_9wpfnyv,line: 60     INFO | Iteration: 400 - Energy (kJ/mole): -1230631.3725012431
2026/03/19 05:36:40 tmp_9wpfnyv,line: 60     INFO | Iteration: 401 - Energy (kJ/mole): -1230716.0951574312
2026/03/19 05:36:41 tmp_9wpfnyv,line: 60     INFO | Iteration: 402 - Energy (kJ/mole): -1230800.7787512387
2026/03/19 05:36:41 tmp_9wpfnyv,line: 60     INFO | Iteration: 403 - Energy (kJ/mole): -1231075.1225012382
2026/03/19 05:36:41 tmp_9wpfnyv,line: 60     INFO | Iteration: 404 - Energy (kJ/mole): -1231455.0014074564
2026/03/19 05:36:41 tmp_9wpfnyv,line: 60     INFO | Iteration: 405 - Energy (kJ/mole): -1231582.7045324768
2026/03/19 05:36:41 tmp_9wpfnyv,line: 60     INFO | Iteration: 406 - Energy (kJ/mole): -1231630.298282504
2026/03/19 05:36:41 tmp_9wpfnyv,line: 60     INFO | Iteration: 407 - Energy (kJ/mole): -1231761.0834387233
2026/03/19 05:36:41 tmp_9wpfnyv,line: 60     INFO | Iteration: 408 - Energy (kJ/mole): -1231915.2240637618
2026/03/19 05:36:41 tmp_9wpfnyv,line: 60     INFO | Iteration: 409 - Energy (kJ/mole): -1232083.306095014
2026/03/19 05:36:41 tmp_9wpfnyv,line: 60     INFO | Iteration: 410 - Energy (kJ/mole): -1232056.149844982
2026/03/19 05:36:41 tmp_9wpfnyv,line: 60     INFO | Iteration: 411 - Energy (kJ/mole): -1232094.8725012047
2026/03/19 05:36:41 tmp_9wpfnyv,line: 60     INFO | Iteration: 412 - Energy (kJ/mole): -1232185.4428137315
2026/03/19 05:36:41 tmp_9wpfnyv,line: 60     INFO | Iteration: 413 - Energy (kJ/mole): -1232323.9818762236
2026/03/19 05:36:41 tmp_9wpfnyv,line: 60     INFO | Iteration: 414 - Energy (kJ/mole): -1232598.4975012203
2026/03/19 05:36:41 tmp_9wpfnyv,line: 60     INFO | Iteration: 415 - Energy (kJ/mole): -1232991.22015748
2026/03/19 05:36:41 tmp_9wpfnyv,line: 60     INFO | Iteration: 416 - Energy (kJ/mole): -1232953.0443762152
2026/03/19 05:36:41 tmp_9wpfnyv,line: 60     INFO | Iteration: 417 - Energy (kJ/mole): -1233009.6654699778
2026/03/19 05:36:41 tmp_9wpfnyv,line: 60     INFO | Iteration: 418 - Energy (kJ/mole): -1233091.677188709
2026/03/19 05:36:41 tmp_9wpfnyv,line: 60     INFO | Iteration: 419 - Energy (kJ/mole): -1233265.4896887408
2026/03/19 05:36:41 tmp_9wpfnyv,line: 60     INFO | Iteration: 420 - Energy (kJ/mole): -1233652.1459387345
2026/03/19 05:36:41 tmp_9wpfnyv,line: 60     INFO | Iteration: 421 - Energy (kJ/mole): -1233716.5639074577
2026/03/19 05:36:41 tmp_9wpfnyv,line: 60     INFO | Iteration: 422 - Energy (kJ/mole): -1233920.9428137222
2026/03/19 05:36:41 tmp_9wpfnyv,line: 60     INFO | Iteration: 423 - Energy (kJ/mole): -1233848.8568762036
2026/03/19 05:36:41 tmp_9wpfnyv,line: 60     INFO | Iteration: 424 - Energy (kJ/mole): -1233910.9975012103
2026/03/19 05:36:41 tmp_9wpfnyv,line: 60     INFO | Iteration: 425 - Energy (kJ/mole): -1234056.9271887569
2026/03/19 05:36:41 tmp_9wpfnyv,line: 60     INFO | Iteration: 426 - Energy (kJ/mole): -1234385.7943762322
2026/03/19 05:36:41 tmp_9wpfnyv,line: 60     INFO | Iteration: 427 - Energy (kJ/mole): -1234639.1107824603
2026/03/19 05:36:41 tmp_9wpfnyv,line: 60     INFO | Iteration: 428 - Energy (kJ/mole): -1234619.1693762543
2026/03/19 05:36:41 tmp_9wpfnyv,line: 60     INFO | Iteration: 429 - Energy (kJ/mole): -1234665.9115637084
2026/03/19 05:36:41 tmp_9wpfnyv,line: 60     INFO | Iteration: 430 - Energy (kJ/mole): -1234761.2279699843
2026/03/19 05:36:41 tmp_9wpfnyv,line: 60     INFO | Iteration: 431 - Energy (kJ/mole): -1234984.0404699782
2026/03/19 05:36:41 tmp_9wpfnyv,line: 60     INFO | Iteration: 432 - Energy (kJ/mole): -1235017.2162512164
2026/03/19 05:36:41 tmp_9wpfnyv,line: 60     INFO | Iteration: 433 - Energy (kJ/mole): -1235139.13031376
2026/03/19 05:36:41 tmp_9wpfnyv,line: 60     INFO | Iteration: 434 - Energy (kJ/mole): -1235173.9310949943
2026/03/19 05:36:41 tmp_9wpfnyv,line: 60     INFO | Iteration: 435 - Energy (kJ/mole): -1235256.2084387098
2026/03/19 05:36:41 tmp_9wpfnyv,line: 60     INFO | Iteration: 436 - Energy (kJ/mole): -1235291.0287512722
2026/03/19 05:36:41 tmp_9wpfnyv,line: 60     INFO | Iteration: 437 - Energy (kJ/mole): -1235650.3334387073
2026/03/19 05:36:41 tmp_9wpfnyv,line: 60     INFO | Iteration: 438 - Energy (kJ/mole): -1235549.8685949687
2026/03/19 05:36:41 tmp_9wpfnyv,line: 60     INFO | Iteration: 439 - Energy (kJ/mole): -1235745.8373449706
2026/03/19 05:36:41 tmp_9wpfnyv,line: 60     INFO | Iteration: 440 - Energy (kJ/mole): -1235871.087344996
2026/03/19 05:36:41 tmp_9wpfnyv,line: 60     INFO | Iteration: 441 - Energy (kJ/mole): -1236045.7279699577
2026/03/19 05:36:41 tmp_9wpfnyv,line: 60     INFO | Iteration: 442 - Energy (kJ/mole): -1236362.110782455
2026/03/19 05:36:41 tmp_9wpfnyv,line: 60     INFO | Iteration: 443 - Energy (kJ/mole): -1236385.8060949487
2026/03/19 05:36:41 tmp_9wpfnyv,line: 60     INFO | Iteration: 444 - Energy (kJ/mole): -1236325.6810949608
2026/03/19 05:36:41 tmp_9wpfnyv,line: 60     INFO | Iteration: 445 - Energy (kJ/mole): -1236327.4037512236
2026/03/19 05:36:41 tmp_9wpfnyv,line: 60     INFO | Iteration: 446 - Energy (kJ/mole): -1236364.938907477
2026/03/19 05:36:41 tmp_9wpfnyv,line: 60     INFO | Iteration: 447 - Energy (kJ/mole): -1236550.7006262033
2026/03/19 05:36:41 tmp_9wpfnyv,line: 60     INFO | Iteration: 448 - Energy (kJ/mole): -1236807.602969987
2026/03/19 05:36:41 tmp_9wpfnyv,line: 60     INFO | Iteration: 449 - Energy (kJ/mole): -1237236.1185949615
2026/03/19 05:36:41 tmp_9wpfnyv,line: 60     INFO | Iteration: 450 - Energy (kJ/mole): -1237215.0717199806
2026/03/19 05:36:41 tmp_9wpfnyv,line: 60     INFO | Iteration: 451 - Energy (kJ/mole): -1237351.5014074582
2026/03/19 05:36:41 tmp_9wpfnyv,line: 60     INFO | Iteration: 452 - Energy (kJ/mole): -1237561.6420324973
2026/03/19 05:36:41 tmp_9wpfnyv,line: 60     INFO | Iteration: 453 - Energy (kJ/mole): -1237955.0014074643
2026/03/19 05:36:41 tmp_9wpfnyv,line: 60     INFO | Iteration: 454 - Energy (kJ/mole): -1238085.1146886814
2026/03/19 05:36:41 tmp_9wpfnyv,line: 60     INFO | Iteration: 455 - Energy (kJ/mole): -1238028.1771887366
2026/03/19 05:36:41 tmp_9wpfnyv,line: 60     INFO | Iteration: 456 - Energy (kJ/mole): -1238105.6107824726
2026/03/19 05:36:41 tmp_9wpfnyv,line: 60     INFO | Iteration: 457 - Energy (kJ/mole): -1238168.985782456
2026/03/19 05:36:41 tmp_9wpfnyv,line: 60     INFO | Iteration: 458 - Energy (kJ/mole): -1238489.677188753
2026/03/19 05:36:41 tmp_9wpfnyv,line: 60     INFO | Iteration: 459 - Energy (kJ/mole): -1238727.0014074517
2026/03/19 05:36:41 tmp_9wpfnyv,line: 60     INFO | Iteration: 460 - Energy (kJ/mole): -1238659.3100012068
2026/03/19 05:36:41 tmp_9wpfnyv,line: 60     INFO | Iteration: 461 - Energy (kJ/mole): -1238756.298282456
2026/03/19 05:36:41 tmp_9wpfnyv,line: 60     INFO | Iteration: 462 - Energy (kJ/mole): -1238955.7631262203
2026/03/19 05:36:41 tmp_9wpfnyv,line: 60     INFO | Iteration: 463 - Energy (kJ/mole): -1239430.2396887094
2026/03/19 05:36:41 tmp_9wpfnyv,line: 60     INFO | Iteration: 464 - Energy (kJ/mole): -1239708.2201574729
2026/03/19 05:36:41 tmp_9wpfnyv,line: 60     INFO | Iteration: 465 - Energy (kJ/mole): -1239719.4857824552
2026/03/19 05:36:41 tmp_9wpfnyv,line: 60     INFO | Iteration: 466 - Energy (kJ/mole): -1239800.6928137245
2026/03/19 05:36:41 tmp_9wpfnyv,line: 60     INFO | Iteration: 467 - Energy (kJ/mole): -1239782.1107824796
2026/03/19 05:36:41 tmp_9wpfnyv,line: 60     INFO | Iteration: 468 - Energy (kJ/mole): -1239836.9350012138
2026/03/19 05:36:41 tmp_9wpfnyv,line: 60     INFO | Iteration: 469 - Energy (kJ/mole): -1240092.767032466
2026/03/19 05:36:41 tmp_9wpfnyv,line: 60     INFO | Iteration: 470 - Energy (kJ/mole): -1240338.42718875
2026/03/19 05:36:41 tmp_9wpfnyv,line: 60     INFO | Iteration: 471 - Energy (kJ/mole): -1240624.977969982
2026/03/19 05:36:41 tmp_9wpfnyv,line: 60     INFO | Iteration: 472 - Energy (kJ/mole): -1240664.696719947
2026/03/19 05:36:41 tmp_9wpfnyv,line: 60     INFO | Iteration: 473 - Energy (kJ/mole): -1240790.360782472
2026/03/19 05:36:41 tmp_9wpfnyv,line: 60     INFO | Iteration: 474 - Energy (kJ/mole): -1241051.5092199438
2026/03/19 05:36:41 tmp_9wpfnyv,line: 60     INFO | Iteration: 475 - Energy (kJ/mole): -1241230.2279699803
2026/03/19 05:36:41 tmp_9wpfnyv,line: 60     INFO | Iteration: 476 - Energy (kJ/mole): -1241228.33343873
2026/03/19 05:36:41 tmp_9wpfnyv,line: 60     INFO | Iteration: 477 - Energy (kJ/mole): -1241241.2943762206
2026/03/19 05:36:42 tmp_9wpfnyv,line: 60     INFO | Iteration: 478 - Energy (kJ/mole): -1241248.0600012154
2026/03/19 05:36:42 tmp_9wpfnyv,line: 60     INFO | Iteration: 479 - Energy (kJ/mole): -1241300.403751249
2026/03/19 05:36:42 tmp_9wpfnyv,line: 60     INFO | Iteration: 480 - Energy (kJ/mole): -1241445.2084387005
2026/03/19 05:36:42 tmp_9wpfnyv,line: 60     INFO | Iteration: 481 - Energy (kJ/mole): -1241683.911563727
2026/03/19 05:36:42 tmp_9wpfnyv,line: 60     INFO | Iteration: 482 - Energy (kJ/mole): -1241760.8725012024
2026/03/19 05:36:42 tmp_9wpfnyv,line: 60     INFO | Iteration: 483 - Energy (kJ/mole): -1241806.720157468
2026/03/19 05:36:42 tmp_9wpfnyv,line: 60     INFO | Iteration: 484 - Energy (kJ/mole): -1242009.517032473
2026/03/19 05:36:42 tmp_9wpfnyv,line: 60     INFO | Iteration: 485 - Energy (kJ/mole): -1242118.0990637061
2026/03/19 05:36:42 tmp_9wpfnyv,line: 60     INFO | Iteration: 486 - Energy (kJ/mole): -1242169.25140746
2026/03/19 05:36:42 tmp_9wpfnyv,line: 60     INFO | Iteration: 487 - Energy (kJ/mole): -1242244.786563731
2026/03/19 05:36:42 tmp_9wpfnyv,line: 60     INFO | Iteration: 488 - Energy (kJ/mole): -1242312.9662512224
2026/03/19 05:36:42 tmp_9wpfnyv,line: 60     INFO | Iteration: 489 - Energy (kJ/mole): -1242561.4740637224
2026/03/19 05:36:42 tmp_9wpfnyv,line: 60     INFO | Iteration: 490 - Energy (kJ/mole): -1242569.2787512054
2026/03/19 05:36:42 tmp_9wpfnyv,line: 60     INFO | Iteration: 491 - Energy (kJ/mole): -1242636.3060949775
2026/03/19 05:36:42 tmp_9wpfnyv,line: 60     INFO | Iteration: 492 - Energy (kJ/mole): -1242760.5951574957
2026/03/19 05:36:42 tmp_9wpfnyv,line: 60     INFO | Iteration: 493 - Energy (kJ/mole): -1242930.8021887161
2026/03/19 05:36:42 tmp_9wpfnyv,line: 60     INFO | Iteration: 494 - Energy (kJ/mole): -1243048.5209387087
2026/03/19 05:36:42 tmp_9wpfnyv,line: 60     INFO | Iteration: 495 - Energy (kJ/mole): -1243236.2201574272
2026/03/19 05:36:42 tmp_9wpfnyv,line: 60     INFO | Iteration: 496 - Energy (kJ/mole): -1243342.126407455
2026/03/19 05:36:42 tmp_9wpfnyv,line: 60     INFO | Iteration: 497 - Energy (kJ/mole): -1243494.692813758
2026/03/19 05:36:42 tmp_9wpfnyv,line: 60     INFO | Iteration: 498 - Energy (kJ/mole): -1243616.903751215
2026/03/19 05:36:42 tmp_9wpfnyv,line: 60     INFO | Iteration: 499 - Energy (kJ/mole): -1243781.5873449484
2026/03/19 05:36:42 tmp_9wpfnyv,line: 60     INFO | Iteration: 0 - Energy (kJ/mole): -1239303.403751213
2026/03/19 05:36:42 tmp_9wpfnyv,line: 60     INFO | Iteration: 1 - Energy (kJ/mole): -1238166.4935949792
2026/03/19 05:36:42 tmp_9wpfnyv,line: 60     INFO | Iteration: 2 - Energy (kJ/mole): -1236925.388126204
2026/03/19 05:36:42 tmp_9wpfnyv,line: 60     INFO | Iteration: 3 - Energy (kJ/mole): -1236909.735782468
2026/03/19 05:36:42 tmp_9wpfnyv,line: 60     INFO | Iteration: 4 - Energy (kJ/mole): -1236933.7396887355
2026/03/19 05:36:42 tmp_9wpfnyv,line: 60     INFO | Iteration: 5 - Energy (kJ/mole): -1236944.2475011777
2026/03/19 05:36:42 tmp_9wpfnyv,line: 60     INFO | Iteration: 6 - Energy (kJ/mole): -1237023.4584386884
2026/03/19 05:36:42 tmp_9wpfnyv,line: 60     INFO | Iteration: 7 - Energy (kJ/mole): -1237133.427188711
2026/03/19 05:36:42 tmp_9wpfnyv,line: 60     INFO | Iteration: 8 - Energy (kJ/mole): -1237233.181094993
2026/03/19 05:36:42 tmp_9wpfnyv,line: 60     INFO | Iteration: 9 - Energy (kJ/mole): -1237305.6732824752
2026/03/19 05:36:42 tmp_9wpfnyv,line: 60     INFO | Iteration: 10 - Energy (kJ/mole): -1237268.9350012187
2026/03/19 05:36:42 tmp_9wpfnyv,line: 60     INFO | Iteration: 11 - Energy (kJ/mole): -1237253.032657479
2026/03/19 05:36:42 tmp_9wpfnyv,line: 60     INFO | Iteration: 12 - Energy (kJ/mole): -1237253.024844971
2026/03/19 05:36:42 tmp_9wpfnyv,line: 60     INFO | Iteration: 13 - Energy (kJ/mole): -1237259.3100012052
2026/03/19 05:36:42 tmp_9wpfnyv,line: 60     INFO | Iteration: 14 - Energy (kJ/mole): -1237294.548282487
2026/03/19 05:36:42 tmp_9wpfnyv,line: 60     INFO | Iteration: 15 - Energy (kJ/mole): -1237382.1342199845
2026/03/19 05:36:42 tmp_9wpfnyv,line: 60     INFO | Iteration: 16 - Energy (kJ/mole): -1237483.4935949638
2026/03/19 05:36:42 tmp_9wpfnyv,line: 60     INFO | Iteration: 17 - Energy (kJ/mole): -1237634.7475012192
2026/03/19 05:36:42 tmp_9wpfnyv,line: 60     INFO | Iteration: 18 - Energy (kJ/mole): -1237643.7396887152
2026/03/19 05:36:42 tmp_9wpfnyv,line: 60     INFO | Iteration: 19 - Energy (kJ/mole): -1237673.0521887462
2026/03/19 05:36:42 tmp_9wpfnyv,line: 60     INFO | Iteration: 0 - Energy (kJ/mole): -1237090.4154699633
2026/03/19 05:36:42 tmp_9wpfnyv,line: 60     INFO | Iteration: 1 - Energy (kJ/mole): -1237094.6576574682
2026/03/19 05:36:42 tmp_9wpfnyv,line: 60     INFO | Iteration: 2 - Energy (kJ/mole): -1237003.5053137166
2026/03/19 05:36:42 tmp_9wpfnyv,line: 60     INFO | Iteration: 3 - Energy (kJ/mole): -1236981.3607824582
2026/03/19 05:36:42 tmp_9wpfnyv,line: 287     INFO | Minimization done, the energy is -1236907.4818762196 kJ/mol
2026/03/19 05:36:43 tmp_9wpfnyv,line: 289     INFO | Minimized geometry is written to 'minimized.pdb'
2026/03/19 05:36:43 tmp_9wpfnyv,line: 295     INFO | Equilibrating for 500 steps ...
2026/03/19 05:36:44 tmp_9wpfnyv,line: 301     INFO | The trajectories will be saved in DCD file format.
2026/03/19 05:36:44 tmp_9wpfnyv,line: 305     INFO | Saving DCD File for every 100 period
2026/03/19 05:36:44 tmp_9wpfnyv,line: 307     INFO | Saving XTC File for every 100 period
2026/03/19 05:36:44 tmp_9wpfnyv,line: 309     INFO | State Report will tell you.
2026/03/19 05:36:44 tmp_9wpfnyv,line: 317     INFO | Running Production...
2026/03/19 05:36:46 tmp_9wpfnyv,line: 319     INFO | Done!
2026/03/19 05:36:50 tmp_9wpfnyv,line: 479     INFO | Forcefield parameters loading to the simulation system for NVE simulation ...
2026/03/19 05:36:50 tmp_9wpfnyv,line: 482     INFO | Constructing NVE System
2026/03/19 05:36:51 tmp_9wpfnyv,line: 487     INFO | System will use Switching Distance
2026/03/19 05:36:52 tmp_9wpfnyv,line: 523     INFO | Saving DCD File for every 1 period
2026/03/19 05:36:52 tmp_9wpfnyv,line: 535     INFO | State Report will tell you ...
2026/03/19 05:39:58 tmp_9wpfnyv,line: 580     INFO | System will use OpenCL Platform with single Precision
2026/03/19 05:40:00 tmp_9wpfnyv,line: 586     INFO | Forcefield parameters loading to the simulation system ...
2026/03/19 05:40:00 tmp_9wpfnyv,line: 589     INFO | Constructing an OpenMM System
2026/03/19 05:40:00 tmp_9wpfnyv,line: 594     INFO | System will use Switching Distance
2026/03/19 05:40:01 tmp_9wpfnyv,line: 619     INFO | Will the perturbed system use periodic boundary conditions? --> True
2026/03/19 05:40:01 tmp_9wpfnyv,line: 631     INFO | Saving DCD File for every 1 period
2026/03/19 05:40:01 tmp_9wpfnyv,line: 644     INFO | State Report will tell you ...
2026/03/19 05:43:11 tmp_9wpfnyv,line: 668     INFO | Effected atom percentage used for auto-extend: 100.0
2026/03/19 05:43:11 tmp_9wpfnyv,line: 675     INFO | Auto-extend is not required because all tracked atoms already responded (100.0%).
2026/03/19 05:43:11 tmp_9wpfnyv,line: 779     INFO | Decompose started using DCD File ....
2026/03/19 05:43:11 energy_component,line: 174     INFO | The system parameters are being loaded for the decomposition process.
2026/03/19 05:43:11 energy_component,line: 213     INFO | The OpenCL platform will be used for the decomposition process with mixed precision.
2026/03/19 05:44:29 structure,line: 2132     INFO | Adding bonds...
2026/03/19 05:44:29 structure,line: 2135     INFO | Adding angles...
2026/03/19 05:44:29 structure,line: 2138     INFO | Adding dihedrals...
2026/03/19 05:44:29 structure,line: 2141     INFO | Adding Ryckaert-Bellemans torsions...
2026/03/19 05:44:29 structure,line: 2143     INFO | Adding Urey-Bradleys...
2026/03/19 05:44:29 structure,line: 2145     INFO | Adding improper torsions...
2026/03/19 05:44:29 structure,line: 2147     INFO | Adding CMAP torsions...
2026/03/19 05:44:29 structure,line: 2149     INFO | Adding trigonal angle terms...
2026/03/19 05:44:29 structure,line: 2151     INFO | Adding out-of-plane bends...
2026/03/19 05:44:29 structure,line: 2153     INFO | Adding pi-torsions...
2026/03/19 05:44:29 structure,line: 2155     INFO | Adding stretch-bends...
2026/03/19 05:44:29 structure,line: 2157     INFO | Adding torsion-torsions...
2026/03/19 05:44:29 structure,line: 2159     INFO | Adding Nonbonded force...
2026/03/19 05:44:30 energy_component,line: 338 DECOMPOSE | Decomposed Res Num: 0, Total Res Num: 447, Decomposition Progress: 0.0
2026/03/19 05:44:30 structure,line: 2132     INFO | Adding bonds...
2026/03/19 05:44:30 structure,line: 2135     INFO | Adding angles...
2026/03/19 05:44:30 structure,line: 2138     INFO | Adding dihedrals...
2026/03/19 05:44:30 structure,line: 2141     INFO | Adding Ryckaert-Bellemans torsions...
2026/03/19 05:44:30 structure,line: 2143     INFO | Adding Urey-Bradleys...
2026/03/19 05:44:30 structure,line: 2145     INFO | Adding improper torsions...
2026/03/19 05:44:30 structure,line: 2147     INFO | Adding CMAP torsions...
2026/03/19 05:44:30 structure,line: 2149     INFO | Adding trigonal angle terms...
2026/03/19 05:44:30 structure,line: 2151     INFO | Adding out-of-plane bends...
2026/03/19 05:44:30 structure,line: 2153     INFO | Adding pi-torsions...
2026/03/19 05:44:30 structure,line: 2155     INFO | Adding stretch-bends...
2026/03/19 05:44:30 structure,line: 2157     INFO | Adding torsion-torsions...
2026/03/19 05:44:30 structure,line: 2159     INFO | Adding Nonbonded force...
2026/03/19 05:44:31 energy_component,line: 338 DECOMPOSE | Decomposed Res Num: 1, Total Res Num: 447, Decomposition Progress: 0.22371364653243847
2026/03/19 05:44:31 structure,line: 2132     INFO | Adding bonds...
2026/03/19 05:44:31 structure,line: 2135     INFO | Adding angles...
2026/03/19 05:44:31 structure,line: 2138     INFO | Adding dihedrals...
2026/03/19 05:44:31 structure,line: 2141     INFO | Adding Ryckaert-Bellemans torsions...
2026/03/19 05:44:31 structure,line: 2143     INFO | Adding Urey-Bradleys...
2026/03/19 05:44:31 structure,line: 2145     INFO | Adding improper torsions...
2026/03/19 05:44:31 structure,line: 2147     INFO | Adding CMAP torsions...
2026/03/19 05:44:31 structure,line: 2149     INFO | Adding trigonal angle terms...
2026/03/19 05:44:31 structure,line: 2151     INFO | Adding out-of-plane bends...
2026/03/19 05:44:31 structure,line: 2153     INFO | Adding pi-torsions...
2026/03/19 05:44:31 structure,line: 2155     INFO | Adding stretch-bends...
2026/03/19 05:44:31 structure,line: 2157     INFO | Adding torsion-torsions...
2026/03/19 05:44:31 structure,line: 2159     INFO | Adding Nonbonded force...
2026/03/19 05:44:31 energy_component,line: 338 DECOMPOSE | Decomposed Res Num: 2, Total Res Num: 447, Decomposition Progress: 0.44742729306487694
2026/03/19 05:44:32 structure,line: 2132     INFO | Adding bonds...
2026/03/19 05:44:32 structure,line: 2135     INFO | Adding angles...
2026/03/19 05:44:32 structure,line: 2138     INFO | Adding dihedrals...
2026/03/19 05:44:32 structure,line: 2141     INFO | Adding Ryckaert-Bellemans torsions...
2026/03/19 05:44:32 structure,line: 2143     INFO | Adding Urey-Bradleys...
2026/03/19 05:44:32 structure,line: 2145     INFO | Adding improper torsions...
2026/03/19 05:44:32 structure,line: 2147     INFO | Adding CMAP torsions...
2026/03/19 05:44:32 structure,line: 2149     INFO | Adding trigonal angle terms...
2026/03/19 05:44:32 structure,line: 2151     INFO | Adding out-of-plane bends...
2026/03/19 05:44:32 structure,line: 2153     INFO | Adding pi-torsions...
2026/03/19 05:44:32 structure,line: 2155     INFO | Adding stretch-bends...
2026/03/19 05:44:32 structure,line: 2157     INFO | Adding torsion-torsions...
2026/03/19 05:44:32 structure,line: 2159     INFO | Adding Nonbonded force...
2026/03/19 05:44:32 energy_component,line: 338 DECOMPOSE | Decomposed Res Num: 3, Total Res Num: 447, Decomposition Progress: 0.6711409395973155
2026/03/19 05:44:33 structure,line: 2132     INFO | Adding bonds...
2026/03/19 05:44:33 structure,line: 2135     INFO | Adding angles...
2026/03/19 05:44:33 structure,line: 2138     INFO | Adding dihedrals...
2026/03/19 05:44:33 structure,line: 2141     INFO | Adding Ryckaert-Bellemans torsions...
2026/03/19 05:44:33 structure,line: 2143     INFO | Adding Urey-Bradleys...
2026/03/19 05:44:33 structure,line: 2145     INFO | Adding improper torsions...
2026/03/19 05:44:33 structure,line: 2147     INFO | Adding CMAP torsions...
2026/03/19 05:44:33 structure,line: 2149     INFO | Adding trigonal angle terms...
2026/03/19 05:44:33 structure,line: 2151     INFO | Adding out-of-plane bends...
2026/03/19 05:44:33 structure,line: 2153     INFO | Adding pi-torsions...
2026/03/19 05:44:33 structure,line: 2155     INFO | Adding stretch-bends...
2026/03/19 05:44:33 structure,line: 2157     INFO | Adding torsion-torsions...
2026/03/19 05:44:33 structure,line: 2159     INFO | Adding Nonbonded force...
2026/03/19 05:44:33 energy_component,line: 338 DECOMPOSE | Decomposed Res Num: 4, Total Res Num: 447, Decomposition Progress: 0.8948545861297539
2026/03/19 05:44:34 structure,line: 2132     INFO | Adding bonds...
2026/03/19 05:44:34 structure,line: 2135     INFO | Adding angles...
2026/03/19 05:44:34 structure,line: 2138     INFO | Adding dihedrals...
2026/03/19 05:44:34 structure,line: 2141     INFO | Adding Ryckaert-Bellemans torsions...
2026/03/19 05:44:34 structure,line: 2143     INFO | Adding Urey-Bradleys...
2026/03/19 05:44:34 structure,line: 2145     INFO | Adding improper torsions...
2026/03/19 05:44:34 structure,line: 2147     INFO | Adding CMAP torsions...
2026/03/19 05:44:34 structure,line: 2149     INFO | Adding trigonal angle terms...
2026/03/19 05:44:34 structure,line: 2151     INFO | Adding out-of-plane bends...
2026/03/19 05:44:34 structure,line: 2153     INFO | Adding pi-torsions...
2026/03/19 05:44:34 structure,line: 2155     INFO | Adding stretch-bends...
2026/03/19 05:44:34 structure,line: 2157     INFO | Adding torsion-torsions...
2026/03/19 05:44:34 structure,line: 2159     INFO | Adding Nonbonded force...
2026/03/19 05:44:34 energy_component,line: 338 DECOMPOSE | Decomposed Res Num: 5, Total Res Num: 447, Decomposition Progress: 1.1185682326621924
2026/03/19 05:44:34 structure,line: 2132     INFO | Adding bonds...
2026/03/19 05:44:34 structure,line: 2135     INFO | Adding angles...
2026/03/19 05:44:34 structure,line: 2138     INFO | Adding dihedrals...
2026/03/19 05:44:34 structure,line: 2141     INFO | Adding Ryckaert-Bellemans torsions...
2026/03/19 05:44:34 structure,line: 2143     INFO | Adding Urey-Bradleys...
2026/03/19 05:44:34 structure,line: 2145     INFO | Adding improper torsions...
2026/03/19 05:44:34 structure,line: 2147     INFO | Adding CMAP torsions...
2026/03/19 05:44:34 structure,line: 2149     INFO | Adding trigonal angle terms...
2026/03/19 05:44:34 structure,line: 2151     INFO | Adding out-of-plane bends...
2026/03/19 05:44:34 structure,line: 2153     INFO | Adding pi-torsions...
2026/03/19 05:44:34 structure,line: 2155     INFO | Adding stretch-bends...
2026/03/19 05:44:34 structure,line: 2157     INFO | Adding torsion-torsions...
2026/03/19 05:44:34 structure,line: 2159     INFO | Adding Nonbonded force...
2026/03/19 05:44:35 energy_component,line: 338 DECOMPOSE | Decomposed Res Num: 6, Total Res Num: 447, Decomposition Progress: 1.342281879194631
2026/03/19 05:44:35 structure,line: 2132     INFO | Adding bonds...
2026/03/19 05:44:35 structure,line: 2135     INFO | Adding angles...
2026/03/19 05:44:35 structure,line: 2138     INFO | Adding dihedrals...
2026/03/19 05:44:35 structure,line: 2141     INFO | Adding Ryckaert-Bellemans torsions...
2026/03/19 05:44:35 structure,line: 2143     INFO | Adding Urey-Bradleys...
2026/03/19 05:44:35 structure,line: 2145     INFO | Adding improper torsions...
2026/03/19 05:44:35 structure,line: 2147     INFO | Adding CMAP torsions...
2026/03/19 05:44:35 structure,line: 2149     INFO | Adding trigonal angle terms...
2026/03/19 05:44:35 structure,line: 2151     INFO | Adding out-of-plane bends...
2026/03/19 05:44:35 structure,line: 2153     INFO | Adding pi-torsions...
2026/03/19 05:44:35 structure,line: 2155     INFO | Adding stretch-bends...
2026/03/19 05:44:35 structure,line: 2157     INFO | Adding torsion-torsions...
2026/03/19 05:44:35 structure,line: 2159     INFO | Adding Nonbonded force...
2026/03/19 05:44:36 energy_component,line: 338 DECOMPOSE | Decomposed Res Num: 7, Total Res Num: 447, Decomposition Progress: 1.5659955257270695
2026/03/19 05:44:36 structure,line: 2132     INFO | Adding bonds...
2026/03/19 05:44:36 structure,line: 2135     INFO | Adding angles...
2026/03/19 05:44:36 structure,line: 2138     INFO | Adding dihedrals...
2026/03/19 05:44:36 structure,line: 2141     INFO | Adding Ryckaert-Bellemans torsions...
2026/03/19 05:44:36 structure,line: 2143     INFO | Adding Urey-Bradleys...
2026/03/19 05:44:36 structure,line: 2145     INFO | Adding improper torsions...
2026/03/19 05:44:36 structure,line: 2147     INFO | Adding CMAP torsions...
2026/03/19 05:44:36 structure,line: 2149     INFO | Adding trigonal angle terms...
2026/03/19 05:44:36 structure,line: 2151     INFO | Adding out-of-plane bends...
2026/03/19 05:44:36 structure,line: 2153     INFO | Adding pi-torsions...
2026/03/19 05:44:36 structure,line: 2155     INFO | Adding stretch-bends...
2026/03/19 05:44:36 structure,line: 2157     INFO | Adding torsion-torsions...
2026/03/19 05:44:36 structure,line: 2159     INFO | Adding Nonbonded force...
2026/03/19 05:44:36 energy_component,line: 338 DECOMPOSE | Decomposed Res Num: 8, Total Res Num: 447, Decomposition Progress: 1.7897091722595078
2026/03/19 05:44:37 structure,line: 2132     INFO | Adding bonds...
2026/03/19 05:44:37 structure,line: 2135     INFO | Adding angles...
2026/03/19 05:44:37 structure,line: 2138     INFO | Adding dihedrals...
2026/03/19 05:44:37 structure,line: 2141     INFO | Adding Ryckaert-Bellemans torsions...
2026/03/19 05:44:37 structure,line: 2143     INFO | Adding Urey-Bradleys...
2026/03/19 05:44:37 structure,line: 2145     INFO | Adding improper torsions...
2026/03/19 05:44:37 structure,line: 2147     INFO | Adding CMAP torsions...
2026/03/19 05:44:37 structure,line: 2149     INFO | Adding trigonal angle terms...
2026/03/19 05:44:37 structure,line: 2151     INFO | Adding out-of-plane bends...
2026/03/19 05:44:37 structure,line: 2153     INFO | Adding pi-torsions...
2026/03/19 05:44:37 structure,line: 2155     INFO | Adding stretch-bends...
2026/03/19 05:44:37 structure,line: 2157     INFO | Adding torsion-torsions...
2026/03/19 05:44:37 structure,line: 2159     INFO | Adding Nonbonded force...
2026/03/19 05:44:37 energy_component,line: 338 DECOMPOSE | Decomposed Res Num: 9, Total Res Num: 447, Decomposition Progress: 2.013422818791946
2026/03/19 05:44:38 structure,line: 2132     INFO | Adding bonds...
2026/03/19 05:44:38 structure,line: 2135     INFO | Adding angles...
2026/03/19 05:44:38 structure,line: 2138     INFO | Adding dihedrals...
2026/03/19 05:44:38 structure,line: 2141     INFO | Adding Ryckaert-Bellemans torsions...
2026/03/19 05:44:38 structure,line: 2143     INFO | Adding Urey-Bradleys...
2026/03/19 05:44:38 structure,line: 2145     INFO | Adding improper torsions...
2026/03/19 05:44:38 structure,line: 2147     INFO | Adding CMAP torsions...
2026/03/19 05:44:38 structure,line: 2149     INFO | Adding trigonal angle terms...
2026/03/19 05:44:38 structure,line: 2151     INFO | Adding out-of-plane bends...
2026/03/19 05:44:38 structure,line: 2153     INFO | Adding pi-torsions...
2026/03/19 05:44:38 structure,line: 2155     INFO | Adding stretch-bends...
2026/03/19 05:44:38 structure,line: 2157     INFO | Adding torsion-torsions...
2026/03/19 05:44:38 structure,line: 2159     INFO | Adding Nonbonded force...
2026/03/19 05:44:38 energy_component,line: 338 DECOMPOSE | Decomposed Res Num: 10, Total Res Num: 447, Decomposition Progress: 2.237136465324385
2026/03/19 05:44:39 structure,line: 2132     INFO | Adding bonds...
2026/03/19 05:44:39 structure,line: 2135     INFO | Adding angles...
2026/03/19 05:44:39 structure,line: 2138     INFO | Adding dihedrals...
2026/03/19 05:44:39 structure,line: 2141     INFO | Adding Ryckaert-Bellemans torsions...
2026/03/19 05:44:39 structure,line: 2143     INFO | Adding Urey-Bradleys...
2026/03/19 05:44:39 structure,line: 2145     INFO | Adding improper torsions...
2026/03/19 05:44:39 structure,line: 2147     INFO | Adding CMAP torsions...
2026/03/19 05:44:39 structure,line: 2149     INFO | Adding trigonal angle terms...
2026/03/19 05:44:39 structure,line: 2151     INFO | Adding out-of-plane bends...
2026/03/19 05:44:39 structure,line: 2153     INFO | Adding pi-torsions...
2026/03/19 05:44:39 structure,line: 2155     INFO | Adding stretch-bends...
2026/03/19 05:44:39 structure,line: 2157     INFO | Adding torsion-torsions...
2026/03/19 05:44:39 structure,line: 2159     INFO | Adding Nonbonded force...
2026/03/19 05:44:39 energy_component,line: 338 DECOMPOSE | Decomposed Res Num: 11, Total Res Num: 447, Decomposition Progress: 2.460850111856823
2026/03/19 05:44:42 structure,line: 2132     INFO | Adding bonds...
2026/03/19 05:44:42 structure,line: 2135     INFO | Adding angles...
2026/03/19 05:44:42 structure,line: 2138     INFO | Adding dihedrals...
2026/03/19 05:44:42 structure,line: 2141     INFO | Adding Ryckaert-Bellemans torsions...
2026/03/19 05:44:42 structure,line: 2143     INFO | Adding Urey-Bradleys...
2026/03/19 05:44:42 structure,line: 2145     INFO | Adding improper torsions...
2026/03/19 05:44:42 structure,line: 2147     INFO | Adding CMAP torsions...
2026/03/19 05:44:42 structure,line: 2149     INFO | Adding trigonal angle terms...
2026/03/19 05:44:42 structure,line: 2151     INFO | Adding out-of-plane bends...
2026/03/19 05:44:42 structure,line: 2153     INFO | Adding pi-torsions...
2026/03/19 05:44:42 structure,line: 2155     INFO | Adding stretch-bends...
2026/03/19 05:44:42 structure,line: 2157     INFO | Adding torsion-torsions...
2026/03/19 05:44:42 structure,line: 2159     INFO | Adding Nonbonded force...
2026/03/19 05:44:42 energy_component,line: 338 DECOMPOSE | Decomposed Res Num: 12, Total Res Num: 447, Decomposition Progress: 2.684563758389262
2026/03/19 05:44:43 structure,line: 2132     INFO | Adding bonds...
2026/03/19 05:44:43 structure,line: 2135     INFO | Adding angles...
2026/03/19 05:44:43 structure,line: 2138     INFO | Adding dihedrals...
2026/03/19 05:44:43 structure,line: 2141     INFO | Adding Ryckaert-Bellemans torsions...
2026/03/19 05:44:43 structure,line: 2143     INFO | Adding Urey-Bradleys...
2026/03/19 05:44:43 structure,line: 2145     INFO | Adding improper torsions...
2026/03/19 05:44:43 structure,line: 2147     INFO | Adding CMAP torsions...
2026/03/19 05:44:43 structure,line: 2149     INFO | Adding trigonal angle terms...
2026/03/19 05:44:43 structure,line: 2151     INFO | Adding out-of-plane bends...
2026/03/19 05:44:43 structure,line: 2153     INFO | Adding pi-torsions...
2026/03/19 05:44:43 structure,line: 2155     INFO | Adding stretch-bends...
2026/03/19 05:44:43 structure,line: 2157     INFO | Adding torsion-torsions...
2026/03/19 05:44:43 structure,line: 2159     INFO | Adding Nonbonded force...
2026/03/19 05:44:43 energy_component,line: 338 DECOMPOSE | Decomposed Res Num: 13, Total Res Num: 447, Decomposition Progress: 2.9082774049217
2026/03/19 05:44:44 structure,line: 2132     INFO | Adding bonds...
2026/03/19 05:44:44 structure,line: 2135     INFO | Adding angles...
2026/03/19 05:44:44 structure,line: 2138     INFO | Adding dihedrals...
2026/03/19 05:44:44 structure,line: 2141     INFO | Adding Ryckaert-Bellemans torsions...
2026/03/19 05:44:44 structure,line: 2143     INFO | Adding Urey-Bradleys...
2026/03/19 05:44:44 structure,line: 2145     INFO | Adding improper torsions...
2026/03/19 05:44:44 structure,line: 2147     INFO | Adding CMAP torsions...
2026/03/19 05:44:44 structure,line: 2149     INFO | Adding trigonal angle terms...
2026/03/19 05:44:44 structure,line: 2151     INFO | Adding out-of-plane bends...
2026/03/19 05:44:44 structure,line: 2153     INFO | Adding pi-torsions...
2026/03/19 05:44:44 structure,line: 2155     INFO | Adding stretch-bends...
2026/03/19 05:44:44 structure,line: 2157     INFO | Adding torsion-torsions...
2026/03/19 05:44:44 structure,line: 2159     INFO | Adding Nonbonded force...
2026/03/19 05:44:44 energy_component,line: 338 DECOMPOSE | Decomposed Res Num: 14, Total Res Num: 447, Decomposition Progress: 3.131991051454139
2026/03/19 05:44:45 structure,line: 2132     INFO | Adding bonds...
2026/03/19 05:44:45 structure,line: 2135     INFO | Adding angles...
2026/03/19 05:44:45 structure,line: 2138     INFO | Adding dihedrals...
2026/03/19 05:44:45 structure,line: 2141     INFO | Adding Ryckaert-Bellemans torsions...
2026/03/19 05:44:45 structure,line: 2143     INFO | Adding Urey-Bradleys...
2026/03/19 05:44:45 structure,line: 2145     INFO | Adding improper torsions...
2026/03/19 05:44:45 structure,line: 2147     INFO | Adding CMAP torsions...
2026/03/19 05:44:45 structure,line: 2149     INFO | Adding trigonal angle terms...
2026/03/19 05:44:45 structure,line: 2151     INFO | Adding out-of-plane bends...
2026/03/19 05:44:45 structure,line: 2153     INFO | Adding pi-torsions...
2026/03/19 05:44:45 structure,line: 2155     INFO | Adding stretch-bends...
2026/03/19 05:44:45 structure,line: 2157     INFO | Adding torsion-torsions...
2026/03/19 05:44:45 structure,line: 2159     INFO | Adding Nonbonded force...
2026/03/19 05:44:45 energy_component,line: 338 DECOMPOSE | Decomposed Res Num: 15, Total Res Num: 447, Decomposition Progress: 3.3557046979865772
2026/03/19 05:44:45 structure,line: 2132     INFO | Adding bonds...
2026/03/19 05:44:45 structure,line: 2135     INFO | Adding angles...
2026/03/19 05:44:45 structure,line: 2138     INFO | Adding dihedrals...
2026/03/19 05:44:45 structure,line: 2141     INFO | Adding Ryckaert-Bellemans torsions...
2026/03/19 05:44:45 structure,line: 2143     INFO | Adding Urey-Bradleys...
2026/03/19 05:44:45 structure,line: 2145     INFO | Adding improper torsions...
2026/03/19 05:44:45 structure,line: 2147     INFO | Adding CMAP torsions...
2026/03/19 05:44:45 structure,line: 2149     INFO | Adding trigonal angle terms...
2026/03/19 05:44:45 structure,line: 2151     INFO | Adding out-of-plane bends...
2026/03/19 05:44:45 structure,line: 2153     INFO | Adding pi-torsions...
2026/03/19 05:44:45 structure,line: 2155     INFO | Adding stretch-bends...
2026/03/19 05:44:45 structure,line: 2157     INFO | Adding torsion-torsions...
2026/03/19 05:44:45 structure,line: 2159     INFO | Adding Nonbonded force...
2026/03/19 05:44:46 energy_component,line: 338 DECOMPOSE | Decomposed Res Num: 16, Total Res Num: 447, Decomposition Progress: 3.5794183445190155
2026/03/19 05:44:46 structure,line: 2132     INFO | Adding bonds...
2026/03/19 05:44:46 structure,line: 2135     INFO | Adding angles...
2026/03/19 05:44:46 structure,line: 2138     INFO | Adding dihedrals...
2026/03/19 05:44:46 structure,line: 2141     INFO | Adding Ryckaert-Bellemans torsions...
2026/03/19 05:44:46 structure,line: 2143     INFO | Adding Urey-Bradleys...
2026/03/19 05:44:46 structure,line: 2145     INFO | Adding improper torsions...
2026/03/19 05:44:46 structure,line: 2147     INFO | Adding CMAP torsions...
2026/03/19 05:44:46 structure,line: 2149     INFO | Adding trigonal angle terms...
2026/03/19 05:44:46 structure,line: 2151     INFO | Adding out-of-plane bends...
2026/03/19 05:44:46 structure,line: 2153     INFO | Adding pi-torsions...
2026/03/19 05:44:46 structure,line: 2155     INFO | Adding stretch-bends...
2026/03/19 05:44:46 structure,line: 2157     INFO | Adding torsion-torsions...
2026/03/19 05:44:46 structure,line: 2159     INFO | Adding Nonbonded force...
2026/03/19 05:44:46 energy_component,line: 338 DECOMPOSE | Decomposed Res Num: 17, Total Res Num: 447, Decomposition Progress: 3.803131991051454
2026/03/19 05:44:47 structure,line: 2132     INFO | Adding bonds...
2026/03/19 05:44:47 structure,line: 2135     INFO | Adding angles...
2026/03/19 05:44:47 structure,line: 2138     INFO | Adding dihedrals...
2026/03/19 05:44:47 structure,line: 2141     INFO | Adding Ryckaert-Bellemans torsions...
2026/03/19 05:44:47 structure,line: 2143     INFO | Adding Urey-Bradleys...
2026/03/19 05:44:47 structure,line: 2145     INFO | Adding improper torsions...
2026/03/19 05:44:47 structure,line: 2147     INFO | Adding CMAP torsions...
2026/03/19 05:44:47 structure,line: 2149     INFO | Adding trigonal angle terms...
2026/03/19 05:44:47 structure,line: 2151     INFO | Adding out-of-plane bends...
2026/03/19 05:44:47 structure,line: 2153     INFO | Adding pi-torsions...
2026/03/19 05:44:47 structure,line: 2155     INFO | Adding stretch-bends...
2026/03/19 05:44:47 structure,line: 2157     INFO | Adding torsion-torsions...
2026/03/19 05:44:47 structure,line: 2159     INFO | Adding Nonbonded force...
2026/03/19 05:44:47 energy_component,line: 338 DECOMPOSE | Decomposed Res Num: 18, Total Res Num: 447, Decomposition Progress: 4.026845637583892
2026/03/19 05:44:48 structure,line: 2132     INFO | Adding bonds...
2026/03/19 05:44:48 structure,line: 2135     INFO | Adding angles...
2026/03/19 05:44:48 structure,line: 2138     INFO | Adding dihedrals...
2026/03/19 05:44:48 structure,line: 2141     INFO | Adding Ryckaert-Bellemans torsions...
2026/03/19 05:44:48 structure,line: 2143     INFO | Adding Urey-Bradleys...
2026/03/19 05:44:48 structure,line: 2145     INFO | Adding improper torsions...
2026/03/19 05:44:48 structure,line: 2147     INFO | Adding CMAP torsions...
2026/03/19 05:44:48 structure,line: 2149     INFO | Adding trigonal angle terms...
2026/03/19 05:44:48 structure,line: 2151     INFO | Adding out-of-plane bends...
2026/03/19 05:44:48 structure,line: 2153     INFO | Adding pi-torsions...
2026/03/19 05:44:48 structure,line: 2155     INFO | Adding stretch-bends...
2026/03/19 05:44:48 structure,line: 2157     INFO | Adding torsion-torsions...
2026/03/19 05:44:48 structure,line: 2159     INFO | Adding Nonbonded force...
2026/03/19 05:44:48 energy_component,line: 338 DECOMPOSE | Decomposed Res Num: 19, Total Res Num: 447, Decomposition Progress: 4.250559284116331
2026/03/19 05:44:49 structure,line: 2132     INFO | Adding bonds...
2026/03/19 05:44:49 structure,line: 2135     INFO | Adding angles...
2026/03/19 05:44:49 structure,line: 2138     INFO | Adding dihedrals...
2026/03/19 05:44:49 structure,line: 2141     INFO | Adding Ryckaert-Bellemans torsions...
2026/03/19 05:44:49 structure,line: 2143     INFO | Adding Urey-Bradleys...
2026/03/19 05:44:49 structure,line: 2145     INFO | Adding improper torsions...
2026/03/19 05:44:49 structure,line: 2147     INFO | Adding CMAP torsions...
2026/03/19 05:44:49 structure,line: 2149     INFO | Adding trigonal angle terms...
2026/03/19 05:44:49 structure,line: 2151     INFO | Adding out-of-plane bends...
2026/03/19 05:44:49 structure,line: 2153     INFO | Adding pi-torsions...
2026/03/19 05:44:49 structure,line: 2155     INFO | Adding stretch-bends...
2026/03/19 05:44:49 structure,line: 2157     INFO | Adding torsion-torsions...
2026/03/19 05:44:49 structure,line: 2159     INFO | Adding Nonbonded force...
2026/03/19 05:44:49 energy_component,line: 338 DECOMPOSE | Decomposed Res Num: 20, Total Res Num: 447, Decomposition Progress: 4.47427293064877
2026/03/19 05:44:50 structure,line: 2132     INFO | Adding bonds...
2026/03/19 05:44:50 structure,line: 2135     INFO | Adding angles...
2026/03/19 05:44:50 structure,line: 2138     INFO | Adding dihedrals...
2026/03/19 05:44:50 structure,line: 2141     INFO | Adding Ryckaert-Bellemans torsions...
2026/03/19 05:44:50 structure,line: 2143     INFO | Adding Urey-Bradleys...
2026/03/19 05:44:50 structure,line: 2145     INFO | Adding improper torsions...
2026/03/19 05:44:50 structure,line: 2147     INFO | Adding CMAP torsions...
2026/03/19 05:44:50 structure,line: 2149     INFO | Adding trigonal angle terms...
2026/03/19 05:44:50 structure,line: 2151     INFO | Adding out-of-plane bends...
2026/03/19 05:44:50 structure,line: 2153     INFO | Adding pi-torsions...
2026/03/19 05:44:50 structure,line: 2155     INFO | Adding stretch-bends...
2026/03/19 05:44:50 structure,line: 2157     INFO | Adding torsion-torsions...
2026/03/19 05:44:50 structure,line: 2159     INFO | Adding Nonbonded force...
2026/03/19 05:44:50 energy_component,line: 338 DECOMPOSE | Decomposed Res Num: 21, Total Res Num: 447, Decomposition Progress: 4.697986577181208
2026/03/19 05:44:50 structure,line: 2132     INFO | Adding bonds...
2026/03/19 05:44:50 structure,line: 2135     INFO | Adding angles...
2026/03/19 05:44:50 structure,line: 2138     INFO | Adding dihedrals...
2026/03/19 05:44:50 structure,line: 2141     INFO | Adding Ryckaert-Bellemans torsions...
2026/03/19 05:44:50 structure,line: 2143     INFO | Adding Urey-Bradleys...
2026/03/19 05:44:50 structure,line: 2145     INFO | Adding improper torsions...
2026/03/19 05:44:50 structure,line: 2147     INFO | Adding CMAP torsions...
2026/03/19 05:44:50 structure,line: 2149     INFO | Adding trigonal angle terms...
2026/03/19 05:44:50 structure,line: 2151     INFO | Adding out-of-plane bends...
2026/03/19 05:44:50 structure,line: 2153     INFO | Adding pi-torsions...
2026/03/19 05:44:50 structure,line: 2155     INFO | Adding stretch-bends...
2026/03/19 05:44:50 structure,line: 2157     INFO | Adding torsion-torsions...
2026/03/19 05:44:50 structure,line: 2159     INFO | Adding Nonbonded force...
2026/03/19 05:44:51 energy_component,line: 338 DECOMPOSE | Decomposed Res Num: 22, Total Res Num: 447, Decomposition Progress: 4.921700223713646
2026/03/19 05:44:51 structure,line: 2132     INFO | Adding bonds...
2026/03/19 05:44:51 structure,line: 2135     INFO | Adding angles...
2026/03/19 05:44:51 structure,line: 2138     INFO | Adding dihedrals...
2026/03/19 05:44:51 structure,line: 2141     INFO | Adding Ryckaert-Bellemans torsions...
2026/03/19 05:44:51 structure,line: 2143     INFO | Adding Urey-Bradleys...
2026/03/19 05:44:51 structure,line: 2145     INFO | Adding improper torsions...
2026/03/19 05:44:51 structure,line: 2147     INFO | Adding CMAP torsions...
2026/03/19 05:44:51 structure,line: 2149     INFO | Adding trigonal angle terms...
2026/03/19 05:44:51 structure,line: 2151     INFO | Adding out-of-plane bends...
2026/03/19 05:44:51 structure,line: 2153     INFO | Adding pi-torsions...
2026/03/19 05:44:51 structure,line: 2155     INFO | Adding stretch-bends...
2026/03/19 05:44:51 structure,line: 2157     INFO | Adding torsion-torsions...
2026/03/19 05:44:51 structure,line: 2159     INFO | Adding Nonbonded force...
2026/03/19 05:44:51 energy_component,line: 338 DECOMPOSE | Decomposed Res Num: 23, Total Res Num: 447, Decomposition Progress: 5.1454138702460845
2026/03/19 05:44:52 structure,line: 2132     INFO | Adding bonds...
2026/03/19 05:44:52 structure,line: 2135     INFO | Adding angles...
2026/03/19 05:44:52 structure,line: 2138     INFO | Adding dihedrals...
2026/03/19 05:44:52 structure,line: 2141     INFO | Adding Ryckaert-Bellemans torsions...
2026/03/19 05:44:52 structure,line: 2143     INFO | Adding Urey-Bradleys...
2026/03/19 05:44:52 structure,line: 2145     INFO | Adding improper torsions...
2026/03/19 05:44:52 structure,line: 2147     INFO | Adding CMAP torsions...
2026/03/19 05:44:52 structure,line: 2149     INFO | Adding trigonal angle terms...
2026/03/19 05:44:52 structure,line: 2151     INFO | Adding out-of-plane bends...
2026/03/19 05:44:52 structure,line: 2153     INFO | Adding pi-torsions...
2026/03/19 05:44:52 structure,line: 2155     INFO | Adding stretch-bends...
2026/03/19 05:44:52 structure,line: 2157     INFO | Adding torsion-torsions...
2026/03/19 05:44:52 structure,line: 2159     INFO | Adding Nonbonded force...
2026/03/19 05:44:52 energy_component,line: 338 DECOMPOSE | Decomposed Res Num: 24, Total Res Num: 447, Decomposition Progress: 5.369127516778524
2026/03/19 05:44:53 structure,line: 2132     INFO | Adding bonds...
2026/03/19 05:44:53 structure,line: 2135     INFO | Adding angles...
2026/03/19 05:44:53 structure,line: 2138     INFO | Adding dihedrals...
2026/03/19 05:44:53 structure,line: 2141     INFO | Adding Ryckaert-Bellemans torsions...
2026/03/19 05:44:53 structure,line: 2143     INFO | Adding Urey-Bradleys...
2026/03/19 05:44:53 structure,line: 2145     INFO | Adding improper torsions...
2026/03/19 05:44:53 structure,line: 2147     INFO | Adding CMAP torsions...
2026/03/19 05:44:53 structure,line: 2149     INFO | Adding trigonal angle terms...
2026/03/19 05:44:53 structure,line: 2151     INFO | Adding out-of-plane bends...
2026/03/19 05:44:53 structure,line: 2153     INFO | Adding pi-torsions...
2026/03/19 05:44:53 structure,line: 2155     INFO | Adding stretch-bends...
2026/03/19 05:44:53 structure,line: 2157     INFO | Adding torsion-torsions...
2026/03/19 05:44:53 structure,line: 2159     INFO | Adding Nonbonded force...
2026/03/19 05:44:53 energy_component,line: 338 DECOMPOSE | Decomposed Res Num: 25, Total Res Num: 447, Decomposition Progress: 5.592841163310962
2026/03/19 05:44:54 structure,line: 2132     INFO | Adding bonds...
2026/03/19 05:44:54 structure,line: 2135     INFO | Adding angles...
2026/03/19 05:44:54 structure,line: 2138     INFO | Adding dihedrals...
2026/03/19 05:44:54 structure,line: 2141     INFO | Adding Ryckaert-Bellemans torsions...
2026/03/19 05:44:54 structure,line: 2143     INFO | Adding Urey-Bradleys...
2026/03/19 05:44:54 structure,line: 2145     INFO | Adding improper torsions...
2026/03/19 05:44:54 structure,line: 2147     INFO | Adding CMAP torsions...
2026/03/19 05:44:54 structure,line: 2149     INFO | Adding trigonal angle terms...
2026/03/19 05:44:54 structure,line: 2151     INFO | Adding out-of-plane bends...
2026/03/19 05:44:54 structure,line: 2153     INFO | Adding pi-torsions...
2026/03/19 05:44:54 structure,line: 2155     INFO | Adding stretch-bends...
2026/03/19 05:44:54 structure,line: 2157     INFO | Adding torsion-torsions...
2026/03/19 05:44:54 structure,line: 2159     INFO | Adding Nonbonded force...
2026/03/19 05:44:54 energy_component,line: 338 DECOMPOSE | Decomposed Res Num: 26, Total Res Num: 447, Decomposition Progress: 5.8165548098434
2026/03/19 05:44:57 structure,line: 2132     INFO | Adding bonds...
2026/03/19 05:44:57 structure,line: 2135     INFO | Adding angles...
2026/03/19 05:44:57 structure,line: 2138     INFO | Adding dihedrals...
2026/03/19 05:44:57 structure,line: 2141     INFO | Adding Ryckaert-Bellemans torsions...
2026/03/19 05:44:57 structure,line: 2143     INFO | Adding Urey-Bradleys...
2026/03/19 05:44:57 structure,line: 2145     INFO | Adding improper torsions...
2026/03/19 05:44:57 structure,line: 2147     INFO | Adding CMAP torsions...
2026/03/19 05:44:57 structure,line: 2149     INFO | Adding trigonal angle terms...
2026/03/19 05:44:57 structure,line: 2151     INFO | Adding out-of-plane bends...
2026/03/19 05:44:57 structure,line: 2153     INFO | Adding pi-torsions...
2026/03/19 05:44:57 structure,line: 2155     INFO | Adding stretch-bends...
2026/03/19 05:44:57 structure,line: 2157     INFO | Adding torsion-torsions...
2026/03/19 05:44:57 structure,line: 2159     INFO | Adding Nonbonded force...
2026/03/19 05:44:57 energy_component,line: 338 DECOMPOSE | Decomposed Res Num: 27, Total Res Num: 447, Decomposition Progress: 6.0402684563758395
2026/03/19 05:44:58 structure,line: 2132     INFO | Adding bonds...
2026/03/19 05:44:58 structure,line: 2135     INFO | Adding angles...
2026/03/19 05:44:58 structure,line: 2138     INFO | Adding dihedrals...
2026/03/19 05:44:58 structure,line: 2141     INFO | Adding Ryckaert-Bellemans torsions...
2026/03/19 05:44:58 structure,line: 2143     INFO | Adding Urey-Bradleys...
2026/03/19 05:44:58 structure,line: 2145     INFO | Adding improper torsions...
2026/03/19 05:44:58 structure,line: 2147     INFO | Adding CMAP torsions...
2026/03/19 05:44:58 structure,line: 2149     INFO | Adding trigonal angle terms...
2026/03/19 05:44:58 structure,line: 2151     INFO | Adding out-of-plane bends...
2026/03/19 05:44:58 structure,line: 2153     INFO | Adding pi-torsions...
2026/03/19 05:44:58 structure,line: 2155     INFO | Adding stretch-bends...
2026/03/19 05:44:58 structure,line: 2157     INFO | Adding torsion-torsions...
2026/03/19 05:44:58 structure,line: 2159     INFO | Adding Nonbonded force...
2026/03/19 05:44:58 energy_component,line: 338 DECOMPOSE | Decomposed Res Num: 28, Total Res Num: 447, Decomposition Progress: 6.263982102908278
2026/03/19 05:44:59 structure,line: 2132     INFO | Adding bonds...
2026/03/19 05:44:59 structure,line: 2135     INFO | Adding angles...
2026/03/19 05:44:59 structure,line: 2138     INFO | Adding dihedrals...
2026/03/19 05:44:59 structure,line: 2141     INFO | Adding Ryckaert-Bellemans torsions...
2026/03/19 05:44:59 structure,line: 2143     INFO | Adding Urey-Bradleys...
2026/03/19 05:44:59 structure,line: 2145     INFO | Adding improper torsions...
2026/03/19 05:44:59 structure,line: 2147     INFO | Adding CMAP torsions...
2026/03/19 05:44:59 structure,line: 2149     INFO | Adding trigonal angle terms...
2026/03/19 05:44:59 structure,line: 2151     INFO | Adding out-of-plane bends...
2026/03/19 05:44:59 structure,line: 2153     INFO | Adding pi-torsions...
2026/03/19 05:44:59 structure,line: 2155     INFO | Adding stretch-bends...
2026/03/19 05:44:59 structure,line: 2157     INFO | Adding torsion-torsions...
2026/03/19 05:44:59 structure,line: 2159     INFO | Adding Nonbonded force...
2026/03/19 05:44:59 energy_component,line: 338 DECOMPOSE | Decomposed Res Num: 29, Total Res Num: 447, Decomposition Progress: 6.487695749440715
2026/03/19 05:45:00 structure,line: 2132     INFO | Adding bonds...
2026/03/19 05:45:00 structure,line: 2135     INFO | Adding angles...
2026/03/19 05:45:00 structure,line: 2138     INFO | Adding dihedrals...
2026/03/19 05:45:00 structure,line: 2141     INFO | Adding Ryckaert-Bellemans torsions...
2026/03/19 05:45:00 structure,line: 2143     INFO | Adding Urey-Bradleys...
2026/03/19 05:45:00 structure,line: 2145     INFO | Adding improper torsions...
2026/03/19 05:45:00 structure,line: 2147     INFO | Adding CMAP torsions...
2026/03/19 05:45:00 structure,line: 2149     INFO | Adding trigonal angle terms...
2026/03/19 05:45:00 structure,line: 2151     INFO | Adding out-of-plane bends...
2026/03/19 05:45:00 structure,line: 2153     INFO | Adding pi-torsions...
2026/03/19 05:45:00 structure,line: 2155     INFO | Adding stretch-bends...
2026/03/19 05:45:00 structure,line: 2157     INFO | Adding torsion-torsions...
2026/03/19 05:45:00 structure,line: 2159     INFO | Adding Nonbonded force...
2026/03/19 05:45:00 energy_component,line: 338 DECOMPOSE | Decomposed Res Num: 30, Total Res Num: 447, Decomposition Progress: 6.7114093959731544
2026/03/19 05:45:00 structure,line: 2132     INFO | Adding bonds...
2026/03/19 05:45:00 structure,line: 2135     INFO | Adding angles...
2026/03/19 05:45:00 structure,line: 2138     INFO | Adding dihedrals...
2026/03/19 05:45:00 structure,line: 2141     INFO | Adding Ryckaert-Bellemans torsions...
2026/03/19 05:45:00 structure,line: 2143     INFO | Adding Urey-Bradleys...
2026/03/19 05:45:00 structure,line: 2145     INFO | Adding improper torsions...
2026/03/19 05:45:00 structure,line: 2147     INFO | Adding CMAP torsions...
2026/03/19 05:45:00 structure,line: 2149     INFO | Adding trigonal angle terms...
2026/03/19 05:45:00 structure,line: 2151     INFO | Adding out-of-plane bends...
2026/03/19 05:45:00 structure,line: 2153     INFO | Adding pi-torsions...
2026/03/19 05:45:00 structure,line: 2155     INFO | Adding stretch-bends...
2026/03/19 05:45:00 structure,line: 2157     INFO | Adding torsion-torsions...
2026/03/19 05:45:00 structure,line: 2159     INFO | Adding Nonbonded force...
2026/03/19 05:45:01 energy_component,line: 338 DECOMPOSE | Decomposed Res Num: 31, Total Res Num: 447, Decomposition Progress: 6.935123042505594
2026/03/19 05:45:01 structure,line: 2132     INFO | Adding bonds...
2026/03/19 05:45:01 structure,line: 2135     INFO | Adding angles...
2026/03/19 05:45:01 structure,line: 2138     INFO | Adding dihedrals...
2026/03/19 05:45:01 structure,line: 2141     INFO | Adding Ryckaert-Bellemans torsions...
2026/03/19 05:45:01 structure,line: 2143     INFO | Adding Urey-Bradleys...
2026/03/19 05:45:01 structure,line: 2145     INFO | Adding improper torsions...
2026/03/19 05:45:01 structure,line: 2147     INFO | Adding CMAP torsions...
2026/03/19 05:45:01 structure,line: 2149     INFO | Adding trigonal angle terms...
2026/03/19 05:45:01 structure,line: 2151     INFO | Adding out-of-plane bends...
2026/03/19 05:45:01 structure,line: 2153     INFO | Adding pi-torsions...
2026/03/19 05:45:01 structure,line: 2155     INFO | Adding stretch-bends...
2026/03/19 05:45:01 structure,line: 2157     INFO | Adding torsion-torsions...
2026/03/19 05:45:01 structure,line: 2159     INFO | Adding Nonbonded force...
2026/03/19 05:45:01 energy_component,line: 338 DECOMPOSE | Decomposed Res Num: 32, Total Res Num: 447, Decomposition Progress: 7.158836689038031
2026/03/19 05:45:02 structure,line: 2132     INFO | Adding bonds...
2026/03/19 05:45:02 structure,line: 2135     INFO | Adding angles...
2026/03/19 05:45:02 structure,line: 2138     INFO | Adding dihedrals...
2026/03/19 05:45:02 structure,line: 2141     INFO | Adding Ryckaert-Bellemans torsions...
2026/03/19 05:45:02 structure,line: 2143     INFO | Adding Urey-Bradleys...
2026/03/19 05:45:02 structure,line: 2145     INFO | Adding improper torsions...
2026/03/19 05:45:02 structure,line: 2147     INFO | Adding CMAP torsions...
2026/03/19 05:45:02 structure,line: 2149     INFO | Adding trigonal angle terms...
2026/03/19 05:45:02 structure,line: 2151     INFO | Adding out-of-plane bends...
2026/03/19 05:45:02 structure,line: 2153     INFO | Adding pi-torsions...
2026/03/19 05:45:02 structure,line: 2155     INFO | Adding stretch-bends...
2026/03/19 05:45:02 structure,line: 2157     INFO | Adding torsion-torsions...
2026/03/19 05:45:02 structure,line: 2159     INFO | Adding Nonbonded force...
2026/03/19 05:45:02 energy_component,line: 338 DECOMPOSE | Decomposed Res Num: 33, Total Res Num: 447, Decomposition Progress: 7.38255033557047
2026/03/19 05:45:03 structure,line: 2132     INFO | Adding bonds...
2026/03/19 05:45:03 structure,line: 2135     INFO | Adding angles...
2026/03/19 05:45:03 structure,line: 2138     INFO | Adding dihedrals...
2026/03/19 05:45:03 structure,line: 2141     INFO | Adding Ryckaert-Bellemans torsions...
2026/03/19 05:45:03 structure,line: 2143     INFO | Adding Urey-Bradleys...
2026/03/19 05:45:03 structure,line: 2145     INFO | Adding improper torsions...
2026/03/19 05:45:03 structure,line: 2147     INFO | Adding CMAP torsions...
2026/03/19 05:45:03 structure,line: 2149     INFO | Adding trigonal angle terms...
2026/03/19 05:45:03 structure,line: 2151     INFO | Adding out-of-plane bends...
2026/03/19 05:45:03 structure,line: 2153     INFO | Adding pi-torsions...
2026/03/19 05:45:03 structure,line: 2155     INFO | Adding stretch-bends...
2026/03/19 05:45:03 structure,line: 2157     INFO | Adding torsion-torsions...
2026/03/19 05:45:03 structure,line: 2159     INFO | Adding Nonbonded force...
2026/03/19 05:45:03 energy_component,line: 338 DECOMPOSE | Decomposed Res Num: 34, Total Res Num: 447, Decomposition Progress: 7.606263982102908
2026/03/19 05:45:04 structure,line: 2132     INFO | Adding bonds...
2026/03/19 05:45:04 structure,line: 2135     INFO | Adding angles...
2026/03/19 05:45:04 structure,line: 2138     INFO | Adding dihedrals...
2026/03/19 05:45:04 structure,line: 2141     INFO | Adding Ryckaert-Bellemans torsions...
2026/03/19 05:45:04 structure,line: 2143     INFO | Adding Urey-Bradleys...
2026/03/19 05:45:04 structure,line: 2145     INFO | Adding improper torsions...
2026/03/19 05:45:04 structure,line: 2147     INFO | Adding CMAP torsions...
2026/03/19 05:45:04 structure,line: 2149     INFO | Adding trigonal angle terms...
2026/03/19 05:45:04 structure,line: 2151     INFO | Adding out-of-plane bends...
2026/03/19 05:45:04 structure,line: 2153     INFO | Adding pi-torsions...
2026/03/19 05:45:04 structure,line: 2155     INFO | Adding stretch-bends...
2026/03/19 05:45:04 structure,line: 2157     INFO | Adding torsion-torsions...
2026/03/19 05:45:04 structure,line: 2159     INFO | Adding Nonbonded force...
2026/03/19 05:45:04 energy_component,line: 338 DECOMPOSE | Decomposed Res Num: 35, Total Res Num: 447, Decomposition Progress: 7.829977628635347
2026/03/19 05:45:04 structure,line: 2132     INFO | Adding bonds...
2026/03/19 05:45:04 structure,line: 2135     INFO | Adding angles...
2026/03/19 05:45:04 structure,line: 2138     INFO | Adding dihedrals...
2026/03/19 05:45:04 structure,line: 2141     INFO | Adding Ryckaert-Bellemans torsions...
2026/03/19 05:45:04 structure,line: 2143     INFO | Adding Urey-Bradleys...
2026/03/19 05:45:04 structure,line: 2145     INFO | Adding improper torsions...
2026/03/19 05:45:04 structure,line: 2147     INFO | Adding CMAP torsions...
2026/03/19 05:45:04 structure,line: 2149     INFO | Adding trigonal angle terms...
2026/03/19 05:45:04 structure,line: 2151     INFO | Adding out-of-plane bends...
2026/03/19 05:45:04 structure,line: 2153     INFO | Adding pi-torsions...
2026/03/19 05:45:04 structure,line: 2155     INFO | Adding stretch-bends...
2026/03/19 05:45:04 structure,line: 2157     INFO | Adding torsion-torsions...
2026/03/19 05:45:04 structure,line: 2159     INFO | Adding Nonbonded force...
2026/03/19 05:45:05 energy_component,line: 338 DECOMPOSE | Decomposed Res Num: 36, Total Res Num: 447, Decomposition Progress: 8.053691275167784
2026/03/19 05:45:05 structure,line: 2132     INFO | Adding bonds...
2026/03/19 05:45:05 structure,line: 2135     INFO | Adding angles...
2026/03/19 05:45:05 structure,line: 2138     INFO | Adding dihedrals...
2026/03/19 05:45:05 structure,line: 2141     INFO | Adding Ryckaert-Bellemans torsions...
2026/03/19 05:45:05 structure,line: 2143     INFO | Adding Urey-Bradleys...
2026/03/19 05:45:05 structure,line: 2145     INFO | Adding improper torsions...
2026/03/19 05:45:05 structure,line: 2147     INFO | Adding CMAP torsions...
2026/03/19 05:45:05 structure,line: 2149     INFO | Adding trigonal angle terms...
2026/03/19 05:45:05 structure,line: 2151     INFO | Adding out-of-plane bends...
2026/03/19 05:45:05 structure,line: 2153     INFO | Adding pi-torsions...
2026/03/19 05:45:05 structure,line: 2155     INFO | Adding stretch-bends...
2026/03/19 05:45:05 structure,line: 2157     INFO | Adding torsion-torsions...
2026/03/19 05:45:05 structure,line: 2159     INFO | Adding Nonbonded force...
2026/03/19 05:45:05 energy_component,line: 338 DECOMPOSE | Decomposed Res Num: 37, Total Res Num: 447, Decomposition Progress: 8.277404921700224
2026/03/19 05:45:06 structure,line: 2132     INFO | Adding bonds...
2026/03/19 05:45:06 structure,line: 2135     INFO | Adding angles...
2026/03/19 05:45:06 structure,line: 2138     INFO | Adding dihedrals...
2026/03/19 05:45:06 structure,line: 2141     INFO | Adding Ryckaert-Bellemans torsions...
2026/03/19 05:45:06 structure,line: 2143     INFO | Adding Urey-Bradleys...
2026/03/19 05:45:06 structure,line: 2145     INFO | Adding improper torsions...
2026/03/19 05:45:06 structure,line: 2147     INFO | Adding CMAP torsions...
2026/03/19 05:45:06 structure,line: 2149     INFO | Adding trigonal angle terms...
2026/03/19 05:45:06 structure,line: 2151     INFO | Adding out-of-plane bends...
2026/03/19 05:45:06 structure,line: 2153     INFO | Adding pi-torsions...
2026/03/19 05:45:06 structure,line: 2155     INFO | Adding stretch-bends...
2026/03/19 05:45:06 structure,line: 2157     INFO | Adding torsion-torsions...
2026/03/19 05:45:06 structure,line: 2159     INFO | Adding Nonbonded force...
2026/03/19 05:45:06 energy_component,line: 338 DECOMPOSE | Decomposed Res Num: 38, Total Res Num: 447, Decomposition Progress: 8.501118568232663
2026/03/19 05:45:07 structure,line: 2132     INFO | Adding bonds...
2026/03/19 05:45:07 structure,line: 2135     INFO | Adding angles...
2026/03/19 05:45:07 structure,line: 2138     INFO | Adding dihedrals...
2026/03/19 05:45:07 structure,line: 2141     INFO | Adding Ryckaert-Bellemans torsions...
2026/03/19 05:45:07 structure,line: 2143     INFO | Adding Urey-Bradleys...
2026/03/19 05:45:07 structure,line: 2145     INFO | Adding improper torsions...
2026/03/19 05:45:07 structure,line: 2147     INFO | Adding CMAP torsions...
2026/03/19 05:45:07 structure,line: 2149     INFO | Adding trigonal angle terms...
2026/03/19 05:45:07 structure,line: 2151     INFO | Adding out-of-plane bends...
2026/03/19 05:45:07 structure,line: 2153     INFO | Adding pi-torsions...
2026/03/19 05:45:07 structure,line: 2155     INFO | Adding stretch-bends...
2026/03/19 05:45:07 structure,line: 2157     INFO | Adding torsion-torsions...
2026/03/19 05:45:07 structure,line: 2159     INFO | Adding Nonbonded force...
2026/03/19 05:45:07 energy_component,line: 338 DECOMPOSE | Decomposed Res Num: 39, Total Res Num: 447, Decomposition Progress: 8.724832214765101
2026/03/19 05:45:08 structure,line: 2132     INFO | Adding bonds...
2026/03/19 05:45:08 structure,line: 2135     INFO | Adding angles...
2026/03/19 05:45:08 structure,line: 2138     INFO | Adding dihedrals...
2026/03/19 05:45:08 structure,line: 2141     INFO | Adding Ryckaert-Bellemans torsions...
2026/03/19 05:45:08 structure,line: 2143     INFO | Adding Urey-Bradleys...
2026/03/19 05:45:08 structure,line: 2145     INFO | Adding improper torsions...
2026/03/19 05:45:08 structure,line: 2147     INFO | Adding CMAP torsions...
2026/03/19 05:45:08 structure,line: 2149     INFO | Adding trigonal angle terms...
2026/03/19 05:45:08 structure,line: 2151     INFO | Adding out-of-plane bends...
2026/03/19 05:45:08 structure,line: 2153     INFO | Adding pi-torsions...
2026/03/19 05:45:08 structure,line: 2155     INFO | Adding stretch-bends...
2026/03/19 05:45:08 structure,line: 2157     INFO | Adding torsion-torsions...
2026/03/19 05:45:08 structure,line: 2159     INFO | Adding Nonbonded force...
2026/03/19 05:45:08 energy_component,line: 338 DECOMPOSE | Decomposed Res Num: 40, Total Res Num: 447, Decomposition Progress: 8.94854586129754
2026/03/19 05:45:08 structure,line: 2132     INFO | Adding bonds...
2026/03/19 05:45:08 structure,line: 2135     INFO | Adding angles...
2026/03/19 05:45:08 structure,line: 2138     INFO | Adding dihedrals...
2026/03/19 05:45:08 structure,line: 2141     INFO | Adding Ryckaert-Bellemans torsions...
2026/03/19 05:45:08 structure,line: 2143     INFO | Adding Urey-Bradleys...
2026/03/19 05:45:08 structure,line: 2145     INFO | Adding improper torsions...
2026/03/19 05:45:08 structure,line: 2147     INFO | Adding CMAP torsions...
2026/03/19 05:45:08 structure,line: 2149     INFO | Adding trigonal angle terms...
2026/03/19 05:45:08 structure,line: 2151     INFO | Adding out-of-plane bends...
2026/03/19 05:45:08 structure,line: 2153     INFO | Adding pi-torsions...
2026/03/19 05:45:08 structure,line: 2155     INFO | Adding stretch-bends...
2026/03/19 05:45:08 structure,line: 2157     INFO | Adding torsion-torsions...
2026/03/19 05:45:08 structure,line: 2159     INFO | Adding Nonbonded force...
2026/03/19 05:45:09 energy_component,line: 338 DECOMPOSE | Decomposed Res Num: 41, Total Res Num: 447, Decomposition Progress: 9.172259507829978
2026/03/19 05:45:12 structure,line: 2132     INFO | Adding bonds...
2026/03/19 05:45:12 structure,line: 2135     INFO | Adding angles...
2026/03/19 05:45:12 structure,line: 2138     INFO | Adding dihedrals...
2026/03/19 05:45:12 structure,line: 2141     INFO | Adding Ryckaert-Bellemans torsions...
2026/03/19 05:45:12 structure,line: 2143     INFO | Adding Urey-Bradleys...
2026/03/19 05:45:12 structure,line: 2145     INFO | Adding improper torsions...
2026/03/19 05:45:12 structure,line: 2147     INFO | Adding CMAP torsions...
2026/03/19 05:45:12 structure,line: 2149     INFO | Adding trigonal angle terms...
2026/03/19 05:45:12 structure,line: 2151     INFO | Adding out-of-plane bends...
2026/03/19 05:45:12 structure,line: 2153     INFO | Adding pi-torsions...
2026/03/19 05:45:12 structure,line: 2155     INFO | Adding stretch-bends...
2026/03/19 05:45:12 structure,line: 2157     INFO | Adding torsion-torsions...
2026/03/19 05:45:12 structure,line: 2159     INFO | Adding Nonbonded force...
2026/03/19 05:45:12 energy_component,line: 338 DECOMPOSE | Decomposed Res Num: 42, Total Res Num: 447, Decomposition Progress: 9.395973154362416
2026/03/19 05:45:13 structure,line: 2132     INFO | Adding bonds...
2026/03/19 05:45:13 structure,line: 2135     INFO | Adding angles...
2026/03/19 05:45:13 structure,line: 2138     INFO | Adding dihedrals...
2026/03/19 05:45:13 structure,line: 2141     INFO | Adding Ryckaert-Bellemans torsions...
2026/03/19 05:45:13 structure,line: 2143     INFO | Adding Urey-Bradleys...
2026/03/19 05:45:13 structure,line: 2145     INFO | Adding improper torsions...
2026/03/19 05:45:13 structure,line: 2147     INFO | Adding CMAP torsions...
2026/03/19 05:45:13 structure,line: 2149     INFO | Adding trigonal angle terms...
2026/03/19 05:45:13 structure,line: 2151     INFO | Adding out-of-plane bends...
2026/03/19 05:45:13 structure,line: 2153     INFO | Adding pi-torsions...
2026/03/19 05:45:13 structure,line: 2155     INFO | Adding stretch-bends...
2026/03/19 05:45:13 structure,line: 2157     INFO | Adding torsion-torsions...
2026/03/19 05:45:13 structure,line: 2159     INFO | Adding Nonbonded force...
2026/03/19 05:45:13 energy_component,line: 338 DECOMPOSE | Decomposed Res Num: 43, Total Res Num: 447, Decomposition Progress: 9.619686800894854
2026/03/19 05:45:14 structure,line: 2132     INFO | Adding bonds...
2026/03/19 05:45:14 structure,line: 2135     INFO | Adding angles...
2026/03/19 05:45:14 structure,line: 2138     INFO | Adding dihedrals...
2026/03/19 05:45:14 structure,line: 2141     INFO | Adding Ryckaert-Bellemans torsions...
2026/03/19 05:45:14 structure,line: 2143     INFO | Adding Urey-Bradleys...
2026/03/19 05:45:14 structure,line: 2145     INFO | Adding improper torsions...
2026/03/19 05:45:14 structure,line: 2147     INFO | Adding CMAP torsions...
2026/03/19 05:45:14 structure,line: 2149     INFO | Adding trigonal angle terms...
2026/03/19 05:45:14 structure,line: 2151     INFO | Adding out-of-plane bends...
2026/03/19 05:45:14 structure,line: 2153     INFO | Adding pi-torsions...
2026/03/19 05:45:14 structure,line: 2155     INFO | Adding stretch-bends...
2026/03/19 05:45:14 structure,line: 2157     INFO | Adding torsion-torsions...
2026/03/19 05:45:14 structure,line: 2159     INFO | Adding Nonbonded force...
2026/03/19 05:45:14 energy_component,line: 338 DECOMPOSE | Decomposed Res Num: 44, Total Res Num: 447, Decomposition Progress: 9.843400447427292
2026/03/19 05:45:14 structure,line: 2132     INFO | Adding bonds...
2026/03/19 05:45:14 structure,line: 2135     INFO | Adding angles...
2026/03/19 05:45:14 structure,line: 2138     INFO | Adding dihedrals...
2026/03/19 05:45:14 structure,line: 2141     INFO | Adding Ryckaert-Bellemans torsions...
2026/03/19 05:45:14 structure,line: 2143     INFO | Adding Urey-Bradleys...
2026/03/19 05:45:14 structure,line: 2145     INFO | Adding improper torsions...
2026/03/19 05:45:14 structure,line: 2147     INFO | Adding CMAP torsions...
2026/03/19 05:45:14 structure,line: 2149     INFO | Adding trigonal angle terms...
2026/03/19 05:45:14 structure,line: 2151     INFO | Adding out-of-plane bends...
2026/03/19 05:45:14 structure,line: 2153     INFO | Adding pi-torsions...
2026/03/19 05:45:14 structure,line: 2155     INFO | Adding stretch-bends...
2026/03/19 05:45:14 structure,line: 2157     INFO | Adding torsion-torsions...
2026/03/19 05:45:14 structure,line: 2159     INFO | Adding Nonbonded force...
2026/03/19 05:45:15 energy_component,line: 338 DECOMPOSE | Decomposed Res Num: 45, Total Res Num: 447, Decomposition Progress: 10.06711409395973
2026/03/19 05:45:15 structure,line: 2132     INFO | Adding bonds...
2026/03/19 05:45:15 structure,line: 2135     INFO | Adding angles...
2026/03/19 05:45:15 structure,line: 2138     INFO | Adding dihedrals...
2026/03/19 05:45:15 structure,line: 2141     INFO | Adding Ryckaert-Bellemans torsions...
2026/03/19 05:45:15 structure,line: 2143     INFO | Adding Urey-Bradleys...
2026/03/19 05:45:15 structure,line: 2145     INFO | Adding improper torsions...
2026/03/19 05:45:15 structure,line: 2147     INFO | Adding CMAP torsions...
2026/03/19 05:45:15 structure,line: 2149     INFO | Adding trigonal angle terms...
2026/03/19 05:45:15 structure,line: 2151     INFO | Adding out-of-plane bends...
2026/03/19 05:45:15 structure,line: 2153     INFO | Adding pi-torsions...
2026/03/19 05:45:15 structure,line: 2155     INFO | Adding stretch-bends...
2026/03/19 05:45:15 structure,line: 2157     INFO | Adding torsion-torsions...
2026/03/19 05:45:15 structure,line: 2159     INFO | Adding Nonbonded force...
2026/03/19 05:45:15 energy_component,line: 338 DECOMPOSE | Decomposed Res Num: 46, Total Res Num: 447, Decomposition Progress: 10.290827740492169
2026/03/19 05:45:16 structure,line: 2132     INFO | Adding bonds...
2026/03/19 05:45:16 structure,line: 2135     INFO | Adding angles...
2026/03/19 05:45:16 structure,line: 2138     INFO | Adding dihedrals...
2026/03/19 05:45:16 structure,line: 2141     INFO | Adding Ryckaert-Bellemans torsions...
2026/03/19 05:45:16 structure,line: 2143     INFO | Adding Urey-Bradleys...
2026/03/19 05:45:16 structure,line: 2145     INFO | Adding improper torsions...
2026/03/19 05:45:16 structure,line: 2147     INFO | Adding CMAP torsions...
2026/03/19 05:45:16 structure,line: 2149     INFO | Adding trigonal angle terms...
2026/03/19 05:45:16 structure,line: 2151     INFO | Adding out-of-plane bends...
2026/03/19 05:45:16 structure,line: 2153     INFO | Adding pi-torsions...
2026/03/19 05:45:16 structure,line: 2155     INFO | Adding stretch-bends...
2026/03/19 05:45:16 structure,line: 2157     INFO | Adding torsion-torsions...
2026/03/19 05:45:16 structure,line: 2159     INFO | Adding Nonbonded force...
2026/03/19 05:45:16 energy_component,line: 338 DECOMPOSE | Decomposed Res Num: 47, Total Res Num: 447, Decomposition Progress: 10.51454138702461
2026/03/19 05:45:17 structure,line: 2132     INFO | Adding bonds...
2026/03/19 05:45:17 structure,line: 2135     INFO | Adding angles...
2026/03/19 05:45:17 structure,line: 2138     INFO | Adding dihedrals...
2026/03/19 05:45:17 structure,line: 2141     INFO | Adding Ryckaert-Bellemans torsions...
2026/03/19 05:45:17 structure,line: 2143     INFO | Adding Urey-Bradleys...
2026/03/19 05:45:17 structure,line: 2145     INFO | Adding improper torsions...
2026/03/19 05:45:17 structure,line: 2147     INFO | Adding CMAP torsions...
2026/03/19 05:45:17 structure,line: 2149     INFO | Adding trigonal angle terms...
2026/03/19 05:45:17 structure,line: 2151     INFO | Adding out-of-plane bends...
2026/03/19 05:45:17 structure,line: 2153     INFO | Adding pi-torsions...
2026/03/19 05:45:17 structure,line: 2155     INFO | Adding stretch-bends...
2026/03/19 05:45:17 structure,line: 2157     INFO | Adding torsion-torsions...
2026/03/19 05:45:17 structure,line: 2159     INFO | Adding Nonbonded force...
2026/03/19 05:45:17 energy_component,line: 338 DECOMPOSE | Decomposed Res Num: 48, Total Res Num: 447, Decomposition Progress: 10.738255033557047
2026/03/19 05:45:18 structure,line: 2132     INFO | Adding bonds...
2026/03/19 05:45:18 structure,line: 2135     INFO | Adding angles...
2026/03/19 05:45:18 structure,line: 2138     INFO | Adding dihedrals...
2026/03/19 05:45:18 structure,line: 2141     INFO | Adding Ryckaert-Bellemans torsions...
2026/03/19 05:45:18 structure,line: 2143     INFO | Adding Urey-Bradleys...
2026/03/19 05:45:18 structure,line: 2145     INFO | Adding improper torsions...
2026/03/19 05:45:18 structure,line: 2147     INFO | Adding CMAP torsions...
2026/03/19 05:45:18 structure,line: 2149     INFO | Adding trigonal angle terms...
2026/03/19 05:45:18 structure,line: 2151     INFO | Adding out-of-plane bends...
2026/03/19 05:45:18 structure,line: 2153     INFO | Adding pi-torsions...
2026/03/19 05:45:18 structure,line: 2155     INFO | Adding stretch-bends...
2026/03/19 05:45:18 structure,line: 2157     INFO | Adding torsion-torsions...
2026/03/19 05:45:18 structure,line: 2159     INFO | Adding Nonbonded force...
2026/03/19 05:45:18 energy_component,line: 338 DECOMPOSE | Decomposed Res Num: 49, Total Res Num: 447, Decomposition Progress: 10.961968680089486
2026/03/19 05:45:18 structure,line: 2132     INFO | Adding bonds...
2026/03/19 05:45:18 structure,line: 2135     INFO | Adding angles...
2026/03/19 05:45:18 structure,line: 2138     INFO | Adding dihedrals...
2026/03/19 05:45:18 structure,line: 2141     INFO | Adding Ryckaert-Bellemans torsions...
2026/03/19 05:45:18 structure,line: 2143     INFO | Adding Urey-Bradleys...
2026/03/19 05:45:18 structure,line: 2145     INFO | Adding improper torsions...
2026/03/19 05:45:18 structure,line: 2147     INFO | Adding CMAP torsions...
2026/03/19 05:45:18 structure,line: 2149     INFO | Adding trigonal angle terms...
2026/03/19 05:45:18 structure,line: 2151     INFO | Adding out-of-plane bends...
2026/03/19 05:45:18 structure,line: 2153     INFO | Adding pi-torsions...
2026/03/19 05:45:18 structure,line: 2155     INFO | Adding stretch-bends...
2026/03/19 05:45:18 structure,line: 2157     INFO | Adding torsion-torsions...
2026/03/19 05:45:18 structure,line: 2159     INFO | Adding Nonbonded force...
2026/03/19 05:45:19 energy_component,line: 338 DECOMPOSE | Decomposed Res Num: 50, Total Res Num: 447, Decomposition Progress: 11.185682326621924
2026/03/19 05:45:19 structure,line: 2132     INFO | Adding bonds...
2026/03/19 05:45:19 structure,line: 2135     INFO | Adding angles...
2026/03/19 05:45:19 structure,line: 2138     INFO | Adding dihedrals...
2026/03/19 05:45:19 structure,line: 2141     INFO | Adding Ryckaert-Bellemans torsions...
2026/03/19 05:45:19 structure,line: 2143     INFO | Adding Urey-Bradleys...
2026/03/19 05:45:19 structure,line: 2145     INFO | Adding improper torsions...
2026/03/19 05:45:19 structure,line: 2147     INFO | Adding CMAP torsions...
2026/03/19 05:45:19 structure,line: 2149     INFO | Adding trigonal angle terms...
2026/03/19 05:45:19 structure,line: 2151     INFO | Adding out-of-plane bends...
2026/03/19 05:45:19 structure,line: 2153     INFO | Adding pi-torsions...
2026/03/19 05:45:19 structure,line: 2155     INFO | Adding stretch-bends...
2026/03/19 05:45:19 structure,line: 2157     INFO | Adding torsion-torsions...
2026/03/19 05:45:19 structure,line: 2159     INFO | Adding Nonbonded force...
2026/03/19 05:45:19 energy_component,line: 338 DECOMPOSE | Decomposed Res Num: 51, Total Res Num: 447, Decomposition Progress: 11.409395973154362
2026/03/19 05:45:20 structure,line: 2132     INFO | Adding bonds...
2026/03/19 05:45:20 structure,line: 2135     INFO | Adding angles...
2026/03/19 05:45:20 structure,line: 2138     INFO | Adding dihedrals...
2026/03/19 05:45:20 structure,line: 2141     INFO | Adding Ryckaert-Bellemans torsions...
2026/03/19 05:45:20 structure,line: 2143     INFO | Adding Urey-Bradleys...
2026/03/19 05:45:20 structure,line: 2145     INFO | Adding improper torsions...
2026/03/19 05:45:20 structure,line: 2147     INFO | Adding CMAP torsions...
2026/03/19 05:45:20 structure,line: 2149     INFO | Adding trigonal angle terms...
2026/03/19 05:45:20 structure,line: 2151     INFO | Adding out-of-plane bends...
2026/03/19 05:45:20 structure,line: 2153     INFO | Adding pi-torsions...
2026/03/19 05:45:20 structure,line: 2155     INFO | Adding stretch-bends...
2026/03/19 05:45:20 structure,line: 2157     INFO | Adding torsion-torsions...
2026/03/19 05:45:20 structure,line: 2159     INFO | Adding Nonbonded force...
2026/03/19 05:45:20 energy_component,line: 338 DECOMPOSE | Decomposed Res Num: 52, Total Res Num: 447, Decomposition Progress: 11.6331096196868
2026/03/19 05:45:21 structure,line: 2132     INFO | Adding bonds...
2026/03/19 05:45:21 structure,line: 2135     INFO | Adding angles...
2026/03/19 05:45:21 structure,line: 2138     INFO | Adding dihedrals...
2026/03/19 05:45:21 structure,line: 2141     INFO | Adding Ryckaert-Bellemans torsions...
2026/03/19 05:45:21 structure,line: 2143     INFO | Adding Urey-Bradleys...
2026/03/19 05:45:21 structure,line: 2145     INFO | Adding improper torsions...
2026/03/19 05:45:21 structure,line: 2147     INFO | Adding CMAP torsions...
2026/03/19 05:45:21 structure,line: 2149     INFO | Adding trigonal angle terms...
2026/03/19 05:45:21 structure,line: 2151     INFO | Adding out-of-plane bends...
2026/03/19 05:45:21 structure,line: 2153     INFO | Adding pi-torsions...
2026/03/19 05:45:21 structure,line: 2155     INFO | Adding stretch-bends...
2026/03/19 05:45:21 structure,line: 2157     INFO | Adding torsion-torsions...
2026/03/19 05:45:21 structure,line: 2159     INFO | Adding Nonbonded force...
2026/03/19 05:45:21 energy_component,line: 338 DECOMPOSE | Decomposed Res Num: 53, Total Res Num: 447, Decomposition Progress: 11.856823266219239
2026/03/19 05:45:22 structure,line: 2132     INFO | Adding bonds...
2026/03/19 05:45:22 structure,line: 2135     INFO | Adding angles...
2026/03/19 05:45:22 structure,line: 2138     INFO | Adding dihedrals...
2026/03/19 05:45:22 structure,line: 2141     INFO | Adding Ryckaert-Bellemans torsions...
2026/03/19 05:45:22 structure,line: 2143     INFO | Adding Urey-Bradleys...
2026/03/19 05:45:22 structure,line: 2145     INFO | Adding improper torsions...
2026/03/19 05:45:22 structure,line: 2147     INFO | Adding CMAP torsions...
2026/03/19 05:45:22 structure,line: 2149     INFO | Adding trigonal angle terms...
2026/03/19 05:45:22 structure,line: 2151     INFO | Adding out-of-plane bends...
2026/03/19 05:45:22 structure,line: 2153     INFO | Adding pi-torsions...
2026/03/19 05:45:22 structure,line: 2155     INFO | Adding stretch-bends...
2026/03/19 05:45:22 structure,line: 2157     INFO | Adding torsion-torsions...
2026/03/19 05:45:22 structure,line: 2159     INFO | Adding Nonbonded force...
2026/03/19 05:45:22 energy_component,line: 338 DECOMPOSE | Decomposed Res Num: 54, Total Res Num: 447, Decomposition Progress: 12.080536912751679
2026/03/19 05:45:22 structure,line: 2132     INFO | Adding bonds...
2026/03/19 05:45:22 structure,line: 2135     INFO | Adding angles...
2026/03/19 05:45:22 structure,line: 2138     INFO | Adding dihedrals...
2026/03/19 05:45:22 structure,line: 2141     INFO | Adding Ryckaert-Bellemans torsions...
2026/03/19 05:45:22 structure,line: 2143     INFO | Adding Urey-Bradleys...
2026/03/19 05:45:22 structure,line: 2145     INFO | Adding improper torsions...
2026/03/19 05:45:22 structure,line: 2147     INFO | Adding CMAP torsions...
2026/03/19 05:45:22 structure,line: 2149     INFO | Adding trigonal angle terms...
2026/03/19 05:45:22 structure,line: 2151     INFO | Adding out-of-plane bends...
2026/03/19 05:45:22 structure,line: 2153     INFO | Adding pi-torsions...
2026/03/19 05:45:22 structure,line: 2155     INFO | Adding stretch-bends...
2026/03/19 05:45:22 structure,line: 2157     INFO | Adding torsion-torsions...
2026/03/19 05:45:22 structure,line: 2159     INFO | Adding Nonbonded force...
2026/03/19 05:45:23 energy_component,line: 338 DECOMPOSE | Decomposed Res Num: 55, Total Res Num: 447, Decomposition Progress: 12.304250559284116
2026/03/19 05:45:23 structure,line: 2132     INFO | Adding bonds...
2026/03/19 05:45:23 structure,line: 2135     INFO | Adding angles...
2026/03/19 05:45:23 structure,line: 2138     INFO | Adding dihedrals...
2026/03/19 05:45:23 structure,line: 2141     INFO | Adding Ryckaert-Bellemans torsions...
2026/03/19 05:45:23 structure,line: 2143     INFO | Adding Urey-Bradleys...
2026/03/19 05:45:23 structure,line: 2145     INFO | Adding improper torsions...
2026/03/19 05:45:23 structure,line: 2147     INFO | Adding CMAP torsions...
2026/03/19 05:45:23 structure,line: 2149     INFO | Adding trigonal angle terms...
2026/03/19 05:45:23 structure,line: 2151     INFO | Adding out-of-plane bends...
2026/03/19 05:45:23 structure,line: 2153     INFO | Adding pi-torsions...
2026/03/19 05:45:23 structure,line: 2155     INFO | Adding stretch-bends...
2026/03/19 05:45:23 structure,line: 2157     INFO | Adding torsion-torsions...
2026/03/19 05:45:23 structure,line: 2159     INFO | Adding Nonbonded force...
2026/03/19 05:45:23 energy_component,line: 338 DECOMPOSE | Decomposed Res Num: 56, Total Res Num: 447, Decomposition Progress: 12.527964205816556
2026/03/19 05:45:24 structure,line: 2132     INFO | Adding bonds...
2026/03/19 05:45:24 structure,line: 2135     INFO | Adding angles...
2026/03/19 05:45:24 structure,line: 2138     INFO | Adding dihedrals...
2026/03/19 05:45:24 structure,line: 2141     INFO | Adding Ryckaert-Bellemans torsions...
2026/03/19 05:45:24 structure,line: 2143     INFO | Adding Urey-Bradleys...
2026/03/19 05:45:24 structure,line: 2145     INFO | Adding improper torsions...
2026/03/19 05:45:24 structure,line: 2147     INFO | Adding CMAP torsions...
2026/03/19 05:45:24 structure,line: 2149     INFO | Adding trigonal angle terms...
2026/03/19 05:45:24 structure,line: 2151     INFO | Adding out-of-plane bends...
2026/03/19 05:45:24 structure,line: 2153     INFO | Adding pi-torsions...
2026/03/19 05:45:24 structure,line: 2155     INFO | Adding stretch-bends...
2026/03/19 05:45:24 structure,line: 2157     INFO | Adding torsion-torsions...
2026/03/19 05:45:24 structure,line: 2159     INFO | Adding Nonbonded force...
2026/03/19 05:45:24 energy_component,line: 338 DECOMPOSE | Decomposed Res Num: 57, Total Res Num: 447, Decomposition Progress: 12.751677852348994
2026/03/19 05:45:28 structure,line: 2132     INFO | Adding bonds...
2026/03/19 05:45:28 structure,line: 2135     INFO | Adding angles...
2026/03/19 05:45:28 structure,line: 2138     INFO | Adding dihedrals...
2026/03/19 05:45:28 structure,line: 2141     INFO | Adding Ryckaert-Bellemans torsions...
2026/03/19 05:45:28 structure,line: 2143     INFO | Adding Urey-Bradleys...
2026/03/19 05:45:28 structure,line: 2145     INFO | Adding improper torsions...
2026/03/19 05:45:28 structure,line: 2147     INFO | Adding CMAP torsions...
2026/03/19 05:45:28 structure,line: 2149     INFO | Adding trigonal angle terms...
2026/03/19 05:45:28 structure,line: 2151     INFO | Adding out-of-plane bends...
2026/03/19 05:45:28 structure,line: 2153     INFO | Adding pi-torsions...
2026/03/19 05:45:28 structure,line: 2155     INFO | Adding stretch-bends...
2026/03/19 05:45:28 structure,line: 2157     INFO | Adding torsion-torsions...
2026/03/19 05:45:28 structure,line: 2159     INFO | Adding Nonbonded force...
2026/03/19 05:45:28 energy_component,line: 338 DECOMPOSE | Decomposed Res Num: 58, Total Res Num: 447, Decomposition Progress: 12.97539149888143
2026/03/19 05:45:28 structure,line: 2132     INFO | Adding bonds...
2026/03/19 05:45:28 structure,line: 2135     INFO | Adding angles...
2026/03/19 05:45:28 structure,line: 2138     INFO | Adding dihedrals...
2026/03/19 05:45:28 structure,line: 2141     INFO | Adding Ryckaert-Bellemans torsions...
2026/03/19 05:45:28 structure,line: 2143     INFO | Adding Urey-Bradleys...
2026/03/19 05:45:28 structure,line: 2145     INFO | Adding improper torsions...
2026/03/19 05:45:28 structure,line: 2147     INFO | Adding CMAP torsions...
2026/03/19 05:45:28 structure,line: 2149     INFO | Adding trigonal angle terms...
2026/03/19 05:45:28 structure,line: 2151     INFO | Adding out-of-plane bends...
2026/03/19 05:45:28 structure,line: 2153     INFO | Adding pi-torsions...
2026/03/19 05:45:28 structure,line: 2155     INFO | Adding stretch-bends...
2026/03/19 05:45:28 structure,line: 2157     INFO | Adding torsion-torsions...
2026/03/19 05:45:28 structure,line: 2159     INFO | Adding Nonbonded force...
2026/03/19 05:45:29 energy_component,line: 338 DECOMPOSE | Decomposed Res Num: 59, Total Res Num: 447, Decomposition Progress: 13.19910514541387
2026/03/19 05:45:29 structure,line: 2132     INFO | Adding bonds...
2026/03/19 05:45:29 structure,line: 2135     INFO | Adding angles...
2026/03/19 05:45:29 structure,line: 2138     INFO | Adding dihedrals...
2026/03/19 05:45:29 structure,line: 2141     INFO | Adding Ryckaert-Bellemans torsions...
2026/03/19 05:45:29 structure,line: 2143     INFO | Adding Urey-Bradleys...
2026/03/19 05:45:29 structure,line: 2145     INFO | Adding improper torsions...
2026/03/19 05:45:29 structure,line: 2147     INFO | Adding CMAP torsions...
2026/03/19 05:45:29 structure,line: 2149     INFO | Adding trigonal angle terms...
2026/03/19 05:45:29 structure,line: 2151     INFO | Adding out-of-plane bends...
2026/03/19 05:45:29 structure,line: 2153     INFO | Adding pi-torsions...
2026/03/19 05:45:29 structure,line: 2155     INFO | Adding stretch-bends...
2026/03/19 05:45:29 structure,line: 2157     INFO | Adding torsion-torsions...
2026/03/19 05:45:29 structure,line: 2159     INFO | Adding Nonbonded force...
2026/03/19 05:45:29 energy_component,line: 338 DECOMPOSE | Decomposed Res Num: 60, Total Res Num: 447, Decomposition Progress: 13.422818791946309
2026/03/19 05:45:30 structure,line: 2132     INFO | Adding bonds...
2026/03/19 05:45:30 structure,line: 2135     INFO | Adding angles...
2026/03/19 05:45:30 structure,line: 2138     INFO | Adding dihedrals...
2026/03/19 05:45:30 structure,line: 2141     INFO | Adding Ryckaert-Bellemans torsions...
2026/03/19 05:45:30 structure,line: 2143     INFO | Adding Urey-Bradleys...
2026/03/19 05:45:30 structure,line: 2145     INFO | Adding improper torsions...
2026/03/19 05:45:30 structure,line: 2147     INFO | Adding CMAP torsions...
2026/03/19 05:45:30 structure,line: 2149     INFO | Adding trigonal angle terms...
2026/03/19 05:45:30 structure,line: 2151     INFO | Adding out-of-plane bends...
2026/03/19 05:45:30 structure,line: 2153     INFO | Adding pi-torsions...
2026/03/19 05:45:30 structure,line: 2155     INFO | Adding stretch-bends...
2026/03/19 05:45:30 structure,line: 2157     INFO | Adding torsion-torsions...
2026/03/19 05:45:30 structure,line: 2159     INFO | Adding Nonbonded force...
2026/03/19 05:45:30 energy_component,line: 338 DECOMPOSE | Decomposed Res Num: 61, Total Res Num: 447, Decomposition Progress: 13.646532438478747
2026/03/19 05:45:31 structure,line: 2132     INFO | Adding bonds...
2026/03/19 05:45:31 structure,line: 2135     INFO | Adding angles...
2026/03/19 05:45:31 structure,line: 2138     INFO | Adding dihedrals...
2026/03/19 05:45:31 structure,line: 2141     INFO | Adding Ryckaert-Bellemans torsions...
2026/03/19 05:45:31 structure,line: 2143     INFO | Adding Urey-Bradleys...
2026/03/19 05:45:31 structure,line: 2145     INFO | Adding improper torsions...
2026/03/19 05:45:31 structure,line: 2147     INFO | Adding CMAP torsions...
2026/03/19 05:45:31 structure,line: 2149     INFO | Adding trigonal angle terms...
2026/03/19 05:45:31 structure,line: 2151     INFO | Adding out-of-plane bends...
2026/03/19 05:45:31 structure,line: 2153     INFO | Adding pi-torsions...
2026/03/19 05:45:31 structure,line: 2155     INFO | Adding stretch-bends...
2026/03/19 05:45:31 structure,line: 2157     INFO | Adding torsion-torsions...
2026/03/19 05:45:31 structure,line: 2159     INFO | Adding Nonbonded force...
2026/03/19 05:45:31 energy_component,line: 338 DECOMPOSE | Decomposed Res Num: 62, Total Res Num: 447, Decomposition Progress: 13.870246085011187
2026/03/19 05:45:32 structure,line: 2132     INFO | Adding bonds...
2026/03/19 05:45:32 structure,line: 2135     INFO | Adding angles...
2026/03/19 05:45:32 structure,line: 2138     INFO | Adding dihedrals...
2026/03/19 05:45:32 structure,line: 2141     INFO | Adding Ryckaert-Bellemans torsions...
2026/03/19 05:45:32 structure,line: 2143     INFO | Adding Urey-Bradleys...
2026/03/19 05:45:32 structure,line: 2145     INFO | Adding improper torsions...
2026/03/19 05:45:32 structure,line: 2147     INFO | Adding CMAP torsions...
2026/03/19 05:45:32 structure,line: 2149     INFO | Adding trigonal angle terms...
2026/03/19 05:45:32 structure,line: 2151     INFO | Adding out-of-plane bends...
2026/03/19 05:45:32 structure,line: 2153     INFO | Adding pi-torsions...
2026/03/19 05:45:32 structure,line: 2155     INFO | Adding stretch-bends...
2026/03/19 05:45:32 structure,line: 2157     INFO | Adding torsion-torsions...
2026/03/19 05:45:32 structure,line: 2159     INFO | Adding Nonbonded force...
2026/03/19 05:45:32 energy_component,line: 338 DECOMPOSE | Decomposed Res Num: 63, Total Res Num: 447, Decomposition Progress: 14.093959731543624
2026/03/19 05:45:32 structure,line: 2132     INFO | Adding bonds...
2026/03/19 05:45:32 structure,line: 2135     INFO | Adding angles...
2026/03/19 05:45:32 structure,line: 2138     INFO | Adding dihedrals...
2026/03/19 05:45:32 structure,line: 2141     INFO | Adding Ryckaert-Bellemans torsions...
2026/03/19 05:45:32 structure,line: 2143     INFO | Adding Urey-Bradleys...
2026/03/19 05:45:32 structure,line: 2145     INFO | Adding improper torsions...
2026/03/19 05:45:32 structure,line: 2147     INFO | Adding CMAP torsions...
2026/03/19 05:45:32 structure,line: 2149     INFO | Adding trigonal angle terms...
2026/03/19 05:45:32 structure,line: 2151     INFO | Adding out-of-plane bends...
2026/03/19 05:45:32 structure,line: 2153     INFO | Adding pi-torsions...
2026/03/19 05:45:32 structure,line: 2155     INFO | Adding stretch-bends...
2026/03/19 05:45:32 structure,line: 2157     INFO | Adding torsion-torsions...
2026/03/19 05:45:32 structure,line: 2159     INFO | Adding Nonbonded force...
2026/03/19 05:45:33 energy_component,line: 338 DECOMPOSE | Decomposed Res Num: 64, Total Res Num: 447, Decomposition Progress: 14.317673378076062
2026/03/19 05:45:33 structure,line: 2132     INFO | Adding bonds...
2026/03/19 05:45:33 structure,line: 2135     INFO | Adding angles...
2026/03/19 05:45:33 structure,line: 2138     INFO | Adding dihedrals...
2026/03/19 05:45:33 structure,line: 2141     INFO | Adding Ryckaert-Bellemans torsions...
2026/03/19 05:45:33 structure,line: 2143     INFO | Adding Urey-Bradleys...
2026/03/19 05:45:33 structure,line: 2145     INFO | Adding improper torsions...
2026/03/19 05:45:33 structure,line: 2147     INFO | Adding CMAP torsions...
2026/03/19 05:45:33 structure,line: 2149     INFO | Adding trigonal angle terms...
2026/03/19 05:45:33 structure,line: 2151     INFO | Adding out-of-plane bends...
2026/03/19 05:45:33 structure,line: 2153     INFO | Adding pi-torsions...
2026/03/19 05:45:33 structure,line: 2155     INFO | Adding stretch-bends...
2026/03/19 05:45:33 structure,line: 2157     INFO | Adding torsion-torsions...
2026/03/19 05:45:33 structure,line: 2159     INFO | Adding Nonbonded force...
2026/03/19 05:45:33 energy_component,line: 338 DECOMPOSE | Decomposed Res Num: 65, Total Res Num: 447, Decomposition Progress: 14.541387024608502
2026/03/19 05:45:34 structure,line: 2132     INFO | Adding bonds...
2026/03/19 05:45:34 structure,line: 2135     INFO | Adding angles...
2026/03/19 05:45:34 structure,line: 2138     INFO | Adding dihedrals...
2026/03/19 05:45:34 structure,line: 2141     INFO | Adding Ryckaert-Bellemans torsions...
2026/03/19 05:45:34 structure,line: 2143     INFO | Adding Urey-Bradleys...
2026/03/19 05:45:34 structure,line: 2145     INFO | Adding improper torsions...
2026/03/19 05:45:34 structure,line: 2147     INFO | Adding CMAP torsions...
2026/03/19 05:45:34 structure,line: 2149     INFO | Adding trigonal angle terms...
2026/03/19 05:45:34 structure,line: 2151     INFO | Adding out-of-plane bends...
2026/03/19 05:45:34 structure,line: 2153     INFO | Adding pi-torsions...
2026/03/19 05:45:34 structure,line: 2155     INFO | Adding stretch-bends...
2026/03/19 05:45:34 structure,line: 2157     INFO | Adding torsion-torsions...
2026/03/19 05:45:34 structure,line: 2159     INFO | Adding Nonbonded force...
2026/03/19 05:45:34 energy_component,line: 338 DECOMPOSE | Decomposed Res Num: 66, Total Res Num: 447, Decomposition Progress: 14.76510067114094
2026/03/19 05:45:35 structure,line: 2132     INFO | Adding bonds...
2026/03/19 05:45:35 structure,line: 2135     INFO | Adding angles...
2026/03/19 05:45:35 structure,line: 2138     INFO | Adding dihedrals...
2026/03/19 05:45:35 structure,line: 2141     INFO | Adding Ryckaert-Bellemans torsions...
2026/03/19 05:45:35 structure,line: 2143     INFO | Adding Urey-Bradleys...
2026/03/19 05:45:35 structure,line: 2145     INFO | Adding improper torsions...
2026/03/19 05:45:35 structure,line: 2147     INFO | Adding CMAP torsions...
2026/03/19 05:45:35 structure,line: 2149     INFO | Adding trigonal angle terms...
2026/03/19 05:45:35 structure,line: 2151     INFO | Adding out-of-plane bends...
2026/03/19 05:45:35 structure,line: 2153     INFO | Adding pi-torsions...
2026/03/19 05:45:35 structure,line: 2155     INFO | Adding stretch-bends...
2026/03/19 05:45:35 structure,line: 2157     INFO | Adding torsion-torsions...
2026/03/19 05:45:35 structure,line: 2159     INFO | Adding Nonbonded force...
2026/03/19 05:45:35 energy_component,line: 338 DECOMPOSE | Decomposed Res Num: 67, Total Res Num: 447, Decomposition Progress: 14.988814317673377
2026/03/19 05:45:36 structure,line: 2132     INFO | Adding bonds...
2026/03/19 05:45:36 structure,line: 2135     INFO | Adding angles...
2026/03/19 05:45:36 structure,line: 2138     INFO | Adding dihedrals...
2026/03/19 05:45:36 structure,line: 2141     INFO | Adding Ryckaert-Bellemans torsions...
2026/03/19 05:45:36 structure,line: 2143     INFO | Adding Urey-Bradleys...
2026/03/19 05:45:36 structure,line: 2145     INFO | Adding improper torsions...
2026/03/19 05:45:36 structure,line: 2147     INFO | Adding CMAP torsions...
2026/03/19 05:45:36 structure,line: 2149     INFO | Adding trigonal angle terms...
2026/03/19 05:45:36 structure,line: 2151     INFO | Adding out-of-plane bends...
2026/03/19 05:45:36 structure,line: 2153     INFO | Adding pi-torsions...
2026/03/19 05:45:36 structure,line: 2155     INFO | Adding stretch-bends...
2026/03/19 05:45:36 structure,line: 2157     INFO | Adding torsion-torsions...
2026/03/19 05:45:36 structure,line: 2159     INFO | Adding Nonbonded force...
2026/03/19 05:45:36 energy_component,line: 338 DECOMPOSE | Decomposed Res Num: 68, Total Res Num: 447, Decomposition Progress: 15.212527964205815
2026/03/19 05:45:36 structure,line: 2132     INFO | Adding bonds...
2026/03/19 05:45:36 structure,line: 2135     INFO | Adding angles...
2026/03/19 05:45:36 structure,line: 2138     INFO | Adding dihedrals...
2026/03/19 05:45:36 structure,line: 2141     INFO | Adding Ryckaert-Bellemans torsions...
2026/03/19 05:45:36 structure,line: 2143     INFO | Adding Urey-Bradleys...
2026/03/19 05:45:36 structure,line: 2145     INFO | Adding improper torsions...
2026/03/19 05:45:36 structure,line: 2147     INFO | Adding CMAP torsions...
2026/03/19 05:45:36 structure,line: 2149     INFO | Adding trigonal angle terms...
2026/03/19 05:45:36 structure,line: 2151     INFO | Adding out-of-plane bends...
2026/03/19 05:45:36 structure,line: 2153     INFO | Adding pi-torsions...
2026/03/19 05:45:36 structure,line: 2155     INFO | Adding stretch-bends...
2026/03/19 05:45:36 structure,line: 2157     INFO | Adding torsion-torsions...
2026/03/19 05:45:36 structure,line: 2159     INFO | Adding Nonbonded force...
2026/03/19 05:45:37 energy_component,line: 338 DECOMPOSE | Decomposed Res Num: 69, Total Res Num: 447, Decomposition Progress: 15.436241610738255
2026/03/19 05:45:37 structure,line: 2132     INFO | Adding bonds...
2026/03/19 05:45:37 structure,line: 2135     INFO | Adding angles...
2026/03/19 05:45:37 structure,line: 2138     INFO | Adding dihedrals...
2026/03/19 05:45:37 structure,line: 2141     INFO | Adding Ryckaert-Bellemans torsions...
2026/03/19 05:45:37 structure,line: 2143     INFO | Adding Urey-Bradleys...
2026/03/19 05:45:37 structure,line: 2145     INFO | Adding improper torsions...
2026/03/19 05:45:37 structure,line: 2147     INFO | Adding CMAP torsions...
2026/03/19 05:45:37 structure,line: 2149     INFO | Adding trigonal angle terms...
2026/03/19 05:45:37 structure,line: 2151     INFO | Adding out-of-plane bends...
2026/03/19 05:45:37 structure,line: 2153     INFO | Adding pi-torsions...
2026/03/19 05:45:37 structure,line: 2155     INFO | Adding stretch-bends...
2026/03/19 05:45:37 structure,line: 2157     INFO | Adding torsion-torsions...
2026/03/19 05:45:37 structure,line: 2159     INFO | Adding Nonbonded force...
2026/03/19 05:45:37 energy_component,line: 338 DECOMPOSE | Decomposed Res Num: 70, Total Res Num: 447, Decomposition Progress: 15.659955257270694
2026/03/19 05:45:38 structure,line: 2132     INFO | Adding bonds...
2026/03/19 05:45:38 structure,line: 2135     INFO | Adding angles...
2026/03/19 05:45:38 structure,line: 2138     INFO | Adding dihedrals...
2026/03/19 05:45:38 structure,line: 2141     INFO | Adding Ryckaert-Bellemans torsions...
2026/03/19 05:45:38 structure,line: 2143     INFO | Adding Urey-Bradleys...
2026/03/19 05:45:38 structure,line: 2145     INFO | Adding improper torsions...
2026/03/19 05:45:38 structure,line: 2147     INFO | Adding CMAP torsions...
2026/03/19 05:45:38 structure,line: 2149     INFO | Adding trigonal angle terms...
2026/03/19 05:45:38 structure,line: 2151     INFO | Adding out-of-plane bends...
2026/03/19 05:45:38 structure,line: 2153     INFO | Adding pi-torsions...
2026/03/19 05:45:38 structure,line: 2155     INFO | Adding stretch-bends...
2026/03/19 05:45:38 structure,line: 2157     INFO | Adding torsion-torsions...
2026/03/19 05:45:38 structure,line: 2159     INFO | Adding Nonbonded force...
2026/03/19 05:45:38 energy_component,line: 338 DECOMPOSE | Decomposed Res Num: 71, Total Res Num: 447, Decomposition Progress: 15.883668903803134
2026/03/19 05:45:39 structure,line: 2132     INFO | Adding bonds...
2026/03/19 05:45:39 structure,line: 2135     INFO | Adding angles...
2026/03/19 05:45:39 structure,line: 2138     INFO | Adding dihedrals...
2026/03/19 05:45:39 structure,line: 2141     INFO | Adding Ryckaert-Bellemans torsions...
2026/03/19 05:45:39 structure,line: 2143     INFO | Adding Urey-Bradleys...
2026/03/19 05:45:39 structure,line: 2145     INFO | Adding improper torsions...
2026/03/19 05:45:39 structure,line: 2147     INFO | Adding CMAP torsions...
2026/03/19 05:45:39 structure,line: 2149     INFO | Adding trigonal angle terms...
2026/03/19 05:45:39 structure,line: 2151     INFO | Adding out-of-plane bends...
2026/03/19 05:45:39 structure,line: 2153     INFO | Adding pi-torsions...
2026/03/19 05:45:39 structure,line: 2155     INFO | Adding stretch-bends...
2026/03/19 05:45:39 structure,line: 2157     INFO | Adding torsion-torsions...
2026/03/19 05:45:39 structure,line: 2159     INFO | Adding Nonbonded force...
2026/03/19 05:45:39 energy_component,line: 338 DECOMPOSE | Decomposed Res Num: 72, Total Res Num: 447, Decomposition Progress: 16.10738255033557
2026/03/19 05:45:42 structure,line: 2132     INFO | Adding bonds...
2026/03/19 05:45:42 structure,line: 2135     INFO | Adding angles...
2026/03/19 05:45:42 structure,line: 2138     INFO | Adding dihedrals...
2026/03/19 05:45:42 structure,line: 2141     INFO | Adding Ryckaert-Bellemans torsions...
2026/03/19 05:45:42 structure,line: 2143     INFO | Adding Urey-Bradleys...
2026/03/19 05:45:42 structure,line: 2145     INFO | Adding improper torsions...
2026/03/19 05:45:42 structure,line: 2147     INFO | Adding CMAP torsions...
2026/03/19 05:45:42 structure,line: 2149     INFO | Adding trigonal angle terms...
2026/03/19 05:45:42 structure,line: 2151     INFO | Adding out-of-plane bends...
2026/03/19 05:45:42 structure,line: 2153     INFO | Adding pi-torsions...
2026/03/19 05:45:42 structure,line: 2155     INFO | Adding stretch-bends...
2026/03/19 05:45:42 structure,line: 2157     INFO | Adding torsion-torsions...
2026/03/19 05:45:42 structure,line: 2159     INFO | Adding Nonbonded force...
2026/03/19 05:45:43 energy_component,line: 338 DECOMPOSE | Decomposed Res Num: 73, Total Res Num: 447, Decomposition Progress: 16.331096196868007
2026/03/19 05:45:43 structure,line: 2132     INFO | Adding bonds...
2026/03/19 05:45:43 structure,line: 2135     INFO | Adding angles...
2026/03/19 05:45:43 structure,line: 2138     INFO | Adding dihedrals...
2026/03/19 05:45:43 structure,line: 2141     INFO | Adding Ryckaert-Bellemans torsions...
2026/03/19 05:45:43 structure,line: 2143     INFO | Adding Urey-Bradleys...
2026/03/19 05:45:43 structure,line: 2145     INFO | Adding improper torsions...
2026/03/19 05:45:43 structure,line: 2147     INFO | Adding CMAP torsions...
2026/03/19 05:45:43 structure,line: 2149     INFO | Adding trigonal angle terms...
2026/03/19 05:45:43 structure,line: 2151     INFO | Adding out-of-plane bends...
2026/03/19 05:45:43 structure,line: 2153     INFO | Adding pi-torsions...
2026/03/19 05:45:43 structure,line: 2155     INFO | Adding stretch-bends...
2026/03/19 05:45:43 structure,line: 2157     INFO | Adding torsion-torsions...
2026/03/19 05:45:43 structure,line: 2159     INFO | Adding Nonbonded force...
2026/03/19 05:45:43 energy_component,line: 338 DECOMPOSE | Decomposed Res Num: 74, Total Res Num: 447, Decomposition Progress: 16.55480984340045
2026/03/19 05:45:44 structure,line: 2132     INFO | Adding bonds...
2026/03/19 05:45:44 structure,line: 2135     INFO | Adding angles...
2026/03/19 05:45:44 structure,line: 2138     INFO | Adding dihedrals...
2026/03/19 05:45:44 structure,line: 2141     INFO | Adding Ryckaert-Bellemans torsions...
2026/03/19 05:45:44 structure,line: 2143     INFO | Adding Urey-Bradleys...
2026/03/19 05:45:44 structure,line: 2145     INFO | Adding improper torsions...
2026/03/19 05:45:44 structure,line: 2147     INFO | Adding CMAP torsions...
2026/03/19 05:45:44 structure,line: 2149     INFO | Adding trigonal angle terms...
2026/03/19 05:45:44 structure,line: 2151     INFO | Adding out-of-plane bends...
2026/03/19 05:45:44 structure,line: 2153     INFO | Adding pi-torsions...
2026/03/19 05:45:44 structure,line: 2155     INFO | Adding stretch-bends...
2026/03/19 05:45:44 structure,line: 2157     INFO | Adding torsion-torsions...
2026/03/19 05:45:44 structure,line: 2159     INFO | Adding Nonbonded force...
2026/03/19 05:45:44 energy_component,line: 338 DECOMPOSE | Decomposed Res Num: 75, Total Res Num: 447, Decomposition Progress: 16.778523489932887
2026/03/19 05:45:45 structure,line: 2132     INFO | Adding bonds...
2026/03/19 05:45:45 structure,line: 2135     INFO | Adding angles...
2026/03/19 05:45:45 structure,line: 2138     INFO | Adding dihedrals...
2026/03/19 05:45:45 structure,line: 2141     INFO | Adding Ryckaert-Bellemans torsions...
2026/03/19 05:45:45 structure,line: 2143     INFO | Adding Urey-Bradleys...
2026/03/19 05:45:45 structure,line: 2145     INFO | Adding improper torsions...
2026/03/19 05:45:45 structure,line: 2147     INFO | Adding CMAP torsions...
2026/03/19 05:45:45 structure,line: 2149     INFO | Adding trigonal angle terms...
2026/03/19 05:45:45 structure,line: 2151     INFO | Adding out-of-plane bends...
2026/03/19 05:45:45 structure,line: 2153     INFO | Adding pi-torsions...
2026/03/19 05:45:45 structure,line: 2155     INFO | Adding stretch-bends...
2026/03/19 05:45:45 structure,line: 2157     INFO | Adding torsion-torsions...
2026/03/19 05:45:45 structure,line: 2159     INFO | Adding Nonbonded force...
2026/03/19 05:45:45 energy_component,line: 338 DECOMPOSE | Decomposed Res Num: 76, Total Res Num: 447, Decomposition Progress: 17.002237136465325
2026/03/19 05:45:46 structure,line: 2132     INFO | Adding bonds...
2026/03/19 05:45:46 structure,line: 2135     INFO | Adding angles...
2026/03/19 05:45:46 structure,line: 2138     INFO | Adding dihedrals...
2026/03/19 05:45:46 structure,line: 2141     INFO | Adding Ryckaert-Bellemans torsions...
2026/03/19 05:45:46 structure,line: 2143     INFO | Adding Urey-Bradleys...
2026/03/19 05:45:46 structure,line: 2145     INFO | Adding improper torsions...
2026/03/19 05:45:46 structure,line: 2147     INFO | Adding CMAP torsions...
2026/03/19 05:45:46 structure,line: 2149     INFO | Adding trigonal angle terms...
2026/03/19 05:45:46 structure,line: 2151     INFO | Adding out-of-plane bends...
2026/03/19 05:45:46 structure,line: 2153     INFO | Adding pi-torsions...
2026/03/19 05:45:46 structure,line: 2155     INFO | Adding stretch-bends...
2026/03/19 05:45:46 structure,line: 2157     INFO | Adding torsion-torsions...
2026/03/19 05:45:46 structure,line: 2159     INFO | Adding Nonbonded force...
2026/03/19 05:45:46 energy_component,line: 338 DECOMPOSE | Decomposed Res Num: 77, Total Res Num: 447, Decomposition Progress: 17.225950782997764
2026/03/19 05:45:46 structure,line: 2132     INFO | Adding bonds...
2026/03/19 05:45:46 structure,line: 2135     INFO | Adding angles...
2026/03/19 05:45:46 structure,line: 2138     INFO | Adding dihedrals...
2026/03/19 05:45:46 structure,line: 2141     INFO | Adding Ryckaert-Bellemans torsions...
2026/03/19 05:45:46 structure,line: 2143     INFO | Adding Urey-Bradleys...
2026/03/19 05:45:46 structure,line: 2145     INFO | Adding improper torsions...
2026/03/19 05:45:46 structure,line: 2147     INFO | Adding CMAP torsions...
2026/03/19 05:45:46 structure,line: 2149     INFO | Adding trigonal angle terms...
2026/03/19 05:45:46 structure,line: 2151     INFO | Adding out-of-plane bends...
2026/03/19 05:45:46 structure,line: 2153     INFO | Adding pi-torsions...
2026/03/19 05:45:46 structure,line: 2155     INFO | Adding stretch-bends...
2026/03/19 05:45:46 structure,line: 2157     INFO | Adding torsion-torsions...
2026/03/19 05:45:46 structure,line: 2159     INFO | Adding Nonbonded force...
2026/03/19 05:45:47 energy_component,line: 338 DECOMPOSE | Decomposed Res Num: 78, Total Res Num: 447, Decomposition Progress: 17.449664429530202
2026/03/19 05:45:47 structure,line: 2132     INFO | Adding bonds...
2026/03/19 05:45:47 structure,line: 2135     INFO | Adding angles...
2026/03/19 05:45:47 structure,line: 2138     INFO | Adding dihedrals...
2026/03/19 05:45:47 structure,line: 2141     INFO | Adding Ryckaert-Bellemans torsions...
2026/03/19 05:45:47 structure,line: 2143     INFO | Adding Urey-Bradleys...
2026/03/19 05:45:47 structure,line: 2145     INFO | Adding improper torsions...
2026/03/19 05:45:47 structure,line: 2147     INFO | Adding CMAP torsions...
2026/03/19 05:45:47 structure,line: 2149     INFO | Adding trigonal angle terms...
2026/03/19 05:45:47 structure,line: 2151     INFO | Adding out-of-plane bends...
2026/03/19 05:45:47 structure,line: 2153     INFO | Adding pi-torsions...
2026/03/19 05:45:47 structure,line: 2155     INFO | Adding stretch-bends...
2026/03/19 05:45:47 structure,line: 2157     INFO | Adding torsion-torsions...
2026/03/19 05:45:47 structure,line: 2159     INFO | Adding Nonbonded force...
2026/03/19 05:45:47 energy_component,line: 338 DECOMPOSE | Decomposed Res Num: 79, Total Res Num: 447, Decomposition Progress: 17.67337807606264
2026/03/19 05:45:48 structure,line: 2132     INFO | Adding bonds...
2026/03/19 05:45:48 structure,line: 2135     INFO | Adding angles...
2026/03/19 05:45:48 structure,line: 2138     INFO | Adding dihedrals...
2026/03/19 05:45:48 structure,line: 2141     INFO | Adding Ryckaert-Bellemans torsions...
2026/03/19 05:45:48 structure,line: 2143     INFO | Adding Urey-Bradleys...
2026/03/19 05:45:48 structure,line: 2145     INFO | Adding improper torsions...
2026/03/19 05:45:48 structure,line: 2147     INFO | Adding CMAP torsions...
2026/03/19 05:45:48 structure,line: 2149     INFO | Adding trigonal angle terms...
2026/03/19 05:45:48 structure,line: 2151     INFO | Adding out-of-plane bends...
2026/03/19 05:45:48 structure,line: 2153     INFO | Adding pi-torsions...
2026/03/19 05:45:48 structure,line: 2155     INFO | Adding stretch-bends...
2026/03/19 05:45:48 structure,line: 2157     INFO | Adding torsion-torsions...
2026/03/19 05:45:48 structure,line: 2159     INFO | Adding Nonbonded force...
2026/03/19 05:45:48 energy_component,line: 338 DECOMPOSE | Decomposed Res Num: 80, Total Res Num: 447, Decomposition Progress: 17.89709172259508
2026/03/19 05:45:49 structure,line: 2132     INFO | Adding bonds...
2026/03/19 05:45:49 structure,line: 2135     INFO | Adding angles...
2026/03/19 05:45:49 structure,line: 2138     INFO | Adding dihedrals...
2026/03/19 05:45:49 structure,line: 2141     INFO | Adding Ryckaert-Bellemans torsions...
2026/03/19 05:45:49 structure,line: 2143     INFO | Adding Urey-Bradleys...
2026/03/19 05:45:49 structure,line: 2145     INFO | Adding improper torsions...
2026/03/19 05:45:49 structure,line: 2147     INFO | Adding CMAP torsions...
2026/03/19 05:45:49 structure,line: 2149     INFO | Adding trigonal angle terms...
2026/03/19 05:45:49 structure,line: 2151     INFO | Adding out-of-plane bends...
2026/03/19 05:45:49 structure,line: 2153     INFO | Adding pi-torsions...
2026/03/19 05:45:49 structure,line: 2155     INFO | Adding stretch-bends...
2026/03/19 05:45:49 structure,line: 2157     INFO | Adding torsion-torsions...
2026/03/19 05:45:49 structure,line: 2159     INFO | Adding Nonbonded force...
2026/03/19 05:45:49 energy_component,line: 338 DECOMPOSE | Decomposed Res Num: 81, Total Res Num: 447, Decomposition Progress: 18.120805369127517
2026/03/19 05:45:50 structure,line: 2132     INFO | Adding bonds...
2026/03/19 05:45:50 structure,line: 2135     INFO | Adding angles...
2026/03/19 05:45:50 structure,line: 2138     INFO | Adding dihedrals...
2026/03/19 05:45:50 structure,line: 2141     INFO | Adding Ryckaert-Bellemans torsions...
2026/03/19 05:45:50 structure,line: 2143     INFO | Adding Urey-Bradleys...
2026/03/19 05:45:50 structure,line: 2145     INFO | Adding improper torsions...
2026/03/19 05:45:50 structure,line: 2147     INFO | Adding CMAP torsions...
2026/03/19 05:45:50 structure,line: 2149     INFO | Adding trigonal angle terms...
2026/03/19 05:45:50 structure,line: 2151     INFO | Adding out-of-plane bends...
2026/03/19 05:45:50 structure,line: 2153     INFO | Adding pi-torsions...
2026/03/19 05:45:50 structure,line: 2155     INFO | Adding stretch-bends...
2026/03/19 05:45:50 structure,line: 2157     INFO | Adding torsion-torsions...
2026/03/19 05:45:50 structure,line: 2159     INFO | Adding Nonbonded force...
2026/03/19 05:45:50 energy_component,line: 338 DECOMPOSE | Decomposed Res Num: 82, Total Res Num: 447, Decomposition Progress: 18.344519015659955
2026/03/19 05:45:50 structure,line: 2132     INFO | Adding bonds...
2026/03/19 05:45:50 structure,line: 2135     INFO | Adding angles...
2026/03/19 05:45:50 structure,line: 2138     INFO | Adding dihedrals...
2026/03/19 05:45:50 structure,line: 2141     INFO | Adding Ryckaert-Bellemans torsions...
2026/03/19 05:45:50 structure,line: 2143     INFO | Adding Urey-Bradleys...
2026/03/19 05:45:50 structure,line: 2145     INFO | Adding improper torsions...
2026/03/19 05:45:50 structure,line: 2147     INFO | Adding CMAP torsions...
2026/03/19 05:45:50 structure,line: 2149     INFO | Adding trigonal angle terms...
2026/03/19 05:45:50 structure,line: 2151     INFO | Adding out-of-plane bends...
2026/03/19 05:45:50 structure,line: 2153     INFO | Adding pi-torsions...
2026/03/19 05:45:50 structure,line: 2155     INFO | Adding stretch-bends...
2026/03/19 05:45:50 structure,line: 2157     INFO | Adding torsion-torsions...
2026/03/19 05:45:50 structure,line: 2159     INFO | Adding Nonbonded force...
2026/03/19 05:45:51 energy_component,line: 338 DECOMPOSE | Decomposed Res Num: 83, Total Res Num: 447, Decomposition Progress: 18.568232662192393
2026/03/19 05:45:51 structure,line: 2132     INFO | Adding bonds...
2026/03/19 05:45:51 structure,line: 2135     INFO | Adding angles...
2026/03/19 05:45:51 structure,line: 2138     INFO | Adding dihedrals...
2026/03/19 05:45:51 structure,line: 2141     INFO | Adding Ryckaert-Bellemans torsions...
2026/03/19 05:45:51 structure,line: 2143     INFO | Adding Urey-Bradleys...
2026/03/19 05:45:51 structure,line: 2145     INFO | Adding improper torsions...
2026/03/19 05:45:51 structure,line: 2147     INFO | Adding CMAP torsions...
2026/03/19 05:45:51 structure,line: 2149     INFO | Adding trigonal angle terms...
2026/03/19 05:45:51 structure,line: 2151     INFO | Adding out-of-plane bends...
2026/03/19 05:45:51 structure,line: 2153     INFO | Adding pi-torsions...
2026/03/19 05:45:51 structure,line: 2155     INFO | Adding stretch-bends...
2026/03/19 05:45:51 structure,line: 2157     INFO | Adding torsion-torsions...
2026/03/19 05:45:51 structure,line: 2159     INFO | Adding Nonbonded force...
2026/03/19 05:45:51 energy_component,line: 338 DECOMPOSE | Decomposed Res Num: 84, Total Res Num: 447, Decomposition Progress: 18.79194630872483
2026/03/19 05:45:52 structure,line: 2132     INFO | Adding bonds...
2026/03/19 05:45:52 structure,line: 2135     INFO | Adding angles...
2026/03/19 05:45:52 structure,line: 2138     INFO | Adding dihedrals...
2026/03/19 05:45:52 structure,line: 2141     INFO | Adding Ryckaert-Bellemans torsions...
2026/03/19 05:45:52 structure,line: 2143     INFO | Adding Urey-Bradleys...
2026/03/19 05:45:52 structure,line: 2145     INFO | Adding improper torsions...
2026/03/19 05:45:52 structure,line: 2147     INFO | Adding CMAP torsions...
2026/03/19 05:45:52 structure,line: 2149     INFO | Adding trigonal angle terms...
2026/03/19 05:45:52 structure,line: 2151     INFO | Adding out-of-plane bends...
2026/03/19 05:45:52 structure,line: 2153     INFO | Adding pi-torsions...
2026/03/19 05:45:52 structure,line: 2155     INFO | Adding stretch-bends...
2026/03/19 05:45:52 structure,line: 2157     INFO | Adding torsion-torsions...
2026/03/19 05:45:52 structure,line: 2159     INFO | Adding Nonbonded force...
2026/03/19 05:45:52 energy_component,line: 338 DECOMPOSE | Decomposed Res Num: 85, Total Res Num: 447, Decomposition Progress: 19.015659955257274
2026/03/19 05:45:53 structure,line: 2132     INFO | Adding bonds...
2026/03/19 05:45:53 structure,line: 2135     INFO | Adding angles...
2026/03/19 05:45:53 structure,line: 2138     INFO | Adding dihedrals...
2026/03/19 05:45:53 structure,line: 2141     INFO | Adding Ryckaert-Bellemans torsions...
2026/03/19 05:45:53 structure,line: 2143     INFO | Adding Urey-Bradleys...
2026/03/19 05:45:53 structure,line: 2145     INFO | Adding improper torsions...
2026/03/19 05:45:53 structure,line: 2147     INFO | Adding CMAP torsions...
2026/03/19 05:45:53 structure,line: 2149     INFO | Adding trigonal angle terms...
2026/03/19 05:45:53 structure,line: 2151     INFO | Adding out-of-plane bends...
2026/03/19 05:45:53 structure,line: 2153     INFO | Adding pi-torsions...
2026/03/19 05:45:53 structure,line: 2155     INFO | Adding stretch-bends...
2026/03/19 05:45:53 structure,line: 2157     INFO | Adding torsion-torsions...
2026/03/19 05:45:53 structure,line: 2159     INFO | Adding Nonbonded force...
2026/03/19 05:45:53 energy_component,line: 338 DECOMPOSE | Decomposed Res Num: 86, Total Res Num: 447, Decomposition Progress: 19.23937360178971
2026/03/19 05:45:54 structure,line: 2132     INFO | Adding bonds...
2026/03/19 05:45:54 structure,line: 2135     INFO | Adding angles...
2026/03/19 05:45:54 structure,line: 2138     INFO | Adding dihedrals...
2026/03/19 05:45:54 structure,line: 2141     INFO | Adding Ryckaert-Bellemans torsions...
2026/03/19 05:45:54 structure,line: 2143     INFO | Adding Urey-Bradleys...
2026/03/19 05:45:54 structure,line: 2145     INFO | Adding improper torsions...
2026/03/19 05:45:54 structure,line: 2147     INFO | Adding CMAP torsions...
2026/03/19 05:45:54 structure,line: 2149     INFO | Adding trigonal angle terms...
2026/03/19 05:45:54 structure,line: 2151     INFO | Adding out-of-plane bends...
2026/03/19 05:45:54 structure,line: 2153     INFO | Adding pi-torsions...
2026/03/19 05:45:54 structure,line: 2155     INFO | Adding stretch-bends...
2026/03/19 05:45:54 structure,line: 2157     INFO | Adding torsion-torsions...
2026/03/19 05:45:54 structure,line: 2159     INFO | Adding Nonbonded force...
2026/03/19 05:45:54 energy_component,line: 338 DECOMPOSE | Decomposed Res Num: 87, Total Res Num: 447, Decomposition Progress: 19.463087248322147
2026/03/19 05:45:57 structure,line: 2132     INFO | Adding bonds...
2026/03/19 05:45:57 structure,line: 2135     INFO | Adding angles...
2026/03/19 05:45:57 structure,line: 2138     INFO | Adding dihedrals...
2026/03/19 05:45:57 structure,line: 2141     INFO | Adding Ryckaert-Bellemans torsions...
2026/03/19 05:45:57 structure,line: 2143     INFO | Adding Urey-Bradleys...
2026/03/19 05:45:57 structure,line: 2145     INFO | Adding improper torsions...
2026/03/19 05:45:57 structure,line: 2147     INFO | Adding CMAP torsions...
2026/03/19 05:45:57 structure,line: 2149     INFO | Adding trigonal angle terms...
2026/03/19 05:45:57 structure,line: 2151     INFO | Adding out-of-plane bends...
2026/03/19 05:45:57 structure,line: 2153     INFO | Adding pi-torsions...
2026/03/19 05:45:57 structure,line: 2155     INFO | Adding stretch-bends...
2026/03/19 05:45:57 structure,line: 2157     INFO | Adding torsion-torsions...
2026/03/19 05:45:57 structure,line: 2159     INFO | Adding Nonbonded force...
2026/03/19 05:45:57 energy_component,line: 338 DECOMPOSE | Decomposed Res Num: 88, Total Res Num: 447, Decomposition Progress: 19.686800894854585
2026/03/19 05:45:58 structure,line: 2132     INFO | Adding bonds...
2026/03/19 05:45:58 structure,line: 2135     INFO | Adding angles...
2026/03/19 05:45:58 structure,line: 2138     INFO | Adding dihedrals...
2026/03/19 05:45:58 structure,line: 2141     INFO | Adding Ryckaert-Bellemans torsions...
2026/03/19 05:45:58 structure,line: 2143     INFO | Adding Urey-Bradleys...
2026/03/19 05:45:58 structure,line: 2145     INFO | Adding improper torsions...
2026/03/19 05:45:58 structure,line: 2147     INFO | Adding CMAP torsions...
2026/03/19 05:45:58 structure,line: 2149     INFO | Adding trigonal angle terms...
2026/03/19 05:45:58 structure,line: 2151     INFO | Adding out-of-plane bends...
2026/03/19 05:45:58 structure,line: 2153     INFO | Adding pi-torsions...
2026/03/19 05:45:58 structure,line: 2155     INFO | Adding stretch-bends...
2026/03/19 05:45:58 structure,line: 2157     INFO | Adding torsion-torsions...
2026/03/19 05:45:58 structure,line: 2159     INFO | Adding Nonbonded force...
2026/03/19 05:45:58 energy_component,line: 338 DECOMPOSE | Decomposed Res Num: 89, Total Res Num: 447, Decomposition Progress: 19.910514541387027
2026/03/19 05:45:59 structure,line: 2132     INFO | Adding bonds...
2026/03/19 05:45:59 structure,line: 2135     INFO | Adding angles...
2026/03/19 05:45:59 structure,line: 2138     INFO | Adding dihedrals...
2026/03/19 05:45:59 structure,line: 2141     INFO | Adding Ryckaert-Bellemans torsions...
2026/03/19 05:45:59 structure,line: 2143     INFO | Adding Urey-Bradleys...
2026/03/19 05:45:59 structure,line: 2145     INFO | Adding improper torsions...
2026/03/19 05:45:59 structure,line: 2147     INFO | Adding CMAP torsions...
2026/03/19 05:45:59 structure,line: 2149     INFO | Adding trigonal angle terms...
2026/03/19 05:45:59 structure,line: 2151     INFO | Adding out-of-plane bends...
2026/03/19 05:45:59 structure,line: 2153     INFO | Adding pi-torsions...
2026/03/19 05:45:59 structure,line: 2155     INFO | Adding stretch-bends...
2026/03/19 05:45:59 structure,line: 2157     INFO | Adding torsion-torsions...
2026/03/19 05:45:59 structure,line: 2159     INFO | Adding Nonbonded force...
2026/03/19 05:45:59 energy_component,line: 338 DECOMPOSE | Decomposed Res Num: 90, Total Res Num: 447, Decomposition Progress: 20.13422818791946
2026/03/19 05:46:00 structure,line: 2132     INFO | Adding bonds...
2026/03/19 05:46:00 structure,line: 2135     INFO | Adding angles...
2026/03/19 05:46:00 structure,line: 2138     INFO | Adding dihedrals...
2026/03/19 05:46:00 structure,line: 2141     INFO | Adding Ryckaert-Bellemans torsions...
2026/03/19 05:46:00 structure,line: 2143     INFO | Adding Urey-Bradleys...
2026/03/19 05:46:00 structure,line: 2145     INFO | Adding improper torsions...
2026/03/19 05:46:00 structure,line: 2147     INFO | Adding CMAP torsions...
2026/03/19 05:46:00 structure,line: 2149     INFO | Adding trigonal angle terms...
2026/03/19 05:46:00 structure,line: 2151     INFO | Adding out-of-plane bends...
2026/03/19 05:46:00 structure,line: 2153     INFO | Adding pi-torsions...
2026/03/19 05:46:00 structure,line: 2155     INFO | Adding stretch-bends...
2026/03/19 05:46:00 structure,line: 2157     INFO | Adding torsion-torsions...
2026/03/19 05:46:00 structure,line: 2159     INFO | Adding Nonbonded force...
2026/03/19 05:46:00 energy_component,line: 338 DECOMPOSE | Decomposed Res Num: 91, Total Res Num: 447, Decomposition Progress: 20.3579418344519
2026/03/19 05:46:00 structure,line: 2132     INFO | Adding bonds...
2026/03/19 05:46:00 structure,line: 2135     INFO | Adding angles...
2026/03/19 05:46:00 structure,line: 2138     INFO | Adding dihedrals...
2026/03/19 05:46:00 structure,line: 2141     INFO | Adding Ryckaert-Bellemans torsions...
2026/03/19 05:46:00 structure,line: 2143     INFO | Adding Urey-Bradleys...
2026/03/19 05:46:00 structure,line: 2145     INFO | Adding improper torsions...
2026/03/19 05:46:00 structure,line: 2147     INFO | Adding CMAP torsions...
2026/03/19 05:46:00 structure,line: 2149     INFO | Adding trigonal angle terms...
2026/03/19 05:46:00 structure,line: 2151     INFO | Adding out-of-plane bends...
2026/03/19 05:46:00 structure,line: 2153     INFO | Adding pi-torsions...
2026/03/19 05:46:00 structure,line: 2155     INFO | Adding stretch-bends...
2026/03/19 05:46:00 structure,line: 2157     INFO | Adding torsion-torsions...
2026/03/19 05:46:00 structure,line: 2159     INFO | Adding Nonbonded force...
2026/03/19 05:46:01 energy_component,line: 338 DECOMPOSE | Decomposed Res Num: 92, Total Res Num: 447, Decomposition Progress: 20.581655480984338
2026/03/19 05:46:01 structure,line: 2132     INFO | Adding bonds...
2026/03/19 05:46:01 structure,line: 2135     INFO | Adding angles...
2026/03/19 05:46:01 structure,line: 2138     INFO | Adding dihedrals...
2026/03/19 05:46:01 structure,line: 2141     INFO | Adding Ryckaert-Bellemans torsions...
2026/03/19 05:46:01 structure,line: 2143     INFO | Adding Urey-Bradleys...
2026/03/19 05:46:01 structure,line: 2145     INFO | Adding improper torsions...
2026/03/19 05:46:01 structure,line: 2147     INFO | Adding CMAP torsions...
2026/03/19 05:46:01 structure,line: 2149     INFO | Adding trigonal angle terms...
2026/03/19 05:46:01 structure,line: 2151     INFO | Adding out-of-plane bends...
2026/03/19 05:46:01 structure,line: 2153     INFO | Adding pi-torsions...
2026/03/19 05:46:01 structure,line: 2155     INFO | Adding stretch-bends...
2026/03/19 05:46:01 structure,line: 2157     INFO | Adding torsion-torsions...
2026/03/19 05:46:01 structure,line: 2159     INFO | Adding Nonbonded force...
2026/03/19 05:46:01 energy_component,line: 338 DECOMPOSE | Decomposed Res Num: 93, Total Res Num: 447, Decomposition Progress: 20.80536912751678
2026/03/19 05:46:02 structure,line: 2132     INFO | Adding bonds...
2026/03/19 05:46:02 structure,line: 2135     INFO | Adding angles...
2026/03/19 05:46:02 structure,line: 2138     INFO | Adding dihedrals...
2026/03/19 05:46:02 structure,line: 2141     INFO | Adding Ryckaert-Bellemans torsions...
2026/03/19 05:46:02 structure,line: 2143     INFO | Adding Urey-Bradleys...
2026/03/19 05:46:02 structure,line: 2145     INFO | Adding improper torsions...
2026/03/19 05:46:02 structure,line: 2147     INFO | Adding CMAP torsions...
2026/03/19 05:46:02 structure,line: 2149     INFO | Adding trigonal angle terms...
2026/03/19 05:46:02 structure,line: 2151     INFO | Adding out-of-plane bends...
2026/03/19 05:46:02 structure,line: 2153     INFO | Adding pi-torsions...
2026/03/19 05:46:02 structure,line: 2155     INFO | Adding stretch-bends...
2026/03/19 05:46:02 structure,line: 2157     INFO | Adding torsion-torsions...
2026/03/19 05:46:02 structure,line: 2159     INFO | Adding Nonbonded force...
2026/03/19 05:46:02 energy_component,line: 338 DECOMPOSE | Decomposed Res Num: 94, Total Res Num: 447, Decomposition Progress: 21.02908277404922
2026/03/19 05:46:03 structure,line: 2132     INFO | Adding bonds...
2026/03/19 05:46:03 structure,line: 2135     INFO | Adding angles...
2026/03/19 05:46:03 structure,line: 2138     INFO | Adding dihedrals...
2026/03/19 05:46:03 structure,line: 2141     INFO | Adding Ryckaert-Bellemans torsions...
2026/03/19 05:46:03 structure,line: 2143     INFO | Adding Urey-Bradleys...
2026/03/19 05:46:03 structure,line: 2145     INFO | Adding improper torsions...
2026/03/19 05:46:03 structure,line: 2147     INFO | Adding CMAP torsions...
2026/03/19 05:46:03 structure,line: 2149     INFO | Adding trigonal angle terms...
2026/03/19 05:46:03 structure,line: 2151     INFO | Adding out-of-plane bends...
2026/03/19 05:46:03 structure,line: 2153     INFO | Adding pi-torsions...
2026/03/19 05:46:03 structure,line: 2155     INFO | Adding stretch-bends...
2026/03/19 05:46:03 structure,line: 2157     INFO | Adding torsion-torsions...
2026/03/19 05:46:03 structure,line: 2159     INFO | Adding Nonbonded force...
2026/03/19 05:46:03 energy_component,line: 338 DECOMPOSE | Decomposed Res Num: 95, Total Res Num: 447, Decomposition Progress: 21.252796420581653
2026/03/19 05:46:04 structure,line: 2132     INFO | Adding bonds...
2026/03/19 05:46:04 structure,line: 2135     INFO | Adding angles...
2026/03/19 05:46:04 structure,line: 2138     INFO | Adding dihedrals...
2026/03/19 05:46:04 structure,line: 2141     INFO | Adding Ryckaert-Bellemans torsions...
2026/03/19 05:46:04 structure,line: 2143     INFO | Adding Urey-Bradleys...
2026/03/19 05:46:04 structure,line: 2145     INFO | Adding improper torsions...
2026/03/19 05:46:04 structure,line: 2147     INFO | Adding CMAP torsions...
2026/03/19 05:46:04 structure,line: 2149     INFO | Adding trigonal angle terms...
2026/03/19 05:46:04 structure,line: 2151     INFO | Adding out-of-plane bends...
2026/03/19 05:46:04 structure,line: 2153     INFO | Adding pi-torsions...
2026/03/19 05:46:04 structure,line: 2155     INFO | Adding stretch-bends...
2026/03/19 05:46:04 structure,line: 2157     INFO | Adding torsion-torsions...
2026/03/19 05:46:04 structure,line: 2159     INFO | Adding Nonbonded force...
2026/03/19 05:46:04 energy_component,line: 338 DECOMPOSE | Decomposed Res Num: 96, Total Res Num: 447, Decomposition Progress: 21.476510067114095
2026/03/19 05:46:04 structure,line: 2132     INFO | Adding bonds...
2026/03/19 05:46:04 structure,line: 2135     INFO | Adding angles...
2026/03/19 05:46:04 structure,line: 2138     INFO | Adding dihedrals...
2026/03/19 05:46:04 structure,line: 2141     INFO | Adding Ryckaert-Bellemans torsions...
2026/03/19 05:46:04 structure,line: 2143     INFO | Adding Urey-Bradleys...
2026/03/19 05:46:04 structure,line: 2145     INFO | Adding improper torsions...
2026/03/19 05:46:04 structure,line: 2147     INFO | Adding CMAP torsions...
2026/03/19 05:46:04 structure,line: 2149     INFO | Adding trigonal angle terms...
2026/03/19 05:46:04 structure,line: 2151     INFO | Adding out-of-plane bends...
2026/03/19 05:46:04 structure,line: 2153     INFO | Adding pi-torsions...
2026/03/19 05:46:04 structure,line: 2155     INFO | Adding stretch-bends...
2026/03/19 05:46:04 structure,line: 2157     INFO | Adding torsion-torsions...
2026/03/19 05:46:04 structure,line: 2159     INFO | Adding Nonbonded force...
2026/03/19 05:46:05 energy_component,line: 338 DECOMPOSE | Decomposed Res Num: 97, Total Res Num: 447, Decomposition Progress: 21.700223713646533
2026/03/19 05:46:05 structure,line: 2132     INFO | Adding bonds...
2026/03/19 05:46:05 structure,line: 2135     INFO | Adding angles...
2026/03/19 05:46:05 structure,line: 2138     INFO | Adding dihedrals...
2026/03/19 05:46:05 structure,line: 2141     INFO | Adding Ryckaert-Bellemans torsions...
2026/03/19 05:46:05 structure,line: 2143     INFO | Adding Urey-Bradleys...
2026/03/19 05:46:05 structure,line: 2145     INFO | Adding improper torsions...
2026/03/19 05:46:05 structure,line: 2147     INFO | Adding CMAP torsions...
2026/03/19 05:46:05 structure,line: 2149     INFO | Adding trigonal angle terms...
2026/03/19 05:46:05 structure,line: 2151     INFO | Adding out-of-plane bends...
2026/03/19 05:46:05 structure,line: 2153     INFO | Adding pi-torsions...
2026/03/19 05:46:05 structure,line: 2155     INFO | Adding stretch-bends...
2026/03/19 05:46:05 structure,line: 2157     INFO | Adding torsion-torsions...
2026/03/19 05:46:05 structure,line: 2159     INFO | Adding Nonbonded force...
2026/03/19 05:46:05 energy_component,line: 338 DECOMPOSE | Decomposed Res Num: 98, Total Res Num: 447, Decomposition Progress: 21.92393736017897
2026/03/19 05:46:06 structure,line: 2132     INFO | Adding bonds...
2026/03/19 05:46:06 structure,line: 2135     INFO | Adding angles...
2026/03/19 05:46:06 structure,line: 2138     INFO | Adding dihedrals...
2026/03/19 05:46:06 structure,line: 2141     INFO | Adding Ryckaert-Bellemans torsions...
2026/03/19 05:46:06 structure,line: 2143     INFO | Adding Urey-Bradleys...
2026/03/19 05:46:06 structure,line: 2145     INFO | Adding improper torsions...
2026/03/19 05:46:06 structure,line: 2147     INFO | Adding CMAP torsions...
2026/03/19 05:46:06 structure,line: 2149     INFO | Adding trigonal angle terms...
2026/03/19 05:46:06 structure,line: 2151     INFO | Adding out-of-plane bends...
2026/03/19 05:46:06 structure,line: 2153     INFO | Adding pi-torsions...
2026/03/19 05:46:06 structure,line: 2155     INFO | Adding stretch-bends...
2026/03/19 05:46:06 structure,line: 2157     INFO | Adding torsion-torsions...
2026/03/19 05:46:06 structure,line: 2159     INFO | Adding Nonbonded force...
2026/03/19 05:46:06 energy_component,line: 338 DECOMPOSE | Decomposed Res Num: 99, Total Res Num: 447, Decomposition Progress: 22.14765100671141
2026/03/19 05:46:07 structure,line: 2132     INFO | Adding bonds...
2026/03/19 05:46:07 structure,line: 2135     INFO | Adding angles...
2026/03/19 05:46:07 structure,line: 2138     INFO | Adding dihedrals...
2026/03/19 05:46:07 structure,line: 2141     INFO | Adding Ryckaert-Bellemans torsions...
2026/03/19 05:46:07 structure,line: 2143     INFO | Adding Urey-Bradleys...
2026/03/19 05:46:07 structure,line: 2145     INFO | Adding improper torsions...
2026/03/19 05:46:07 structure,line: 2147     INFO | Adding CMAP torsions...
2026/03/19 05:46:07 structure,line: 2149     INFO | Adding trigonal angle terms...
2026/03/19 05:46:07 structure,line: 2151     INFO | Adding out-of-plane bends...
2026/03/19 05:46:07 structure,line: 2153     INFO | Adding pi-torsions...
2026/03/19 05:46:07 structure,line: 2155     INFO | Adding stretch-bends...
2026/03/19 05:46:07 structure,line: 2157     INFO | Adding torsion-torsions...
2026/03/19 05:46:07 structure,line: 2159     INFO | Adding Nonbonded force...
2026/03/19 05:46:07 energy_component,line: 338 DECOMPOSE | Decomposed Res Num: 100, Total Res Num: 447, Decomposition Progress: 22.371364653243848
2026/03/19 05:46:08 structure,line: 2132     INFO | Adding bonds...
2026/03/19 05:46:08 structure,line: 2135     INFO | Adding angles...
2026/03/19 05:46:08 structure,line: 2138     INFO | Adding dihedrals...
2026/03/19 05:46:08 structure,line: 2141     INFO | Adding Ryckaert-Bellemans torsions...
2026/03/19 05:46:08 structure,line: 2143     INFO | Adding Urey-Bradleys...
2026/03/19 05:46:08 structure,line: 2145     INFO | Adding improper torsions...
2026/03/19 05:46:08 structure,line: 2147     INFO | Adding CMAP torsions...
2026/03/19 05:46:08 structure,line: 2149     INFO | Adding trigonal angle terms...
2026/03/19 05:46:08 structure,line: 2151     INFO | Adding out-of-plane bends...
2026/03/19 05:46:08 structure,line: 2153     INFO | Adding pi-torsions...
2026/03/19 05:46:08 structure,line: 2155     INFO | Adding stretch-bends...
2026/03/19 05:46:08 structure,line: 2157     INFO | Adding torsion-torsions...
2026/03/19 05:46:08 structure,line: 2159     INFO | Adding Nonbonded force...
2026/03/19 05:46:08 energy_component,line: 338 DECOMPOSE | Decomposed Res Num: 101, Total Res Num: 447, Decomposition Progress: 22.595078299776286
2026/03/19 05:46:08 structure,line: 2132     INFO | Adding bonds...
2026/03/19 05:46:08 structure,line: 2135     INFO | Adding angles...
2026/03/19 05:46:08 structure,line: 2138     INFO | Adding dihedrals...
2026/03/19 05:46:08 structure,line: 2141     INFO | Adding Ryckaert-Bellemans torsions...
2026/03/19 05:46:08 structure,line: 2143     INFO | Adding Urey-Bradleys...
2026/03/19 05:46:08 structure,line: 2145     INFO | Adding improper torsions...
2026/03/19 05:46:08 structure,line: 2147     INFO | Adding CMAP torsions...
2026/03/19 05:46:08 structure,line: 2149     INFO | Adding trigonal angle terms...
2026/03/19 05:46:08 structure,line: 2151     INFO | Adding out-of-plane bends...
2026/03/19 05:46:08 structure,line: 2153     INFO | Adding pi-torsions...
2026/03/19 05:46:08 structure,line: 2155     INFO | Adding stretch-bends...
2026/03/19 05:46:08 structure,line: 2157     INFO | Adding torsion-torsions...
2026/03/19 05:46:08 structure,line: 2159     INFO | Adding Nonbonded force...
2026/03/19 05:46:09 energy_component,line: 338 DECOMPOSE | Decomposed Res Num: 102, Total Res Num: 447, Decomposition Progress: 22.818791946308725
2026/03/19 05:46:09 structure,line: 2132     INFO | Adding bonds...
2026/03/19 05:46:09 structure,line: 2135     INFO | Adding angles...
2026/03/19 05:46:09 structure,line: 2138     INFO | Adding dihedrals...
2026/03/19 05:46:09 structure,line: 2141     INFO | Adding Ryckaert-Bellemans torsions...
2026/03/19 05:46:09 structure,line: 2143     INFO | Adding Urey-Bradleys...
2026/03/19 05:46:09 structure,line: 2145     INFO | Adding improper torsions...
2026/03/19 05:46:09 structure,line: 2147     INFO | Adding CMAP torsions...
2026/03/19 05:46:09 structure,line: 2149     INFO | Adding trigonal angle terms...
2026/03/19 05:46:09 structure,line: 2151     INFO | Adding out-of-plane bends...
2026/03/19 05:46:09 structure,line: 2153     INFO | Adding pi-torsions...
2026/03/19 05:46:09 structure,line: 2155     INFO | Adding stretch-bends...
2026/03/19 05:46:09 structure,line: 2157     INFO | Adding torsion-torsions...
2026/03/19 05:46:09 structure,line: 2159     INFO | Adding Nonbonded force...
2026/03/19 05:46:10 energy_component,line: 338 DECOMPOSE | Decomposed Res Num: 103, Total Res Num: 447, Decomposition Progress: 23.042505592841163
2026/03/19 05:46:13 structure,line: 2132     INFO | Adding bonds...
2026/03/19 05:46:13 structure,line: 2135     INFO | Adding angles...
2026/03/19 05:46:13 structure,line: 2138     INFO | Adding dihedrals...
2026/03/19 05:46:13 structure,line: 2141     INFO | Adding Ryckaert-Bellemans torsions...
2026/03/19 05:46:13 structure,line: 2143     INFO | Adding Urey-Bradleys...
2026/03/19 05:46:13 structure,line: 2145     INFO | Adding improper torsions...
2026/03/19 05:46:13 structure,line: 2147     INFO | Adding CMAP torsions...
2026/03/19 05:46:13 structure,line: 2149     INFO | Adding trigonal angle terms...
2026/03/19 05:46:13 structure,line: 2151     INFO | Adding out-of-plane bends...
2026/03/19 05:46:13 structure,line: 2153     INFO | Adding pi-torsions...
2026/03/19 05:46:13 structure,line: 2155     INFO | Adding stretch-bends...
2026/03/19 05:46:13 structure,line: 2157     INFO | Adding torsion-torsions...
2026/03/19 05:46:13 structure,line: 2159     INFO | Adding Nonbonded force...
2026/03/19 05:46:13 energy_component,line: 338 DECOMPOSE | Decomposed Res Num: 104, Total Res Num: 447, Decomposition Progress: 23.2662192393736
2026/03/19 05:46:14 structure,line: 2132     INFO | Adding bonds...
2026/03/19 05:46:14 structure,line: 2135     INFO | Adding angles...
2026/03/19 05:46:14 structure,line: 2138     INFO | Adding dihedrals...
2026/03/19 05:46:14 structure,line: 2141     INFO | Adding Ryckaert-Bellemans torsions...
2026/03/19 05:46:14 structure,line: 2143     INFO | Adding Urey-Bradleys...
2026/03/19 05:46:14 structure,line: 2145     INFO | Adding improper torsions...
2026/03/19 05:46:14 structure,line: 2147     INFO | Adding CMAP torsions...
2026/03/19 05:46:14 structure,line: 2149     INFO | Adding trigonal angle terms...
2026/03/19 05:46:14 structure,line: 2151     INFO | Adding out-of-plane bends...
2026/03/19 05:46:14 structure,line: 2153     INFO | Adding pi-torsions...
2026/03/19 05:46:14 structure,line: 2155     INFO | Adding stretch-bends...
2026/03/19 05:46:14 structure,line: 2157     INFO | Adding torsion-torsions...
2026/03/19 05:46:14 structure,line: 2159     INFO | Adding Nonbonded force...
2026/03/19 05:46:14 energy_component,line: 338 DECOMPOSE | Decomposed Res Num: 105, Total Res Num: 447, Decomposition Progress: 23.48993288590604
2026/03/19 05:46:14 structure,line: 2132     INFO | Adding bonds...
2026/03/19 05:46:14 structure,line: 2135     INFO | Adding angles...
2026/03/19 05:46:14 structure,line: 2138     INFO | Adding dihedrals...
2026/03/19 05:46:14 structure,line: 2141     INFO | Adding Ryckaert-Bellemans torsions...
2026/03/19 05:46:14 structure,line: 2143     INFO | Adding Urey-Bradleys...
2026/03/19 05:46:14 structure,line: 2145     INFO | Adding improper torsions...
2026/03/19 05:46:14 structure,line: 2147     INFO | Adding CMAP torsions...
2026/03/19 05:46:14 structure,line: 2149     INFO | Adding trigonal angle terms...
2026/03/19 05:46:14 structure,line: 2151     INFO | Adding out-of-plane bends...
2026/03/19 05:46:14 structure,line: 2153     INFO | Adding pi-torsions...
2026/03/19 05:46:14 structure,line: 2155     INFO | Adding stretch-bends...
2026/03/19 05:46:14 structure,line: 2157     INFO | Adding torsion-torsions...
2026/03/19 05:46:14 structure,line: 2159     INFO | Adding Nonbonded force...
2026/03/19 05:46:15 energy_component,line: 338 DECOMPOSE | Decomposed Res Num: 106, Total Res Num: 447, Decomposition Progress: 23.713646532438478
2026/03/19 05:46:15 structure,line: 2132     INFO | Adding bonds...
2026/03/19 05:46:15 structure,line: 2135     INFO | Adding angles...
2026/03/19 05:46:15 structure,line: 2138     INFO | Adding dihedrals...
2026/03/19 05:46:15 structure,line: 2141     INFO | Adding Ryckaert-Bellemans torsions...
2026/03/19 05:46:15 structure,line: 2143     INFO | Adding Urey-Bradleys...
2026/03/19 05:46:15 structure,line: 2145     INFO | Adding improper torsions...
2026/03/19 05:46:15 structure,line: 2147     INFO | Adding CMAP torsions...
2026/03/19 05:46:15 structure,line: 2149     INFO | Adding trigonal angle terms...
2026/03/19 05:46:15 structure,line: 2151     INFO | Adding out-of-plane bends...
2026/03/19 05:46:15 structure,line: 2153     INFO | Adding pi-torsions...
2026/03/19 05:46:15 structure,line: 2155     INFO | Adding stretch-bends...
2026/03/19 05:46:15 structure,line: 2157     INFO | Adding torsion-torsions...
2026/03/19 05:46:15 structure,line: 2159     INFO | Adding Nonbonded force...
2026/03/19 05:46:15 energy_component,line: 338 DECOMPOSE | Decomposed Res Num: 107, Total Res Num: 447, Decomposition Progress: 23.937360178970916
2026/03/19 05:46:16 structure,line: 2132     INFO | Adding bonds...
2026/03/19 05:46:16 structure,line: 2135     INFO | Adding angles...
2026/03/19 05:46:16 structure,line: 2138     INFO | Adding dihedrals...
2026/03/19 05:46:16 structure,line: 2141     INFO | Adding Ryckaert-Bellemans torsions...
2026/03/19 05:46:16 structure,line: 2143     INFO | Adding Urey-Bradleys...
2026/03/19 05:46:16 structure,line: 2145     INFO | Adding improper torsions...
2026/03/19 05:46:16 structure,line: 2147     INFO | Adding CMAP torsions...
2026/03/19 05:46:16 structure,line: 2149     INFO | Adding trigonal angle terms...
2026/03/19 05:46:16 structure,line: 2151     INFO | Adding out-of-plane bends...
2026/03/19 05:46:16 structure,line: 2153     INFO | Adding pi-torsions...
2026/03/19 05:46:16 structure,line: 2155     INFO | Adding stretch-bends...
2026/03/19 05:46:16 structure,line: 2157     INFO | Adding torsion-torsions...
2026/03/19 05:46:16 structure,line: 2159     INFO | Adding Nonbonded force...
2026/03/19 05:46:16 energy_component,line: 338 DECOMPOSE | Decomposed Res Num: 108, Total Res Num: 447, Decomposition Progress: 24.161073825503358
2026/03/19 05:46:17 structure,line: 2132     INFO | Adding bonds...
2026/03/19 05:46:17 structure,line: 2135     INFO | Adding angles...
2026/03/19 05:46:17 structure,line: 2138     INFO | Adding dihedrals...
2026/03/19 05:46:17 structure,line: 2141     INFO | Adding Ryckaert-Bellemans torsions...
2026/03/19 05:46:17 structure,line: 2143     INFO | Adding Urey-Bradleys...
2026/03/19 05:46:17 structure,line: 2145     INFO | Adding improper torsions...
2026/03/19 05:46:17 structure,line: 2147     INFO | Adding CMAP torsions...
2026/03/19 05:46:17 structure,line: 2149     INFO | Adding trigonal angle terms...
2026/03/19 05:46:17 structure,line: 2151     INFO | Adding out-of-plane bends...
2026/03/19 05:46:17 structure,line: 2153     INFO | Adding pi-torsions...
2026/03/19 05:46:17 structure,line: 2155     INFO | Adding stretch-bends...
2026/03/19 05:46:17 structure,line: 2157     INFO | Adding torsion-torsions...
2026/03/19 05:46:17 structure,line: 2159     INFO | Adding Nonbonded force...
2026/03/19 05:46:17 energy_component,line: 338 DECOMPOSE | Decomposed Res Num: 109, Total Res Num: 447, Decomposition Progress: 24.384787472035793
2026/03/19 05:46:18 structure,line: 2132     INFO | Adding bonds...
2026/03/19 05:46:18 structure,line: 2135     INFO | Adding angles...
2026/03/19 05:46:18 structure,line: 2138     INFO | Adding dihedrals...
2026/03/19 05:46:18 structure,line: 2141     INFO | Adding Ryckaert-Bellemans torsions...
2026/03/19 05:46:18 structure,line: 2143     INFO | Adding Urey-Bradleys...
2026/03/19 05:46:18 structure,line: 2145     INFO | Adding improper torsions...
2026/03/19 05:46:18 structure,line: 2147     INFO | Adding CMAP torsions...
2026/03/19 05:46:18 structure,line: 2149     INFO | Adding trigonal angle terms...
2026/03/19 05:46:18 structure,line: 2151     INFO | Adding out-of-plane bends...
2026/03/19 05:46:18 structure,line: 2153     INFO | Adding pi-torsions...
2026/03/19 05:46:18 structure,line: 2155     INFO | Adding stretch-bends...
2026/03/19 05:46:18 structure,line: 2157     INFO | Adding torsion-torsions...
2026/03/19 05:46:18 structure,line: 2159     INFO | Adding Nonbonded force...
2026/03/19 05:46:18 energy_component,line: 338 DECOMPOSE | Decomposed Res Num: 110, Total Res Num: 447, Decomposition Progress: 24.60850111856823
2026/03/19 05:46:18 structure,line: 2132     INFO | Adding bonds...
2026/03/19 05:46:18 structure,line: 2135     INFO | Adding angles...
2026/03/19 05:46:18 structure,line: 2138     INFO | Adding dihedrals...
2026/03/19 05:46:18 structure,line: 2141     INFO | Adding Ryckaert-Bellemans torsions...
2026/03/19 05:46:18 structure,line: 2143     INFO | Adding Urey-Bradleys...
2026/03/19 05:46:18 structure,line: 2145     INFO | Adding improper torsions...
2026/03/19 05:46:18 structure,line: 2147     INFO | Adding CMAP torsions...
2026/03/19 05:46:18 structure,line: 2149     INFO | Adding trigonal angle terms...
2026/03/19 05:46:18 structure,line: 2151     INFO | Adding out-of-plane bends...
2026/03/19 05:46:18 structure,line: 2153     INFO | Adding pi-torsions...
2026/03/19 05:46:18 structure,line: 2155     INFO | Adding stretch-bends...
2026/03/19 05:46:18 structure,line: 2157     INFO | Adding torsion-torsions...
2026/03/19 05:46:18 structure,line: 2159     INFO | Adding Nonbonded force...
2026/03/19 05:46:19 energy_component,line: 338 DECOMPOSE | Decomposed Res Num: 111, Total Res Num: 447, Decomposition Progress: 24.832214765100673
2026/03/19 05:46:19 structure,line: 2132     INFO | Adding bonds...
2026/03/19 05:46:19 structure,line: 2135     INFO | Adding angles...
2026/03/19 05:46:19 structure,line: 2138     INFO | Adding dihedrals...
2026/03/19 05:46:19 structure,line: 2141     INFO | Adding Ryckaert-Bellemans torsions...
2026/03/19 05:46:19 structure,line: 2143     INFO | Adding Urey-Bradleys...
2026/03/19 05:46:19 structure,line: 2145     INFO | Adding improper torsions...
2026/03/19 05:46:19 structure,line: 2147     INFO | Adding CMAP torsions...
2026/03/19 05:46:19 structure,line: 2149     INFO | Adding trigonal angle terms...
2026/03/19 05:46:19 structure,line: 2151     INFO | Adding out-of-plane bends...
2026/03/19 05:46:19 structure,line: 2153     INFO | Adding pi-torsions...
2026/03/19 05:46:19 structure,line: 2155     INFO | Adding stretch-bends...
2026/03/19 05:46:19 structure,line: 2157     INFO | Adding torsion-torsions...
2026/03/19 05:46:19 structure,line: 2159     INFO | Adding Nonbonded force...
2026/03/19 05:46:19 energy_component,line: 338 DECOMPOSE | Decomposed Res Num: 112, Total Res Num: 447, Decomposition Progress: 25.05592841163311
2026/03/19 05:46:20 structure,line: 2132     INFO | Adding bonds...
2026/03/19 05:46:20 structure,line: 2135     INFO | Adding angles...
2026/03/19 05:46:20 structure,line: 2138     INFO | Adding dihedrals...
2026/03/19 05:46:20 structure,line: 2141     INFO | Adding Ryckaert-Bellemans torsions...
2026/03/19 05:46:20 structure,line: 2143     INFO | Adding Urey-Bradleys...
2026/03/19 05:46:20 structure,line: 2145     INFO | Adding improper torsions...
2026/03/19 05:46:20 structure,line: 2147     INFO | Adding CMAP torsions...
2026/03/19 05:46:20 structure,line: 2149     INFO | Adding trigonal angle terms...
2026/03/19 05:46:20 structure,line: 2151     INFO | Adding out-of-plane bends...
2026/03/19 05:46:20 structure,line: 2153     INFO | Adding pi-torsions...
2026/03/19 05:46:20 structure,line: 2155     INFO | Adding stretch-bends...
2026/03/19 05:46:20 structure,line: 2157     INFO | Adding torsion-torsions...
2026/03/19 05:46:20 structure,line: 2159     INFO | Adding Nonbonded force...
2026/03/19 05:46:20 energy_component,line: 338 DECOMPOSE | Decomposed Res Num: 113, Total Res Num: 447, Decomposition Progress: 25.279642058165546
2026/03/19 05:46:21 structure,line: 2132     INFO | Adding bonds...
2026/03/19 05:46:21 structure,line: 2135     INFO | Adding angles...
2026/03/19 05:46:21 structure,line: 2138     INFO | Adding dihedrals...
2026/03/19 05:46:21 structure,line: 2141     INFO | Adding Ryckaert-Bellemans torsions...
2026/03/19 05:46:21 structure,line: 2143     INFO | Adding Urey-Bradleys...
2026/03/19 05:46:21 structure,line: 2145     INFO | Adding improper torsions...
2026/03/19 05:46:21 structure,line: 2147     INFO | Adding CMAP torsions...
2026/03/19 05:46:21 structure,line: 2149     INFO | Adding trigonal angle terms...
2026/03/19 05:46:21 structure,line: 2151     INFO | Adding out-of-plane bends...
2026/03/19 05:46:21 structure,line: 2153     INFO | Adding pi-torsions...
2026/03/19 05:46:21 structure,line: 2155     INFO | Adding stretch-bends...
2026/03/19 05:46:21 structure,line: 2157     INFO | Adding torsion-torsions...
2026/03/19 05:46:21 structure,line: 2159     INFO | Adding Nonbonded force...
2026/03/19 05:46:21 energy_component,line: 338 DECOMPOSE | Decomposed Res Num: 114, Total Res Num: 447, Decomposition Progress: 25.503355704697988
2026/03/19 05:46:22 structure,line: 2132     INFO | Adding bonds...
2026/03/19 05:46:22 structure,line: 2135     INFO | Adding angles...
2026/03/19 05:46:22 structure,line: 2138     INFO | Adding dihedrals...
2026/03/19 05:46:22 structure,line: 2141     INFO | Adding Ryckaert-Bellemans torsions...
2026/03/19 05:46:22 structure,line: 2143     INFO | Adding Urey-Bradleys...
2026/03/19 05:46:22 structure,line: 2145     INFO | Adding improper torsions...
2026/03/19 05:46:22 structure,line: 2147     INFO | Adding CMAP torsions...
2026/03/19 05:46:22 structure,line: 2149     INFO | Adding trigonal angle terms...
2026/03/19 05:46:22 structure,line: 2151     INFO | Adding out-of-plane bends...
2026/03/19 05:46:22 structure,line: 2153     INFO | Adding pi-torsions...
2026/03/19 05:46:22 structure,line: 2155     INFO | Adding stretch-bends...
2026/03/19 05:46:22 structure,line: 2157     INFO | Adding torsion-torsions...
2026/03/19 05:46:22 structure,line: 2159     INFO | Adding Nonbonded force...
2026/03/19 05:46:22 energy_component,line: 338 DECOMPOSE | Decomposed Res Num: 115, Total Res Num: 447, Decomposition Progress: 25.727069351230426
2026/03/19 05:46:22 structure,line: 2132     INFO | Adding bonds...
2026/03/19 05:46:22 structure,line: 2135     INFO | Adding angles...
2026/03/19 05:46:22 structure,line: 2138     INFO | Adding dihedrals...
2026/03/19 05:46:22 structure,line: 2141     INFO | Adding Ryckaert-Bellemans torsions...
2026/03/19 05:46:22 structure,line: 2143     INFO | Adding Urey-Bradleys...
2026/03/19 05:46:22 structure,line: 2145     INFO | Adding improper torsions...
2026/03/19 05:46:22 structure,line: 2147     INFO | Adding CMAP torsions...
2026/03/19 05:46:22 structure,line: 2149     INFO | Adding trigonal angle terms...
2026/03/19 05:46:22 structure,line: 2151     INFO | Adding out-of-plane bends...
2026/03/19 05:46:22 structure,line: 2153     INFO | Adding pi-torsions...
2026/03/19 05:46:22 structure,line: 2155     INFO | Adding stretch-bends...
2026/03/19 05:46:22 structure,line: 2157     INFO | Adding torsion-torsions...
2026/03/19 05:46:22 structure,line: 2159     INFO | Adding Nonbonded force...
2026/03/19 05:46:23 energy_component,line: 338 DECOMPOSE | Decomposed Res Num: 116, Total Res Num: 447, Decomposition Progress: 25.95078299776286
2026/03/19 05:46:23 structure,line: 2132     INFO | Adding bonds...
2026/03/19 05:46:23 structure,line: 2135     INFO | Adding angles...
2026/03/19 05:46:23 structure,line: 2138     INFO | Adding dihedrals...
2026/03/19 05:46:23 structure,line: 2141     INFO | Adding Ryckaert-Bellemans torsions...
2026/03/19 05:46:23 structure,line: 2143     INFO | Adding Urey-Bradleys...
2026/03/19 05:46:23 structure,line: 2145     INFO | Adding improper torsions...
2026/03/19 05:46:23 structure,line: 2147     INFO | Adding CMAP torsions...
2026/03/19 05:46:23 structure,line: 2149     INFO | Adding trigonal angle terms...
2026/03/19 05:46:23 structure,line: 2151     INFO | Adding out-of-plane bends...
2026/03/19 05:46:23 structure,line: 2153     INFO | Adding pi-torsions...
2026/03/19 05:46:23 structure,line: 2155     INFO | Adding stretch-bends...
2026/03/19 05:46:23 structure,line: 2157     INFO | Adding torsion-torsions...
2026/03/19 05:46:23 structure,line: 2159     INFO | Adding Nonbonded force...
2026/03/19 05:46:24 energy_component,line: 338 DECOMPOSE | Decomposed Res Num: 117, Total Res Num: 447, Decomposition Progress: 26.174496644295303
2026/03/19 05:46:24 structure,line: 2132     INFO | Adding bonds...
2026/03/19 05:46:24 structure,line: 2135     INFO | Adding angles...
2026/03/19 05:46:24 structure,line: 2138     INFO | Adding dihedrals...
2026/03/19 05:46:24 structure,line: 2141     INFO | Adding Ryckaert-Bellemans torsions...
2026/03/19 05:46:24 structure,line: 2143     INFO | Adding Urey-Bradleys...
2026/03/19 05:46:24 structure,line: 2145     INFO | Adding improper torsions...
2026/03/19 05:46:24 structure,line: 2147     INFO | Adding CMAP torsions...
2026/03/19 05:46:24 structure,line: 2149     INFO | Adding trigonal angle terms...
2026/03/19 05:46:24 structure,line: 2151     INFO | Adding out-of-plane bends...
2026/03/19 05:46:24 structure,line: 2153     INFO | Adding pi-torsions...
2026/03/19 05:46:24 structure,line: 2155     INFO | Adding stretch-bends...
2026/03/19 05:46:24 structure,line: 2157     INFO | Adding torsion-torsions...
2026/03/19 05:46:24 structure,line: 2159     INFO | Adding Nonbonded force...
2026/03/19 05:46:24 energy_component,line: 338 DECOMPOSE | Decomposed Res Num: 118, Total Res Num: 447, Decomposition Progress: 26.39821029082774
2026/03/19 05:46:27 structure,line: 2132     INFO | Adding bonds...
2026/03/19 05:46:27 structure,line: 2135     INFO | Adding angles...
2026/03/19 05:46:27 structure,line: 2138     INFO | Adding dihedrals...
2026/03/19 05:46:27 structure,line: 2141     INFO | Adding Ryckaert-Bellemans torsions...
2026/03/19 05:46:27 structure,line: 2143     INFO | Adding Urey-Bradleys...
2026/03/19 05:46:27 structure,line: 2145     INFO | Adding improper torsions...
2026/03/19 05:46:27 structure,line: 2147     INFO | Adding CMAP torsions...
2026/03/19 05:46:27 structure,line: 2149     INFO | Adding trigonal angle terms...
2026/03/19 05:46:27 structure,line: 2151     INFO | Adding out-of-plane bends...
2026/03/19 05:46:27 structure,line: 2153     INFO | Adding pi-torsions...
2026/03/19 05:46:27 structure,line: 2155     INFO | Adding stretch-bends...
2026/03/19 05:46:27 structure,line: 2157     INFO | Adding torsion-torsions...
2026/03/19 05:46:27 structure,line: 2159     INFO | Adding Nonbonded force...
2026/03/19 05:46:28 energy_component,line: 338 DECOMPOSE | Decomposed Res Num: 119, Total Res Num: 447, Decomposition Progress: 26.62192393736018
2026/03/19 05:46:28 structure,line: 2132     INFO | Adding bonds...
2026/03/19 05:46:28 structure,line: 2135     INFO | Adding angles...
2026/03/19 05:46:28 structure,line: 2138     INFO | Adding dihedrals...
2026/03/19 05:46:28 structure,line: 2141     INFO | Adding Ryckaert-Bellemans torsions...
2026/03/19 05:46:28 structure,line: 2143     INFO | Adding Urey-Bradleys...
2026/03/19 05:46:28 structure,line: 2145     INFO | Adding improper torsions...
2026/03/19 05:46:28 structure,line: 2147     INFO | Adding CMAP torsions...
2026/03/19 05:46:28 structure,line: 2149     INFO | Adding trigonal angle terms...
2026/03/19 05:46:28 structure,line: 2151     INFO | Adding out-of-plane bends...
2026/03/19 05:46:28 structure,line: 2153     INFO | Adding pi-torsions...
2026/03/19 05:46:28 structure,line: 2155     INFO | Adding stretch-bends...
2026/03/19 05:46:28 structure,line: 2157     INFO | Adding torsion-torsions...
2026/03/19 05:46:28 structure,line: 2159     INFO | Adding Nonbonded force...
2026/03/19 05:46:29 energy_component,line: 338 DECOMPOSE | Decomposed Res Num: 120, Total Res Num: 447, Decomposition Progress: 26.845637583892618
2026/03/19 05:46:29 structure,line: 2132     INFO | Adding bonds...
2026/03/19 05:46:29 structure,line: 2135     INFO | Adding angles...
2026/03/19 05:46:29 structure,line: 2138     INFO | Adding dihedrals...
2026/03/19 05:46:29 structure,line: 2141     INFO | Adding Ryckaert-Bellemans torsions...
2026/03/19 05:46:29 structure,line: 2143     INFO | Adding Urey-Bradleys...
2026/03/19 05:46:29 structure,line: 2145     INFO | Adding improper torsions...
2026/03/19 05:46:29 structure,line: 2147     INFO | Adding CMAP torsions...
2026/03/19 05:46:29 structure,line: 2149     INFO | Adding trigonal angle terms...
2026/03/19 05:46:29 structure,line: 2151     INFO | Adding out-of-plane bends...
2026/03/19 05:46:29 structure,line: 2153     INFO | Adding pi-torsions...
2026/03/19 05:46:29 structure,line: 2155     INFO | Adding stretch-bends...
2026/03/19 05:46:29 structure,line: 2157     INFO | Adding torsion-torsions...
2026/03/19 05:46:29 structure,line: 2159     INFO | Adding Nonbonded force...
2026/03/19 05:46:29 energy_component,line: 338 DECOMPOSE | Decomposed Res Num: 121, Total Res Num: 447, Decomposition Progress: 27.069351230425053
2026/03/19 05:46:30 structure,line: 2132     INFO | Adding bonds...
2026/03/19 05:46:30 structure,line: 2135     INFO | Adding angles...
2026/03/19 05:46:30 structure,line: 2138     INFO | Adding dihedrals...
2026/03/19 05:46:30 structure,line: 2141     INFO | Adding Ryckaert-Bellemans torsions...
2026/03/19 05:46:30 structure,line: 2143     INFO | Adding Urey-Bradleys...
2026/03/19 05:46:30 structure,line: 2145     INFO | Adding improper torsions...
2026/03/19 05:46:30 structure,line: 2147     INFO | Adding CMAP torsions...
2026/03/19 05:46:30 structure,line: 2149     INFO | Adding trigonal angle terms...
2026/03/19 05:46:30 structure,line: 2151     INFO | Adding out-of-plane bends...
2026/03/19 05:46:30 structure,line: 2153     INFO | Adding pi-torsions...
2026/03/19 05:46:30 structure,line: 2155     INFO | Adding stretch-bends...
2026/03/19 05:46:30 structure,line: 2157     INFO | Adding torsion-torsions...
2026/03/19 05:46:30 structure,line: 2159     INFO | Adding Nonbonded force...
2026/03/19 05:46:30 energy_component,line: 338 DECOMPOSE | Decomposed Res Num: 122, Total Res Num: 447, Decomposition Progress: 27.293064876957494
2026/03/19 05:46:31 structure,line: 2132     INFO | Adding bonds...
2026/03/19 05:46:31 structure,line: 2135     INFO | Adding angles...
2026/03/19 05:46:31 structure,line: 2138     INFO | Adding dihedrals...
2026/03/19 05:46:31 structure,line: 2141     INFO | Adding Ryckaert-Bellemans torsions...
2026/03/19 05:46:31 structure,line: 2143     INFO | Adding Urey-Bradleys...
2026/03/19 05:46:31 structure,line: 2145     INFO | Adding improper torsions...
2026/03/19 05:46:31 structure,line: 2147     INFO | Adding CMAP torsions...
2026/03/19 05:46:31 structure,line: 2149     INFO | Adding trigonal angle terms...
2026/03/19 05:46:31 structure,line: 2151     INFO | Adding out-of-plane bends...
2026/03/19 05:46:31 structure,line: 2153     INFO | Adding pi-torsions...
2026/03/19 05:46:31 structure,line: 2155     INFO | Adding stretch-bends...
2026/03/19 05:46:31 structure,line: 2157     INFO | Adding torsion-torsions...
2026/03/19 05:46:31 structure,line: 2159     INFO | Adding Nonbonded force...
2026/03/19 05:46:31 energy_component,line: 338 DECOMPOSE | Decomposed Res Num: 123, Total Res Num: 447, Decomposition Progress: 27.516778523489933
2026/03/19 05:46:32 structure,line: 2132     INFO | Adding bonds...
2026/03/19 05:46:32 structure,line: 2135     INFO | Adding angles...
2026/03/19 05:46:32 structure,line: 2138     INFO | Adding dihedrals...
2026/03/19 05:46:32 structure,line: 2141     INFO | Adding Ryckaert-Bellemans torsions...
2026/03/19 05:46:32 structure,line: 2143     INFO | Adding Urey-Bradleys...
2026/03/19 05:46:32 structure,line: 2145     INFO | Adding improper torsions...
2026/03/19 05:46:32 structure,line: 2147     INFO | Adding CMAP torsions...
2026/03/19 05:46:32 structure,line: 2149     INFO | Adding trigonal angle terms...
2026/03/19 05:46:32 structure,line: 2151     INFO | Adding out-of-plane bends...
2026/03/19 05:46:32 structure,line: 2153     INFO | Adding pi-torsions...
2026/03/19 05:46:32 structure,line: 2155     INFO | Adding stretch-bends...
2026/03/19 05:46:32 structure,line: 2157     INFO | Adding torsion-torsions...
2026/03/19 05:46:32 structure,line: 2159     INFO | Adding Nonbonded force...
2026/03/19 05:46:32 energy_component,line: 338 DECOMPOSE | Decomposed Res Num: 124, Total Res Num: 447, Decomposition Progress: 27.740492170022375
2026/03/19 05:46:32 structure,line: 2132     INFO | Adding bonds...
2026/03/19 05:46:32 structure,line: 2135     INFO | Adding angles...
2026/03/19 05:46:32 structure,line: 2138     INFO | Adding dihedrals...
2026/03/19 05:46:32 structure,line: 2141     INFO | Adding Ryckaert-Bellemans torsions...
2026/03/19 05:46:32 structure,line: 2143     INFO | Adding Urey-Bradleys...
2026/03/19 05:46:32 structure,line: 2145     INFO | Adding improper torsions...
2026/03/19 05:46:32 structure,line: 2147     INFO | Adding CMAP torsions...
2026/03/19 05:46:32 structure,line: 2149     INFO | Adding trigonal angle terms...
2026/03/19 05:46:32 structure,line: 2151     INFO | Adding out-of-plane bends...
2026/03/19 05:46:32 structure,line: 2153     INFO | Adding pi-torsions...
2026/03/19 05:46:32 structure,line: 2155     INFO | Adding stretch-bends...
2026/03/19 05:46:32 structure,line: 2157     INFO | Adding torsion-torsions...
2026/03/19 05:46:32 structure,line: 2159     INFO | Adding Nonbonded force...
2026/03/19 05:46:33 energy_component,line: 338 DECOMPOSE | Decomposed Res Num: 125, Total Res Num: 447, Decomposition Progress: 27.96420581655481
2026/03/19 05:46:33 structure,line: 2132     INFO | Adding bonds...
2026/03/19 05:46:33 structure,line: 2135     INFO | Adding angles...
2026/03/19 05:46:33 structure,line: 2138     INFO | Adding dihedrals...
2026/03/19 05:46:33 structure,line: 2141     INFO | Adding Ryckaert-Bellemans torsions...
2026/03/19 05:46:33 structure,line: 2143     INFO | Adding Urey-Bradleys...
2026/03/19 05:46:33 structure,line: 2145     INFO | Adding improper torsions...
2026/03/19 05:46:33 structure,line: 2147     INFO | Adding CMAP torsions...
2026/03/19 05:46:33 structure,line: 2149     INFO | Adding trigonal angle terms...
2026/03/19 05:46:33 structure,line: 2151     INFO | Adding out-of-plane bends...
2026/03/19 05:46:33 structure,line: 2153     INFO | Adding pi-torsions...
2026/03/19 05:46:33 structure,line: 2155     INFO | Adding stretch-bends...
2026/03/19 05:46:33 structure,line: 2157     INFO | Adding torsion-torsions...
2026/03/19 05:46:33 structure,line: 2159     INFO | Adding Nonbonded force...
2026/03/19 05:46:33 energy_component,line: 338 DECOMPOSE | Decomposed Res Num: 126, Total Res Num: 447, Decomposition Progress: 28.187919463087248
2026/03/19 05:46:34 structure,line: 2132     INFO | Adding bonds...
2026/03/19 05:46:34 structure,line: 2135     INFO | Adding angles...
2026/03/19 05:46:34 structure,line: 2138     INFO | Adding dihedrals...
2026/03/19 05:46:34 structure,line: 2141     INFO | Adding Ryckaert-Bellemans torsions...
2026/03/19 05:46:34 structure,line: 2143     INFO | Adding Urey-Bradleys...
2026/03/19 05:46:34 structure,line: 2145     INFO | Adding improper torsions...
2026/03/19 05:46:34 structure,line: 2147     INFO | Adding CMAP torsions...
2026/03/19 05:46:34 structure,line: 2149     INFO | Adding trigonal angle terms...
2026/03/19 05:46:34 structure,line: 2151     INFO | Adding out-of-plane bends...
2026/03/19 05:46:34 structure,line: 2153     INFO | Adding pi-torsions...
2026/03/19 05:46:34 structure,line: 2155     INFO | Adding stretch-bends...
2026/03/19 05:46:34 structure,line: 2157     INFO | Adding torsion-torsions...
2026/03/19 05:46:34 structure,line: 2159     INFO | Adding Nonbonded force...
2026/03/19 05:46:34 energy_component,line: 338 DECOMPOSE | Decomposed Res Num: 127, Total Res Num: 447, Decomposition Progress: 28.41163310961969
2026/03/19 05:46:35 structure,line: 2132     INFO | Adding bonds...
2026/03/19 05:46:35 structure,line: 2135     INFO | Adding angles...
2026/03/19 05:46:35 structure,line: 2138     INFO | Adding dihedrals...
2026/03/19 05:46:35 structure,line: 2141     INFO | Adding Ryckaert-Bellemans torsions...
2026/03/19 05:46:35 structure,line: 2143     INFO | Adding Urey-Bradleys...
2026/03/19 05:46:35 structure,line: 2145     INFO | Adding improper torsions...
2026/03/19 05:46:35 structure,line: 2147     INFO | Adding CMAP torsions...
2026/03/19 05:46:35 structure,line: 2149     INFO | Adding trigonal angle terms...
2026/03/19 05:46:35 structure,line: 2151     INFO | Adding out-of-plane bends...
2026/03/19 05:46:35 structure,line: 2153     INFO | Adding pi-torsions...
2026/03/19 05:46:35 structure,line: 2155     INFO | Adding stretch-bends...
2026/03/19 05:46:35 structure,line: 2157     INFO | Adding torsion-torsions...
2026/03/19 05:46:35 structure,line: 2159     INFO | Adding Nonbonded force...
2026/03/19 05:46:35 energy_component,line: 338 DECOMPOSE | Decomposed Res Num: 128, Total Res Num: 447, Decomposition Progress: 28.635346756152124
2026/03/19 05:46:36 structure,line: 2132     INFO | Adding bonds...
2026/03/19 05:46:36 structure,line: 2135     INFO | Adding angles...
2026/03/19 05:46:36 structure,line: 2138     INFO | Adding dihedrals...
2026/03/19 05:46:36 structure,line: 2141     INFO | Adding Ryckaert-Bellemans torsions...
2026/03/19 05:46:36 structure,line: 2143     INFO | Adding Urey-Bradleys...
2026/03/19 05:46:36 structure,line: 2145     INFO | Adding improper torsions...
2026/03/19 05:46:36 structure,line: 2147     INFO | Adding CMAP torsions...
2026/03/19 05:46:36 structure,line: 2149     INFO | Adding trigonal angle terms...
2026/03/19 05:46:36 structure,line: 2151     INFO | Adding out-of-plane bends...
2026/03/19 05:46:36 structure,line: 2153     INFO | Adding pi-torsions...
2026/03/19 05:46:36 structure,line: 2155     INFO | Adding stretch-bends...
2026/03/19 05:46:36 structure,line: 2157     INFO | Adding torsion-torsions...
2026/03/19 05:46:36 structure,line: 2159     INFO | Adding Nonbonded force...
2026/03/19 05:46:36 energy_component,line: 338 DECOMPOSE | Decomposed Res Num: 129, Total Res Num: 447, Decomposition Progress: 28.859060402684566
2026/03/19 05:46:36 structure,line: 2132     INFO | Adding bonds...
2026/03/19 05:46:36 structure,line: 2135     INFO | Adding angles...
2026/03/19 05:46:36 structure,line: 2138     INFO | Adding dihedrals...
2026/03/19 05:46:36 structure,line: 2141     INFO | Adding Ryckaert-Bellemans torsions...
2026/03/19 05:46:36 structure,line: 2143     INFO | Adding Urey-Bradleys...
2026/03/19 05:46:36 structure,line: 2145     INFO | Adding improper torsions...
2026/03/19 05:46:36 structure,line: 2147     INFO | Adding CMAP torsions...
2026/03/19 05:46:36 structure,line: 2149     INFO | Adding trigonal angle terms...
2026/03/19 05:46:36 structure,line: 2151     INFO | Adding out-of-plane bends...
2026/03/19 05:46:36 structure,line: 2153     INFO | Adding pi-torsions...
2026/03/19 05:46:36 structure,line: 2155     INFO | Adding stretch-bends...
2026/03/19 05:46:36 structure,line: 2157     INFO | Adding torsion-torsions...
2026/03/19 05:46:36 structure,line: 2159     INFO | Adding Nonbonded force...
2026/03/19 05:46:37 energy_component,line: 338 DECOMPOSE | Decomposed Res Num: 130, Total Res Num: 447, Decomposition Progress: 29.082774049217004
2026/03/19 05:46:37 structure,line: 2132     INFO | Adding bonds...
2026/03/19 05:46:37 structure,line: 2135     INFO | Adding angles...
2026/03/19 05:46:37 structure,line: 2138     INFO | Adding dihedrals...
2026/03/19 05:46:37 structure,line: 2141     INFO | Adding Ryckaert-Bellemans torsions...
2026/03/19 05:46:37 structure,line: 2143     INFO | Adding Urey-Bradleys...
2026/03/19 05:46:37 structure,line: 2145     INFO | Adding improper torsions...
2026/03/19 05:46:37 structure,line: 2147     INFO | Adding CMAP torsions...
2026/03/19 05:46:37 structure,line: 2149     INFO | Adding trigonal angle terms...
2026/03/19 05:46:37 structure,line: 2151     INFO | Adding out-of-plane bends...
2026/03/19 05:46:37 structure,line: 2153     INFO | Adding pi-torsions...
2026/03/19 05:46:37 structure,line: 2155     INFO | Adding stretch-bends...
2026/03/19 05:46:37 structure,line: 2157     INFO | Adding torsion-torsions...
2026/03/19 05:46:37 structure,line: 2159     INFO | Adding Nonbonded force...
2026/03/19 05:46:37 energy_component,line: 338 DECOMPOSE | Decomposed Res Num: 131, Total Res Num: 447, Decomposition Progress: 29.30648769574944
2026/03/19 05:46:38 structure,line: 2132     INFO | Adding bonds...
2026/03/19 05:46:38 structure,line: 2135     INFO | Adding angles...
2026/03/19 05:46:38 structure,line: 2138     INFO | Adding dihedrals...
2026/03/19 05:46:38 structure,line: 2141     INFO | Adding Ryckaert-Bellemans torsions...
2026/03/19 05:46:38 structure,line: 2143     INFO | Adding Urey-Bradleys...
2026/03/19 05:46:38 structure,line: 2145     INFO | Adding improper torsions...
2026/03/19 05:46:38 structure,line: 2147     INFO | Adding CMAP torsions...
2026/03/19 05:46:38 structure,line: 2149     INFO | Adding trigonal angle terms...
2026/03/19 05:46:38 structure,line: 2151     INFO | Adding out-of-plane bends...
2026/03/19 05:46:38 structure,line: 2153     INFO | Adding pi-torsions...
2026/03/19 05:46:38 structure,line: 2155     INFO | Adding stretch-bends...
2026/03/19 05:46:38 structure,line: 2157     INFO | Adding torsion-torsions...
2026/03/19 05:46:38 structure,line: 2159     INFO | Adding Nonbonded force...
2026/03/19 05:46:38 energy_component,line: 338 DECOMPOSE | Decomposed Res Num: 132, Total Res Num: 447, Decomposition Progress: 29.53020134228188
2026/03/19 05:46:39 structure,line: 2132     INFO | Adding bonds...
2026/03/19 05:46:39 structure,line: 2135     INFO | Adding angles...
2026/03/19 05:46:39 structure,line: 2138     INFO | Adding dihedrals...
2026/03/19 05:46:39 structure,line: 2141     INFO | Adding Ryckaert-Bellemans torsions...
2026/03/19 05:46:39 structure,line: 2143     INFO | Adding Urey-Bradleys...
2026/03/19 05:46:39 structure,line: 2145     INFO | Adding improper torsions...
2026/03/19 05:46:39 structure,line: 2147     INFO | Adding CMAP torsions...
2026/03/19 05:46:39 structure,line: 2149     INFO | Adding trigonal angle terms...
2026/03/19 05:46:39 structure,line: 2151     INFO | Adding out-of-plane bends...
2026/03/19 05:46:39 structure,line: 2153     INFO | Adding pi-torsions...
2026/03/19 05:46:39 structure,line: 2155     INFO | Adding stretch-bends...
2026/03/19 05:46:39 structure,line: 2157     INFO | Adding torsion-torsions...
2026/03/19 05:46:39 structure,line: 2159     INFO | Adding Nonbonded force...
2026/03/19 05:46:39 energy_component,line: 338 DECOMPOSE | Decomposed Res Num: 133, Total Res Num: 447, Decomposition Progress: 29.753914988814316
2026/03/19 05:46:40 structure,line: 2132     INFO | Adding bonds...
2026/03/19 05:46:40 structure,line: 2135     INFO | Adding angles...
2026/03/19 05:46:40 structure,line: 2138     INFO | Adding dihedrals...
2026/03/19 05:46:40 structure,line: 2141     INFO | Adding Ryckaert-Bellemans torsions...
2026/03/19 05:46:40 structure,line: 2143     INFO | Adding Urey-Bradleys...
2026/03/19 05:46:40 structure,line: 2145     INFO | Adding improper torsions...
2026/03/19 05:46:40 structure,line: 2147     INFO | Adding CMAP torsions...
2026/03/19 05:46:40 structure,line: 2149     INFO | Adding trigonal angle terms...
2026/03/19 05:46:40 structure,line: 2151     INFO | Adding out-of-plane bends...
2026/03/19 05:46:40 structure,line: 2153     INFO | Adding pi-torsions...
2026/03/19 05:46:40 structure,line: 2155     INFO | Adding stretch-bends...
2026/03/19 05:46:40 structure,line: 2157     INFO | Adding torsion-torsions...
2026/03/19 05:46:40 structure,line: 2159     INFO | Adding Nonbonded force...
2026/03/19 05:46:40 energy_component,line: 338 DECOMPOSE | Decomposed Res Num: 134, Total Res Num: 447, Decomposition Progress: 29.977628635346754
2026/03/19 05:46:43 structure,line: 2132     INFO | Adding bonds...
2026/03/19 05:46:43 structure,line: 2135     INFO | Adding angles...
2026/03/19 05:46:43 structure,line: 2138     INFO | Adding dihedrals...
2026/03/19 05:46:43 structure,line: 2141     INFO | Adding Ryckaert-Bellemans torsions...
2026/03/19 05:46:43 structure,line: 2143     INFO | Adding Urey-Bradleys...
2026/03/19 05:46:43 structure,line: 2145     INFO | Adding improper torsions...
2026/03/19 05:46:43 structure,line: 2147     INFO | Adding CMAP torsions...
2026/03/19 05:46:43 structure,line: 2149     INFO | Adding trigonal angle terms...
2026/03/19 05:46:43 structure,line: 2151     INFO | Adding out-of-plane bends...
2026/03/19 05:46:43 structure,line: 2153     INFO | Adding pi-torsions...
2026/03/19 05:46:43 structure,line: 2155     INFO | Adding stretch-bends...
2026/03/19 05:46:43 structure,line: 2157     INFO | Adding torsion-torsions...
2026/03/19 05:46:43 structure,line: 2159     INFO | Adding Nonbonded force...
2026/03/19 05:46:43 energy_component,line: 338 DECOMPOSE | Decomposed Res Num: 135, Total Res Num: 447, Decomposition Progress: 30.201342281879196
2026/03/19 05:46:44 structure,line: 2132     INFO | Adding bonds...
2026/03/19 05:46:44 structure,line: 2135     INFO | Adding angles...
2026/03/19 05:46:44 structure,line: 2138     INFO | Adding dihedrals...
2026/03/19 05:46:44 structure,line: 2141     INFO | Adding Ryckaert-Bellemans torsions...
2026/03/19 05:46:44 structure,line: 2143     INFO | Adding Urey-Bradleys...
2026/03/19 05:46:44 structure,line: 2145     INFO | Adding improper torsions...
2026/03/19 05:46:44 structure,line: 2147     INFO | Adding CMAP torsions...
2026/03/19 05:46:44 structure,line: 2149     INFO | Adding trigonal angle terms...
2026/03/19 05:46:44 structure,line: 2151     INFO | Adding out-of-plane bends...
2026/03/19 05:46:44 structure,line: 2153     INFO | Adding pi-torsions...
2026/03/19 05:46:44 structure,line: 2155     INFO | Adding stretch-bends...
2026/03/19 05:46:44 structure,line: 2157     INFO | Adding torsion-torsions...
2026/03/19 05:46:44 structure,line: 2159     INFO | Adding Nonbonded force...
2026/03/19 05:46:44 energy_component,line: 338 DECOMPOSE | Decomposed Res Num: 136, Total Res Num: 447, Decomposition Progress: 30.42505592841163
2026/03/19 05:46:45 structure,line: 2132     INFO | Adding bonds...
2026/03/19 05:46:45 structure,line: 2135     INFO | Adding angles...
2026/03/19 05:46:45 structure,line: 2138     INFO | Adding dihedrals...
2026/03/19 05:46:45 structure,line: 2141     INFO | Adding Ryckaert-Bellemans torsions...
2026/03/19 05:46:45 structure,line: 2143     INFO | Adding Urey-Bradleys...
2026/03/19 05:46:45 structure,line: 2145     INFO | Adding improper torsions...
2026/03/19 05:46:45 structure,line: 2147     INFO | Adding CMAP torsions...
2026/03/19 05:46:45 structure,line: 2149     INFO | Adding trigonal angle terms...
2026/03/19 05:46:45 structure,line: 2151     INFO | Adding out-of-plane bends...
2026/03/19 05:46:45 structure,line: 2153     INFO | Adding pi-torsions...
2026/03/19 05:46:45 structure,line: 2155     INFO | Adding stretch-bends...
2026/03/19 05:46:45 structure,line: 2157     INFO | Adding torsion-torsions...
2026/03/19 05:46:45 structure,line: 2159     INFO | Adding Nonbonded force...
2026/03/19 05:46:45 energy_component,line: 338 DECOMPOSE | Decomposed Res Num: 137, Total Res Num: 447, Decomposition Progress: 30.648769574944073
2026/03/19 05:46:46 structure,line: 2132     INFO | Adding bonds...
2026/03/19 05:46:46 structure,line: 2135     INFO | Adding angles...
2026/03/19 05:46:46 structure,line: 2138     INFO | Adding dihedrals...
2026/03/19 05:46:46 structure,line: 2141     INFO | Adding Ryckaert-Bellemans torsions...
2026/03/19 05:46:46 structure,line: 2143     INFO | Adding Urey-Bradleys...
2026/03/19 05:46:46 structure,line: 2145     INFO | Adding improper torsions...
2026/03/19 05:46:46 structure,line: 2147     INFO | Adding CMAP torsions...
2026/03/19 05:46:46 structure,line: 2149     INFO | Adding trigonal angle terms...
2026/03/19 05:46:46 structure,line: 2151     INFO | Adding out-of-plane bends...
2026/03/19 05:46:46 structure,line: 2153     INFO | Adding pi-torsions...
2026/03/19 05:46:46 structure,line: 2155     INFO | Adding stretch-bends...
2026/03/19 05:46:46 structure,line: 2157     INFO | Adding torsion-torsions...
2026/03/19 05:46:46 structure,line: 2159     INFO | Adding Nonbonded force...
2026/03/19 05:46:46 energy_component,line: 338 DECOMPOSE | Decomposed Res Num: 138, Total Res Num: 447, Decomposition Progress: 30.87248322147651
2026/03/19 05:46:46 structure,line: 2132     INFO | Adding bonds...
2026/03/19 05:46:46 structure,line: 2135     INFO | Adding angles...
2026/03/19 05:46:46 structure,line: 2138     INFO | Adding dihedrals...
2026/03/19 05:46:46 structure,line: 2141     INFO | Adding Ryckaert-Bellemans torsions...
2026/03/19 05:46:46 structure,line: 2143     INFO | Adding Urey-Bradleys...
2026/03/19 05:46:46 structure,line: 2145     INFO | Adding improper torsions...
2026/03/19 05:46:46 structure,line: 2147     INFO | Adding CMAP torsions...
2026/03/19 05:46:46 structure,line: 2149     INFO | Adding trigonal angle terms...
2026/03/19 05:46:46 structure,line: 2151     INFO | Adding out-of-plane bends...
2026/03/19 05:46:46 structure,line: 2153     INFO | Adding pi-torsions...
2026/03/19 05:46:46 structure,line: 2155     INFO | Adding stretch-bends...
2026/03/19 05:46:46 structure,line: 2157     INFO | Adding torsion-torsions...
2026/03/19 05:46:46 structure,line: 2159     INFO | Adding Nonbonded force...
2026/03/19 05:46:47 energy_component,line: 338 DECOMPOSE | Decomposed Res Num: 139, Total Res Num: 447, Decomposition Progress: 31.096196868008946
2026/03/19 05:46:47 structure,line: 2132     INFO | Adding bonds...
2026/03/19 05:46:47 structure,line: 2135     INFO | Adding angles...
2026/03/19 05:46:47 structure,line: 2138     INFO | Adding dihedrals...
2026/03/19 05:46:47 structure,line: 2141     INFO | Adding Ryckaert-Bellemans torsions...
2026/03/19 05:46:47 structure,line: 2143     INFO | Adding Urey-Bradleys...
2026/03/19 05:46:47 structure,line: 2145     INFO | Adding improper torsions...
2026/03/19 05:46:47 structure,line: 2147     INFO | Adding CMAP torsions...
2026/03/19 05:46:47 structure,line: 2149     INFO | Adding trigonal angle terms...
2026/03/19 05:46:47 structure,line: 2151     INFO | Adding out-of-plane bends...
2026/03/19 05:46:47 structure,line: 2153     INFO | Adding pi-torsions...
2026/03/19 05:46:47 structure,line: 2155     INFO | Adding stretch-bends...
2026/03/19 05:46:47 structure,line: 2157     INFO | Adding torsion-torsions...
2026/03/19 05:46:47 structure,line: 2159     INFO | Adding Nonbonded force...
2026/03/19 05:46:47 energy_component,line: 338 DECOMPOSE | Decomposed Res Num: 140, Total Res Num: 447, Decomposition Progress: 31.319910514541387
2026/03/19 05:46:48 structure,line: 2132     INFO | Adding bonds...
2026/03/19 05:46:48 structure,line: 2135     INFO | Adding angles...
2026/03/19 05:46:48 structure,line: 2138     INFO | Adding dihedrals...
2026/03/19 05:46:48 structure,line: 2141     INFO | Adding Ryckaert-Bellemans torsions...
2026/03/19 05:46:48 structure,line: 2143     INFO | Adding Urey-Bradleys...
2026/03/19 05:46:48 structure,line: 2145     INFO | Adding improper torsions...
2026/03/19 05:46:48 structure,line: 2147     INFO | Adding CMAP torsions...
2026/03/19 05:46:48 structure,line: 2149     INFO | Adding trigonal angle terms...
2026/03/19 05:46:48 structure,line: 2151     INFO | Adding out-of-plane bends...
2026/03/19 05:46:48 structure,line: 2153     INFO | Adding pi-torsions...
2026/03/19 05:46:48 structure,line: 2155     INFO | Adding stretch-bends...
2026/03/19 05:46:48 structure,line: 2157     INFO | Adding torsion-torsions...
2026/03/19 05:46:48 structure,line: 2159     INFO | Adding Nonbonded force...
2026/03/19 05:46:48 energy_component,line: 338 DECOMPOSE | Decomposed Res Num: 141, Total Res Num: 447, Decomposition Progress: 31.543624161073826
2026/03/19 05:46:49 structure,line: 2132     INFO | Adding bonds...
2026/03/19 05:46:49 structure,line: 2135     INFO | Adding angles...
2026/03/19 05:46:49 structure,line: 2138     INFO | Adding dihedrals...
2026/03/19 05:46:49 structure,line: 2141     INFO | Adding Ryckaert-Bellemans torsions...
2026/03/19 05:46:49 structure,line: 2143     INFO | Adding Urey-Bradleys...
2026/03/19 05:46:49 structure,line: 2145     INFO | Adding improper torsions...
2026/03/19 05:46:49 structure,line: 2147     INFO | Adding CMAP torsions...
2026/03/19 05:46:49 structure,line: 2149     INFO | Adding trigonal angle terms...
2026/03/19 05:46:49 structure,line: 2151     INFO | Adding out-of-plane bends...
2026/03/19 05:46:49 structure,line: 2153     INFO | Adding pi-torsions...
2026/03/19 05:46:49 structure,line: 2155     INFO | Adding stretch-bends...
2026/03/19 05:46:49 structure,line: 2157     INFO | Adding torsion-torsions...
2026/03/19 05:46:49 structure,line: 2159     INFO | Adding Nonbonded force...
2026/03/19 05:46:49 energy_component,line: 338 DECOMPOSE | Decomposed Res Num: 142, Total Res Num: 447, Decomposition Progress: 31.767337807606268
2026/03/19 05:46:50 structure,line: 2132     INFO | Adding bonds...
2026/03/19 05:46:50 structure,line: 2135     INFO | Adding angles...
2026/03/19 05:46:50 structure,line: 2138     INFO | Adding dihedrals...
2026/03/19 05:46:50 structure,line: 2141     INFO | Adding Ryckaert-Bellemans torsions...
2026/03/19 05:46:50 structure,line: 2143     INFO | Adding Urey-Bradleys...
2026/03/19 05:46:50 structure,line: 2145     INFO | Adding improper torsions...
2026/03/19 05:46:50 structure,line: 2147     INFO | Adding CMAP torsions...
2026/03/19 05:46:50 structure,line: 2149     INFO | Adding trigonal angle terms...
2026/03/19 05:46:50 structure,line: 2151     INFO | Adding out-of-plane bends...
2026/03/19 05:46:50 structure,line: 2153     INFO | Adding pi-torsions...
2026/03/19 05:46:50 structure,line: 2155     INFO | Adding stretch-bends...
2026/03/19 05:46:50 structure,line: 2157     INFO | Adding torsion-torsions...
2026/03/19 05:46:50 structure,line: 2159     INFO | Adding Nonbonded force...
2026/03/19 05:46:50 energy_component,line: 338 DECOMPOSE | Decomposed Res Num: 143, Total Res Num: 447, Decomposition Progress: 31.991051454138702
2026/03/19 05:46:50 structure,line: 2132     INFO | Adding bonds...
2026/03/19 05:46:50 structure,line: 2135     INFO | Adding angles...
2026/03/19 05:46:50 structure,line: 2138     INFO | Adding dihedrals...
2026/03/19 05:46:50 structure,line: 2141     INFO | Adding Ryckaert-Bellemans torsions...
2026/03/19 05:46:50 structure,line: 2143     INFO | Adding Urey-Bradleys...
2026/03/19 05:46:50 structure,line: 2145     INFO | Adding improper torsions...
2026/03/19 05:46:50 structure,line: 2147     INFO | Adding CMAP torsions...
2026/03/19 05:46:50 structure,line: 2149     INFO | Adding trigonal angle terms...
2026/03/19 05:46:50 structure,line: 2151     INFO | Adding out-of-plane bends...
2026/03/19 05:46:50 structure,line: 2153     INFO | Adding pi-torsions...
2026/03/19 05:46:50 structure,line: 2155     INFO | Adding stretch-bends...
2026/03/19 05:46:50 structure,line: 2157     INFO | Adding torsion-torsions...
2026/03/19 05:46:50 structure,line: 2159     INFO | Adding Nonbonded force...
2026/03/19 05:46:51 energy_component,line: 338 DECOMPOSE | Decomposed Res Num: 144, Total Res Num: 447, Decomposition Progress: 32.21476510067114
2026/03/19 05:46:51 structure,line: 2132     INFO | Adding bonds...
2026/03/19 05:46:51 structure,line: 2135     INFO | Adding angles...
2026/03/19 05:46:51 structure,line: 2138     INFO | Adding dihedrals...
2026/03/19 05:46:51 structure,line: 2141     INFO | Adding Ryckaert-Bellemans torsions...
2026/03/19 05:46:51 structure,line: 2143     INFO | Adding Urey-Bradleys...
2026/03/19 05:46:51 structure,line: 2145     INFO | Adding improper torsions...
2026/03/19 05:46:51 structure,line: 2147     INFO | Adding CMAP torsions...
2026/03/19 05:46:51 structure,line: 2149     INFO | Adding trigonal angle terms...
2026/03/19 05:46:51 structure,line: 2151     INFO | Adding out-of-plane bends...
2026/03/19 05:46:51 structure,line: 2153     INFO | Adding pi-torsions...
2026/03/19 05:46:51 structure,line: 2155     INFO | Adding stretch-bends...
2026/03/19 05:46:51 structure,line: 2157     INFO | Adding torsion-torsions...
2026/03/19 05:46:51 structure,line: 2159     INFO | Adding Nonbonded force...
2026/03/19 05:46:51 energy_component,line: 338 DECOMPOSE | Decomposed Res Num: 145, Total Res Num: 447, Decomposition Progress: 32.43847874720358
2026/03/19 05:46:52 structure,line: 2132     INFO | Adding bonds...
2026/03/19 05:46:52 structure,line: 2135     INFO | Adding angles...
2026/03/19 05:46:52 structure,line: 2138     INFO | Adding dihedrals...
2026/03/19 05:46:52 structure,line: 2141     INFO | Adding Ryckaert-Bellemans torsions...
2026/03/19 05:46:52 structure,line: 2143     INFO | Adding Urey-Bradleys...
2026/03/19 05:46:52 structure,line: 2145     INFO | Adding improper torsions...
2026/03/19 05:46:52 structure,line: 2147     INFO | Adding CMAP torsions...
2026/03/19 05:46:52 structure,line: 2149     INFO | Adding trigonal angle terms...
2026/03/19 05:46:52 structure,line: 2151     INFO | Adding out-of-plane bends...
2026/03/19 05:46:52 structure,line: 2153     INFO | Adding pi-torsions...
2026/03/19 05:46:52 structure,line: 2155     INFO | Adding stretch-bends...
2026/03/19 05:46:52 structure,line: 2157     INFO | Adding torsion-torsions...
2026/03/19 05:46:52 structure,line: 2159     INFO | Adding Nonbonded force...
2026/03/19 05:46:52 energy_component,line: 338 DECOMPOSE | Decomposed Res Num: 146, Total Res Num: 447, Decomposition Progress: 32.662192393736014
2026/03/19 05:46:53 structure,line: 2132     INFO | Adding bonds...
2026/03/19 05:46:53 structure,line: 2135     INFO | Adding angles...
2026/03/19 05:46:53 structure,line: 2138     INFO | Adding dihedrals...
2026/03/19 05:46:53 structure,line: 2141     INFO | Adding Ryckaert-Bellemans torsions...
2026/03/19 05:46:53 structure,line: 2143     INFO | Adding Urey-Bradleys...
2026/03/19 05:46:53 structure,line: 2145     INFO | Adding improper torsions...
2026/03/19 05:46:53 structure,line: 2147     INFO | Adding CMAP torsions...
2026/03/19 05:46:53 structure,line: 2149     INFO | Adding trigonal angle terms...
2026/03/19 05:46:53 structure,line: 2151     INFO | Adding out-of-plane bends...
2026/03/19 05:46:53 structure,line: 2153     INFO | Adding pi-torsions...
2026/03/19 05:46:53 structure,line: 2155     INFO | Adding stretch-bends...
2026/03/19 05:46:53 structure,line: 2157     INFO | Adding torsion-torsions...
2026/03/19 05:46:53 structure,line: 2159     INFO | Adding Nonbonded force...
2026/03/19 05:46:53 energy_component,line: 338 DECOMPOSE | Decomposed Res Num: 147, Total Res Num: 447, Decomposition Progress: 32.88590604026846
2026/03/19 05:46:54 structure,line: 2132     INFO | Adding bonds...
2026/03/19 05:46:54 structure,line: 2135     INFO | Adding angles...
2026/03/19 05:46:54 structure,line: 2138     INFO | Adding dihedrals...
2026/03/19 05:46:54 structure,line: 2141     INFO | Adding Ryckaert-Bellemans torsions...
2026/03/19 05:46:54 structure,line: 2143     INFO | Adding Urey-Bradleys...
2026/03/19 05:46:54 structure,line: 2145     INFO | Adding improper torsions...
2026/03/19 05:46:54 structure,line: 2147     INFO | Adding CMAP torsions...
2026/03/19 05:46:54 structure,line: 2149     INFO | Adding trigonal angle terms...
2026/03/19 05:46:54 structure,line: 2151     INFO | Adding out-of-plane bends...
2026/03/19 05:46:54 structure,line: 2153     INFO | Adding pi-torsions...
2026/03/19 05:46:54 structure,line: 2155     INFO | Adding stretch-bends...
2026/03/19 05:46:54 structure,line: 2157     INFO | Adding torsion-torsions...
2026/03/19 05:46:54 structure,line: 2159     INFO | Adding Nonbonded force...
2026/03/19 05:46:54 energy_component,line: 338 DECOMPOSE | Decomposed Res Num: 148, Total Res Num: 447, Decomposition Progress: 33.1096196868009
2026/03/19 05:46:55 structure,line: 2132     INFO | Adding bonds...
2026/03/19 05:46:55 structure,line: 2135     INFO | Adding angles...
2026/03/19 05:46:55 structure,line: 2138     INFO | Adding dihedrals...
2026/03/19 05:46:55 structure,line: 2141     INFO | Adding Ryckaert-Bellemans torsions...
2026/03/19 05:46:55 structure,line: 2143     INFO | Adding Urey-Bradleys...
2026/03/19 05:46:55 structure,line: 2145     INFO | Adding improper torsions...
2026/03/19 05:46:55 structure,line: 2147     INFO | Adding CMAP torsions...
2026/03/19 05:46:55 structure,line: 2149     INFO | Adding trigonal angle terms...
2026/03/19 05:46:55 structure,line: 2151     INFO | Adding out-of-plane bends...
2026/03/19 05:46:55 structure,line: 2153     INFO | Adding pi-torsions...
2026/03/19 05:46:55 structure,line: 2155     INFO | Adding stretch-bends...
2026/03/19 05:46:55 structure,line: 2157     INFO | Adding torsion-torsions...
2026/03/19 05:46:55 structure,line: 2159     INFO | Adding Nonbonded force...
2026/03/19 05:46:55 energy_component,line: 338 DECOMPOSE | Decomposed Res Num: 149, Total Res Num: 447, Decomposition Progress: 33.33333333333333
2026/03/19 05:46:58 structure,line: 2132     INFO | Adding bonds...
2026/03/19 05:46:58 structure,line: 2135     INFO | Adding angles...
2026/03/19 05:46:58 structure,line: 2138     INFO | Adding dihedrals...
2026/03/19 05:46:58 structure,line: 2141     INFO | Adding Ryckaert-Bellemans torsions...
2026/03/19 05:46:58 structure,line: 2143     INFO | Adding Urey-Bradleys...
2026/03/19 05:46:58 structure,line: 2145     INFO | Adding improper torsions...
2026/03/19 05:46:58 structure,line: 2147     INFO | Adding CMAP torsions...
2026/03/19 05:46:58 structure,line: 2149     INFO | Adding trigonal angle terms...
2026/03/19 05:46:58 structure,line: 2151     INFO | Adding out-of-plane bends...
2026/03/19 05:46:58 structure,line: 2153     INFO | Adding pi-torsions...
2026/03/19 05:46:58 structure,line: 2155     INFO | Adding stretch-bends...
2026/03/19 05:46:58 structure,line: 2157     INFO | Adding torsion-torsions...
2026/03/19 05:46:58 structure,line: 2159     INFO | Adding Nonbonded force...
2026/03/19 05:46:58 energy_component,line: 338 DECOMPOSE | Decomposed Res Num: 150, Total Res Num: 447, Decomposition Progress: 33.557046979865774
2026/03/19 05:46:59 structure,line: 2132     INFO | Adding bonds...
2026/03/19 05:46:59 structure,line: 2135     INFO | Adding angles...
2026/03/19 05:46:59 structure,line: 2138     INFO | Adding dihedrals...
2026/03/19 05:46:59 structure,line: 2141     INFO | Adding Ryckaert-Bellemans torsions...
2026/03/19 05:46:59 structure,line: 2143     INFO | Adding Urey-Bradleys...
2026/03/19 05:46:59 structure,line: 2145     INFO | Adding improper torsions...
2026/03/19 05:46:59 structure,line: 2147     INFO | Adding CMAP torsions...
2026/03/19 05:46:59 structure,line: 2149     INFO | Adding trigonal angle terms...
2026/03/19 05:46:59 structure,line: 2151     INFO | Adding out-of-plane bends...
2026/03/19 05:46:59 structure,line: 2153     INFO | Adding pi-torsions...
2026/03/19 05:46:59 structure,line: 2155     INFO | Adding stretch-bends...
2026/03/19 05:46:59 structure,line: 2157     INFO | Adding torsion-torsions...
2026/03/19 05:46:59 structure,line: 2159     INFO | Adding Nonbonded force...
2026/03/19 05:46:59 energy_component,line: 338 DECOMPOSE | Decomposed Res Num: 151, Total Res Num: 447, Decomposition Progress: 33.78076062639821
2026/03/19 05:47:00 structure,line: 2132     INFO | Adding bonds...
2026/03/19 05:47:00 structure,line: 2135     INFO | Adding angles...
2026/03/19 05:47:00 structure,line: 2138     INFO | Adding dihedrals...
2026/03/19 05:47:00 structure,line: 2141     INFO | Adding Ryckaert-Bellemans torsions...
2026/03/19 05:47:00 structure,line: 2143     INFO | Adding Urey-Bradleys...
2026/03/19 05:47:00 structure,line: 2145     INFO | Adding improper torsions...
2026/03/19 05:47:00 structure,line: 2147     INFO | Adding CMAP torsions...
2026/03/19 05:47:00 structure,line: 2149     INFO | Adding trigonal angle terms...
2026/03/19 05:47:00 structure,line: 2151     INFO | Adding out-of-plane bends...
2026/03/19 05:47:00 structure,line: 2153     INFO | Adding pi-torsions...
2026/03/19 05:47:00 structure,line: 2155     INFO | Adding stretch-bends...
2026/03/19 05:47:00 structure,line: 2157     INFO | Adding torsion-torsions...
2026/03/19 05:47:00 structure,line: 2159     INFO | Adding Nonbonded force...
2026/03/19 05:47:00 energy_component,line: 338 DECOMPOSE | Decomposed Res Num: 152, Total Res Num: 447, Decomposition Progress: 34.00447427293065
2026/03/19 05:47:00 structure,line: 2132     INFO | Adding bonds...
2026/03/19 05:47:00 structure,line: 2135     INFO | Adding angles...
2026/03/19 05:47:00 structure,line: 2138     INFO | Adding dihedrals...
2026/03/19 05:47:00 structure,line: 2141     INFO | Adding Ryckaert-Bellemans torsions...
2026/03/19 05:47:00 structure,line: 2143     INFO | Adding Urey-Bradleys...
2026/03/19 05:47:00 structure,line: 2145     INFO | Adding improper torsions...
2026/03/19 05:47:00 structure,line: 2147     INFO | Adding CMAP torsions...
2026/03/19 05:47:00 structure,line: 2149     INFO | Adding trigonal angle terms...
2026/03/19 05:47:00 structure,line: 2151     INFO | Adding out-of-plane bends...
2026/03/19 05:47:00 structure,line: 2153     INFO | Adding pi-torsions...
2026/03/19 05:47:00 structure,line: 2155     INFO | Adding stretch-bends...
2026/03/19 05:47:00 structure,line: 2157     INFO | Adding torsion-torsions...
2026/03/19 05:47:00 structure,line: 2159     INFO | Adding Nonbonded force...
2026/03/19 05:47:01 energy_component,line: 338 DECOMPOSE | Decomposed Res Num: 153, Total Res Num: 447, Decomposition Progress: 34.22818791946309
2026/03/19 05:47:01 structure,line: 2132     INFO | Adding bonds...
2026/03/19 05:47:01 structure,line: 2135     INFO | Adding angles...
2026/03/19 05:47:01 structure,line: 2138     INFO | Adding dihedrals...
2026/03/19 05:47:01 structure,line: 2141     INFO | Adding Ryckaert-Bellemans torsions...
2026/03/19 05:47:01 structure,line: 2143     INFO | Adding Urey-Bradleys...
2026/03/19 05:47:01 structure,line: 2145     INFO | Adding improper torsions...
2026/03/19 05:47:01 structure,line: 2147     INFO | Adding CMAP torsions...
2026/03/19 05:47:01 structure,line: 2149     INFO | Adding trigonal angle terms...
2026/03/19 05:47:01 structure,line: 2151     INFO | Adding out-of-plane bends...
2026/03/19 05:47:01 structure,line: 2153     INFO | Adding pi-torsions...
2026/03/19 05:47:01 structure,line: 2155     INFO | Adding stretch-bends...
2026/03/19 05:47:01 structure,line: 2157     INFO | Adding torsion-torsions...
2026/03/19 05:47:01 structure,line: 2159     INFO | Adding Nonbonded force...
2026/03/19 05:47:01 energy_component,line: 338 DECOMPOSE | Decomposed Res Num: 154, Total Res Num: 447, Decomposition Progress: 34.45190156599553
2026/03/19 05:47:02 structure,line: 2132     INFO | Adding bonds...
2026/03/19 05:47:02 structure,line: 2135     INFO | Adding angles...
2026/03/19 05:47:02 structure,line: 2138     INFO | Adding dihedrals...
2026/03/19 05:47:02 structure,line: 2141     INFO | Adding Ryckaert-Bellemans torsions...
2026/03/19 05:47:02 structure,line: 2143     INFO | Adding Urey-Bradleys...
2026/03/19 05:47:02 structure,line: 2145     INFO | Adding improper torsions...
2026/03/19 05:47:02 structure,line: 2147     INFO | Adding CMAP torsions...
2026/03/19 05:47:02 structure,line: 2149     INFO | Adding trigonal angle terms...
2026/03/19 05:47:02 structure,line: 2151     INFO | Adding out-of-plane bends...
2026/03/19 05:47:02 structure,line: 2153     INFO | Adding pi-torsions...
2026/03/19 05:47:02 structure,line: 2155     INFO | Adding stretch-bends...
2026/03/19 05:47:02 structure,line: 2157     INFO | Adding torsion-torsions...
2026/03/19 05:47:02 structure,line: 2159     INFO | Adding Nonbonded force...
2026/03/19 05:47:02 energy_component,line: 338 DECOMPOSE | Decomposed Res Num: 155, Total Res Num: 447, Decomposition Progress: 34.675615212527966
2026/03/19 05:47:03 structure,line: 2132     INFO | Adding bonds...
2026/03/19 05:47:03 structure,line: 2135     INFO | Adding angles...
2026/03/19 05:47:03 structure,line: 2138     INFO | Adding dihedrals...
2026/03/19 05:47:03 structure,line: 2141     INFO | Adding Ryckaert-Bellemans torsions...
2026/03/19 05:47:03 structure,line: 2143     INFO | Adding Urey-Bradleys...
2026/03/19 05:47:03 structure,line: 2145     INFO | Adding improper torsions...
2026/03/19 05:47:03 structure,line: 2147     INFO | Adding CMAP torsions...
2026/03/19 05:47:03 structure,line: 2149     INFO | Adding trigonal angle terms...
2026/03/19 05:47:03 structure,line: 2151     INFO | Adding out-of-plane bends...
2026/03/19 05:47:03 structure,line: 2153     INFO | Adding pi-torsions...
2026/03/19 05:47:03 structure,line: 2155     INFO | Adding stretch-bends...
2026/03/19 05:47:03 structure,line: 2157     INFO | Adding torsion-torsions...
2026/03/19 05:47:03 structure,line: 2159     INFO | Adding Nonbonded force...
2026/03/19 05:47:03 energy_component,line: 338 DECOMPOSE | Decomposed Res Num: 156, Total Res Num: 447, Decomposition Progress: 34.899328859060404
2026/03/19 05:47:04 structure,line: 2132     INFO | Adding bonds...
2026/03/19 05:47:04 structure,line: 2135     INFO | Adding angles...
2026/03/19 05:47:04 structure,line: 2138     INFO | Adding dihedrals...
2026/03/19 05:47:04 structure,line: 2141     INFO | Adding Ryckaert-Bellemans torsions...
2026/03/19 05:47:04 structure,line: 2143     INFO | Adding Urey-Bradleys...
2026/03/19 05:47:04 structure,line: 2145     INFO | Adding improper torsions...
2026/03/19 05:47:04 structure,line: 2147     INFO | Adding CMAP torsions...
2026/03/19 05:47:04 structure,line: 2149     INFO | Adding trigonal angle terms...
2026/03/19 05:47:04 structure,line: 2151     INFO | Adding out-of-plane bends...
2026/03/19 05:47:04 structure,line: 2153     INFO | Adding pi-torsions...
2026/03/19 05:47:04 structure,line: 2155     INFO | Adding stretch-bends...
2026/03/19 05:47:04 structure,line: 2157     INFO | Adding torsion-torsions...
2026/03/19 05:47:04 structure,line: 2159     INFO | Adding Nonbonded force...
2026/03/19 05:47:04 energy_component,line: 338 DECOMPOSE | Decomposed Res Num: 157, Total Res Num: 447, Decomposition Progress: 35.123042505592835
2026/03/19 05:47:04 structure,line: 2132     INFO | Adding bonds...
2026/03/19 05:47:04 structure,line: 2135     INFO | Adding angles...
2026/03/19 05:47:04 structure,line: 2138     INFO | Adding dihedrals...
2026/03/19 05:47:04 structure,line: 2141     INFO | Adding Ryckaert-Bellemans torsions...
2026/03/19 05:47:04 structure,line: 2143     INFO | Adding Urey-Bradleys...
2026/03/19 05:47:04 structure,line: 2145     INFO | Adding improper torsions...
2026/03/19 05:47:04 structure,line: 2147     INFO | Adding CMAP torsions...
2026/03/19 05:47:04 structure,line: 2149     INFO | Adding trigonal angle terms...
2026/03/19 05:47:04 structure,line: 2151     INFO | Adding out-of-plane bends...
2026/03/19 05:47:04 structure,line: 2153     INFO | Adding pi-torsions...
2026/03/19 05:47:04 structure,line: 2155     INFO | Adding stretch-bends...
2026/03/19 05:47:04 structure,line: 2157     INFO | Adding torsion-torsions...
2026/03/19 05:47:04 structure,line: 2159     INFO | Adding Nonbonded force...
2026/03/19 05:47:05 energy_component,line: 338 DECOMPOSE | Decomposed Res Num: 158, Total Res Num: 447, Decomposition Progress: 35.34675615212528
2026/03/19 05:47:05 structure,line: 2132     INFO | Adding bonds...
2026/03/19 05:47:05 structure,line: 2135     INFO | Adding angles...
2026/03/19 05:47:05 structure,line: 2138     INFO | Adding dihedrals...
2026/03/19 05:47:05 structure,line: 2141     INFO | Adding Ryckaert-Bellemans torsions...
2026/03/19 05:47:05 structure,line: 2143     INFO | Adding Urey-Bradleys...
2026/03/19 05:47:05 structure,line: 2145     INFO | Adding improper torsions...
2026/03/19 05:47:05 structure,line: 2147     INFO | Adding CMAP torsions...
2026/03/19 05:47:05 structure,line: 2149     INFO | Adding trigonal angle terms...
2026/03/19 05:47:05 structure,line: 2151     INFO | Adding out-of-plane bends...
2026/03/19 05:47:05 structure,line: 2153     INFO | Adding pi-torsions...
2026/03/19 05:47:05 structure,line: 2155     INFO | Adding stretch-bends...
2026/03/19 05:47:05 structure,line: 2157     INFO | Adding torsion-torsions...
2026/03/19 05:47:05 structure,line: 2159     INFO | Adding Nonbonded force...
2026/03/19 05:47:05 energy_component,line: 338 DECOMPOSE | Decomposed Res Num: 159, Total Res Num: 447, Decomposition Progress: 35.57046979865772
2026/03/19 05:47:06 structure,line: 2132     INFO | Adding bonds...
2026/03/19 05:47:06 structure,line: 2135     INFO | Adding angles...
2026/03/19 05:47:06 structure,line: 2138     INFO | Adding dihedrals...
2026/03/19 05:47:06 structure,line: 2141     INFO | Adding Ryckaert-Bellemans torsions...
2026/03/19 05:47:06 structure,line: 2143     INFO | Adding Urey-Bradleys...
2026/03/19 05:47:06 structure,line: 2145     INFO | Adding improper torsions...
2026/03/19 05:47:06 structure,line: 2147     INFO | Adding CMAP torsions...
2026/03/19 05:47:06 structure,line: 2149     INFO | Adding trigonal angle terms...
2026/03/19 05:47:06 structure,line: 2151     INFO | Adding out-of-plane bends...
2026/03/19 05:47:06 structure,line: 2153     INFO | Adding pi-torsions...
2026/03/19 05:47:06 structure,line: 2155     INFO | Adding stretch-bends...
2026/03/19 05:47:06 structure,line: 2157     INFO | Adding torsion-torsions...
2026/03/19 05:47:06 structure,line: 2159     INFO | Adding Nonbonded force...
2026/03/19 05:47:06 energy_component,line: 338 DECOMPOSE | Decomposed Res Num: 160, Total Res Num: 447, Decomposition Progress: 35.79418344519016
2026/03/19 05:47:07 structure,line: 2132     INFO | Adding bonds...
2026/03/19 05:47:07 structure,line: 2135     INFO | Adding angles...
2026/03/19 05:47:07 structure,line: 2138     INFO | Adding dihedrals...
2026/03/19 05:47:07 structure,line: 2141     INFO | Adding Ryckaert-Bellemans torsions...
2026/03/19 05:47:07 structure,line: 2143     INFO | Adding Urey-Bradleys...
2026/03/19 05:47:07 structure,line: 2145     INFO | Adding improper torsions...
2026/03/19 05:47:07 structure,line: 2147     INFO | Adding CMAP torsions...
2026/03/19 05:47:07 structure,line: 2149     INFO | Adding trigonal angle terms...
2026/03/19 05:47:07 structure,line: 2151     INFO | Adding out-of-plane bends...
2026/03/19 05:47:07 structure,line: 2153     INFO | Adding pi-torsions...
2026/03/19 05:47:07 structure,line: 2155     INFO | Adding stretch-bends...
2026/03/19 05:47:07 structure,line: 2157     INFO | Adding torsion-torsions...
2026/03/19 05:47:07 structure,line: 2159     INFO | Adding Nonbonded force...
2026/03/19 05:47:07 energy_component,line: 338 DECOMPOSE | Decomposed Res Num: 161, Total Res Num: 447, Decomposition Progress: 36.017897091722595
2026/03/19 05:47:08 structure,line: 2132     INFO | Adding bonds...
2026/03/19 05:47:08 structure,line: 2135     INFO | Adding angles...
2026/03/19 05:47:08 structure,line: 2138     INFO | Adding dihedrals...
2026/03/19 05:47:08 structure,line: 2141     INFO | Adding Ryckaert-Bellemans torsions...
2026/03/19 05:47:08 structure,line: 2143     INFO | Adding Urey-Bradleys...
2026/03/19 05:47:08 structure,line: 2145     INFO | Adding improper torsions...
2026/03/19 05:47:08 structure,line: 2147     INFO | Adding CMAP torsions...
2026/03/19 05:47:08 structure,line: 2149     INFO | Adding trigonal angle terms...
2026/03/19 05:47:08 structure,line: 2151     INFO | Adding out-of-plane bends...
2026/03/19 05:47:08 structure,line: 2153     INFO | Adding pi-torsions...
2026/03/19 05:47:08 structure,line: 2155     INFO | Adding stretch-bends...
2026/03/19 05:47:08 structure,line: 2157     INFO | Adding torsion-torsions...
2026/03/19 05:47:08 structure,line: 2159     INFO | Adding Nonbonded force...
2026/03/19 05:47:08 energy_component,line: 338 DECOMPOSE | Decomposed Res Num: 162, Total Res Num: 447, Decomposition Progress: 36.241610738255034
2026/03/19 05:47:08 structure,line: 2132     INFO | Adding bonds...
2026/03/19 05:47:08 structure,line: 2135     INFO | Adding angles...
2026/03/19 05:47:08 structure,line: 2138     INFO | Adding dihedrals...
2026/03/19 05:47:08 structure,line: 2141     INFO | Adding Ryckaert-Bellemans torsions...
2026/03/19 05:47:08 structure,line: 2143     INFO | Adding Urey-Bradleys...
2026/03/19 05:47:08 structure,line: 2145     INFO | Adding improper torsions...
2026/03/19 05:47:08 structure,line: 2147     INFO | Adding CMAP torsions...
2026/03/19 05:47:08 structure,line: 2149     INFO | Adding trigonal angle terms...
2026/03/19 05:47:08 structure,line: 2151     INFO | Adding out-of-plane bends...
2026/03/19 05:47:08 structure,line: 2153     INFO | Adding pi-torsions...
2026/03/19 05:47:08 structure,line: 2155     INFO | Adding stretch-bends...
2026/03/19 05:47:08 structure,line: 2157     INFO | Adding torsion-torsions...
2026/03/19 05:47:08 structure,line: 2159     INFO | Adding Nonbonded force...
2026/03/19 05:47:09 energy_component,line: 338 DECOMPOSE | Decomposed Res Num: 163, Total Res Num: 447, Decomposition Progress: 36.46532438478747
2026/03/19 05:47:09 structure,line: 2132     INFO | Adding bonds...
2026/03/19 05:47:09 structure,line: 2135     INFO | Adding angles...
2026/03/19 05:47:09 structure,line: 2138     INFO | Adding dihedrals...
2026/03/19 05:47:09 structure,line: 2141     INFO | Adding Ryckaert-Bellemans torsions...
2026/03/19 05:47:09 structure,line: 2143     INFO | Adding Urey-Bradleys...
2026/03/19 05:47:09 structure,line: 2145     INFO | Adding improper torsions...
2026/03/19 05:47:09 structure,line: 2147     INFO | Adding CMAP torsions...
2026/03/19 05:47:09 structure,line: 2149     INFO | Adding trigonal angle terms...
2026/03/19 05:47:09 structure,line: 2151     INFO | Adding out-of-plane bends...
2026/03/19 05:47:09 structure,line: 2153     INFO | Adding pi-torsions...
2026/03/19 05:47:09 structure,line: 2155     INFO | Adding stretch-bends...
2026/03/19 05:47:09 structure,line: 2157     INFO | Adding torsion-torsions...
2026/03/19 05:47:09 structure,line: 2159     INFO | Adding Nonbonded force...
2026/03/19 05:47:10 energy_component,line: 338 DECOMPOSE | Decomposed Res Num: 164, Total Res Num: 447, Decomposition Progress: 36.68903803131991
2026/03/19 05:47:13 structure,line: 2132     INFO | Adding bonds...
2026/03/19 05:47:13 structure,line: 2135     INFO | Adding angles...
2026/03/19 05:47:13 structure,line: 2138     INFO | Adding dihedrals...
2026/03/19 05:47:13 structure,line: 2141     INFO | Adding Ryckaert-Bellemans torsions...
2026/03/19 05:47:13 structure,line: 2143     INFO | Adding Urey-Bradleys...
2026/03/19 05:47:13 structure,line: 2145     INFO | Adding improper torsions...
2026/03/19 05:47:13 structure,line: 2147     INFO | Adding CMAP torsions...
2026/03/19 05:47:13 structure,line: 2149     INFO | Adding trigonal angle terms...
2026/03/19 05:47:13 structure,line: 2151     INFO | Adding out-of-plane bends...
2026/03/19 05:47:13 structure,line: 2153     INFO | Adding pi-torsions...
2026/03/19 05:47:13 structure,line: 2155     INFO | Adding stretch-bends...
2026/03/19 05:47:13 structure,line: 2157     INFO | Adding torsion-torsions...
2026/03/19 05:47:13 structure,line: 2159     INFO | Adding Nonbonded force...
2026/03/19 05:47:13 energy_component,line: 338 DECOMPOSE | Decomposed Res Num: 165, Total Res Num: 447, Decomposition Progress: 36.91275167785235
2026/03/19 05:47:14 structure,line: 2132     INFO | Adding bonds...
2026/03/19 05:47:14 structure,line: 2135     INFO | Adding angles...
2026/03/19 05:47:14 structure,line: 2138     INFO | Adding dihedrals...
2026/03/19 05:47:14 structure,line: 2141     INFO | Adding Ryckaert-Bellemans torsions...
2026/03/19 05:47:14 structure,line: 2143     INFO | Adding Urey-Bradleys...
2026/03/19 05:47:14 structure,line: 2145     INFO | Adding improper torsions...
2026/03/19 05:47:14 structure,line: 2147     INFO | Adding CMAP torsions...
2026/03/19 05:47:14 structure,line: 2149     INFO | Adding trigonal angle terms...
2026/03/19 05:47:14 structure,line: 2151     INFO | Adding out-of-plane bends...
2026/03/19 05:47:14 structure,line: 2153     INFO | Adding pi-torsions...
2026/03/19 05:47:14 structure,line: 2155     INFO | Adding stretch-bends...
2026/03/19 05:47:14 structure,line: 2157     INFO | Adding torsion-torsions...
2026/03/19 05:47:14 structure,line: 2159     INFO | Adding Nonbonded force...
2026/03/19 05:47:14 energy_component,line: 338 DECOMPOSE | Decomposed Res Num: 166, Total Res Num: 447, Decomposition Progress: 37.13646532438479
2026/03/19 05:47:14 structure,line: 2132     INFO | Adding bonds...
2026/03/19 05:47:14 structure,line: 2135     INFO | Adding angles...
2026/03/19 05:47:14 structure,line: 2138     INFO | Adding dihedrals...
2026/03/19 05:47:14 structure,line: 2141     INFO | Adding Ryckaert-Bellemans torsions...
2026/03/19 05:47:14 structure,line: 2143     INFO | Adding Urey-Bradleys...
2026/03/19 05:47:14 structure,line: 2145     INFO | Adding improper torsions...
2026/03/19 05:47:14 structure,line: 2147     INFO | Adding CMAP torsions...
2026/03/19 05:47:14 structure,line: 2149     INFO | Adding trigonal angle terms...
2026/03/19 05:47:14 structure,line: 2151     INFO | Adding out-of-plane bends...
2026/03/19 05:47:14 structure,line: 2153     INFO | Adding pi-torsions...
2026/03/19 05:47:14 structure,line: 2155     INFO | Adding stretch-bends...
2026/03/19 05:47:14 structure,line: 2157     INFO | Adding torsion-torsions...
2026/03/19 05:47:14 structure,line: 2159     INFO | Adding Nonbonded force...
2026/03/19 05:47:15 energy_component,line: 338 DECOMPOSE | Decomposed Res Num: 167, Total Res Num: 447, Decomposition Progress: 37.360178970917225
2026/03/19 05:47:15 structure,line: 2132     INFO | Adding bonds...
2026/03/19 05:47:15 structure,line: 2135     INFO | Adding angles...
2026/03/19 05:47:15 structure,line: 2138     INFO | Adding dihedrals...
2026/03/19 05:47:15 structure,line: 2141     INFO | Adding Ryckaert-Bellemans torsions...
2026/03/19 05:47:15 structure,line: 2143     INFO | Adding Urey-Bradleys...
2026/03/19 05:47:15 structure,line: 2145     INFO | Adding improper torsions...
2026/03/19 05:47:15 structure,line: 2147     INFO | Adding CMAP torsions...
2026/03/19 05:47:15 structure,line: 2149     INFO | Adding trigonal angle terms...
2026/03/19 05:47:15 structure,line: 2151     INFO | Adding out-of-plane bends...
2026/03/19 05:47:15 structure,line: 2153     INFO | Adding pi-torsions...
2026/03/19 05:47:15 structure,line: 2155     INFO | Adding stretch-bends...
2026/03/19 05:47:15 structure,line: 2157     INFO | Adding torsion-torsions...
2026/03/19 05:47:15 structure,line: 2159     INFO | Adding Nonbonded force...
2026/03/19 05:47:15 energy_component,line: 338 DECOMPOSE | Decomposed Res Num: 168, Total Res Num: 447, Decomposition Progress: 37.58389261744966
2026/03/19 05:47:16 structure,line: 2132     INFO | Adding bonds...
2026/03/19 05:47:16 structure,line: 2135     INFO | Adding angles...
2026/03/19 05:47:16 structure,line: 2138     INFO | Adding dihedrals...
2026/03/19 05:47:16 structure,line: 2141     INFO | Adding Ryckaert-Bellemans torsions...
2026/03/19 05:47:16 structure,line: 2143     INFO | Adding Urey-Bradleys...
2026/03/19 05:47:16 structure,line: 2145     INFO | Adding improper torsions...
2026/03/19 05:47:16 structure,line: 2147     INFO | Adding CMAP torsions...
2026/03/19 05:47:16 structure,line: 2149     INFO | Adding trigonal angle terms...
2026/03/19 05:47:16 structure,line: 2151     INFO | Adding out-of-plane bends...
2026/03/19 05:47:16 structure,line: 2153     INFO | Adding pi-torsions...
2026/03/19 05:47:16 structure,line: 2155     INFO | Adding stretch-bends...
2026/03/19 05:47:16 structure,line: 2157     INFO | Adding torsion-torsions...
2026/03/19 05:47:16 structure,line: 2159     INFO | Adding Nonbonded force...
2026/03/19 05:47:16 energy_component,line: 338 DECOMPOSE | Decomposed Res Num: 169, Total Res Num: 447, Decomposition Progress: 37.8076062639821
2026/03/19 05:47:17 structure,line: 2132     INFO | Adding bonds...
2026/03/19 05:47:17 structure,line: 2135     INFO | Adding angles...
2026/03/19 05:47:17 structure,line: 2138     INFO | Adding dihedrals...
2026/03/19 05:47:17 structure,line: 2141     INFO | Adding Ryckaert-Bellemans torsions...
2026/03/19 05:47:17 structure,line: 2143     INFO | Adding Urey-Bradleys...
2026/03/19 05:47:17 structure,line: 2145     INFO | Adding improper torsions...
2026/03/19 05:47:17 structure,line: 2147     INFO | Adding CMAP torsions...
2026/03/19 05:47:17 structure,line: 2149     INFO | Adding trigonal angle terms...
2026/03/19 05:47:17 structure,line: 2151     INFO | Adding out-of-plane bends...
2026/03/19 05:47:17 structure,line: 2153     INFO | Adding pi-torsions...
2026/03/19 05:47:17 structure,line: 2155     INFO | Adding stretch-bends...
2026/03/19 05:47:17 structure,line: 2157     INFO | Adding torsion-torsions...
2026/03/19 05:47:17 structure,line: 2159     INFO | Adding Nonbonded force...
2026/03/19 05:47:17 energy_component,line: 338 DECOMPOSE | Decomposed Res Num: 170, Total Res Num: 447, Decomposition Progress: 38.03131991051455
2026/03/19 05:47:18 structure,line: 2132     INFO | Adding bonds...
2026/03/19 05:47:18 structure,line: 2135     INFO | Adding angles...
2026/03/19 05:47:18 structure,line: 2138     INFO | Adding dihedrals...
2026/03/19 05:47:18 structure,line: 2141     INFO | Adding Ryckaert-Bellemans torsions...
2026/03/19 05:47:18 structure,line: 2143     INFO | Adding Urey-Bradleys...
2026/03/19 05:47:18 structure,line: 2145     INFO | Adding improper torsions...
2026/03/19 05:47:18 structure,line: 2147     INFO | Adding CMAP torsions...
2026/03/19 05:47:18 structure,line: 2149     INFO | Adding trigonal angle terms...
2026/03/19 05:47:18 structure,line: 2151     INFO | Adding out-of-plane bends...
2026/03/19 05:47:18 structure,line: 2153     INFO | Adding pi-torsions...
2026/03/19 05:47:18 structure,line: 2155     INFO | Adding stretch-bends...
2026/03/19 05:47:18 structure,line: 2157     INFO | Adding torsion-torsions...
2026/03/19 05:47:18 structure,line: 2159     INFO | Adding Nonbonded force...
2026/03/19 05:47:18 energy_component,line: 338 DECOMPOSE | Decomposed Res Num: 171, Total Res Num: 447, Decomposition Progress: 38.25503355704698
2026/03/19 05:47:18 structure,line: 2132     INFO | Adding bonds...
2026/03/19 05:47:18 structure,line: 2135     INFO | Adding angles...
2026/03/19 05:47:18 structure,line: 2138     INFO | Adding dihedrals...
2026/03/19 05:47:18 structure,line: 2141     INFO | Adding Ryckaert-Bellemans torsions...
2026/03/19 05:47:18 structure,line: 2143     INFO | Adding Urey-Bradleys...
2026/03/19 05:47:18 structure,line: 2145     INFO | Adding improper torsions...
2026/03/19 05:47:18 structure,line: 2147     INFO | Adding CMAP torsions...
2026/03/19 05:47:18 structure,line: 2149     INFO | Adding trigonal angle terms...
2026/03/19 05:47:18 structure,line: 2151     INFO | Adding out-of-plane bends...
2026/03/19 05:47:18 structure,line: 2153     INFO | Adding pi-torsions...
2026/03/19 05:47:18 structure,line: 2155     INFO | Adding stretch-bends...
2026/03/19 05:47:18 structure,line: 2157     INFO | Adding torsion-torsions...
2026/03/19 05:47:18 structure,line: 2159     INFO | Adding Nonbonded force...
2026/03/19 05:47:19 energy_component,line: 338 DECOMPOSE | Decomposed Res Num: 172, Total Res Num: 447, Decomposition Progress: 38.47874720357942
2026/03/19 05:47:19 structure,line: 2132     INFO | Adding bonds...
2026/03/19 05:47:19 structure,line: 2135     INFO | Adding angles...
2026/03/19 05:47:19 structure,line: 2138     INFO | Adding dihedrals...
2026/03/19 05:47:19 structure,line: 2141     INFO | Adding Ryckaert-Bellemans torsions...
2026/03/19 05:47:19 structure,line: 2143     INFO | Adding Urey-Bradleys...
2026/03/19 05:47:19 structure,line: 2145     INFO | Adding improper torsions...
2026/03/19 05:47:19 structure,line: 2147     INFO | Adding CMAP torsions...
2026/03/19 05:47:19 structure,line: 2149     INFO | Adding trigonal angle terms...
2026/03/19 05:47:19 structure,line: 2151     INFO | Adding out-of-plane bends...
2026/03/19 05:47:19 structure,line: 2153     INFO | Adding pi-torsions...
2026/03/19 05:47:19 structure,line: 2155     INFO | Adding stretch-bends...
2026/03/19 05:47:19 structure,line: 2157     INFO | Adding torsion-torsions...
2026/03/19 05:47:19 structure,line: 2159     INFO | Adding Nonbonded force...
2026/03/19 05:47:19 energy_component,line: 338 DECOMPOSE | Decomposed Res Num: 173, Total Res Num: 447, Decomposition Progress: 38.702460850111855
2026/03/19 05:47:20 structure,line: 2132     INFO | Adding bonds...
2026/03/19 05:47:20 structure,line: 2135     INFO | Adding angles...
2026/03/19 05:47:20 structure,line: 2138     INFO | Adding dihedrals...
2026/03/19 05:47:20 structure,line: 2141     INFO | Adding Ryckaert-Bellemans torsions...
2026/03/19 05:47:20 structure,line: 2143     INFO | Adding Urey-Bradleys...
2026/03/19 05:47:20 structure,line: 2145     INFO | Adding improper torsions...
2026/03/19 05:47:20 structure,line: 2147     INFO | Adding CMAP torsions...
2026/03/19 05:47:20 structure,line: 2149     INFO | Adding trigonal angle terms...
2026/03/19 05:47:20 structure,line: 2151     INFO | Adding out-of-plane bends...
2026/03/19 05:47:20 structure,line: 2153     INFO | Adding pi-torsions...
2026/03/19 05:47:20 structure,line: 2155     INFO | Adding stretch-bends...
2026/03/19 05:47:20 structure,line: 2157     INFO | Adding torsion-torsions...
2026/03/19 05:47:20 structure,line: 2159     INFO | Adding Nonbonded force...
2026/03/19 05:47:20 energy_component,line: 338 DECOMPOSE | Decomposed Res Num: 174, Total Res Num: 447, Decomposition Progress: 38.92617449664429
2026/03/19 05:47:21 structure,line: 2132     INFO | Adding bonds...
2026/03/19 05:47:21 structure,line: 2135     INFO | Adding angles...
2026/03/19 05:47:21 structure,line: 2138     INFO | Adding dihedrals...
2026/03/19 05:47:21 structure,line: 2141     INFO | Adding Ryckaert-Bellemans torsions...
2026/03/19 05:47:21 structure,line: 2143     INFO | Adding Urey-Bradleys...
2026/03/19 05:47:21 structure,line: 2145     INFO | Adding improper torsions...
2026/03/19 05:47:21 structure,line: 2147     INFO | Adding CMAP torsions...
2026/03/19 05:47:21 structure,line: 2149     INFO | Adding trigonal angle terms...
2026/03/19 05:47:21 structure,line: 2151     INFO | Adding out-of-plane bends...
2026/03/19 05:47:21 structure,line: 2153     INFO | Adding pi-torsions...
2026/03/19 05:47:21 structure,line: 2155     INFO | Adding stretch-bends...
2026/03/19 05:47:21 structure,line: 2157     INFO | Adding torsion-torsions...
2026/03/19 05:47:21 structure,line: 2159     INFO | Adding Nonbonded force...
2026/03/19 05:47:21 energy_component,line: 338 DECOMPOSE | Decomposed Res Num: 175, Total Res Num: 447, Decomposition Progress: 39.14988814317674
2026/03/19 05:47:22 structure,line: 2132     INFO | Adding bonds...
2026/03/19 05:47:22 structure,line: 2135     INFO | Adding angles...
2026/03/19 05:47:22 structure,line: 2138     INFO | Adding dihedrals...
2026/03/19 05:47:22 structure,line: 2141     INFO | Adding Ryckaert-Bellemans torsions...
2026/03/19 05:47:22 structure,line: 2143     INFO | Adding Urey-Bradleys...
2026/03/19 05:47:22 structure,line: 2145     INFO | Adding improper torsions...
2026/03/19 05:47:22 structure,line: 2147     INFO | Adding CMAP torsions...
2026/03/19 05:47:22 structure,line: 2149     INFO | Adding trigonal angle terms...
2026/03/19 05:47:22 structure,line: 2151     INFO | Adding out-of-plane bends...
2026/03/19 05:47:22 structure,line: 2153     INFO | Adding pi-torsions...
2026/03/19 05:47:22 structure,line: 2155     INFO | Adding stretch-bends...
2026/03/19 05:47:22 structure,line: 2157     INFO | Adding torsion-torsions...
2026/03/19 05:47:22 structure,line: 2159     INFO | Adding Nonbonded force...
2026/03/19 05:47:22 energy_component,line: 338 DECOMPOSE | Decomposed Res Num: 176, Total Res Num: 447, Decomposition Progress: 39.37360178970917
2026/03/19 05:47:22 structure,line: 2132     INFO | Adding bonds...
2026/03/19 05:47:22 structure,line: 2135     INFO | Adding angles...
2026/03/19 05:47:22 structure,line: 2138     INFO | Adding dihedrals...
2026/03/19 05:47:22 structure,line: 2141     INFO | Adding Ryckaert-Bellemans torsions...
2026/03/19 05:47:22 structure,line: 2143     INFO | Adding Urey-Bradleys...
2026/03/19 05:47:22 structure,line: 2145     INFO | Adding improper torsions...
2026/03/19 05:47:22 structure,line: 2147     INFO | Adding CMAP torsions...
2026/03/19 05:47:22 structure,line: 2149     INFO | Adding trigonal angle terms...
2026/03/19 05:47:22 structure,line: 2151     INFO | Adding out-of-plane bends...
2026/03/19 05:47:22 structure,line: 2153     INFO | Adding pi-torsions...
2026/03/19 05:47:22 structure,line: 2155     INFO | Adding stretch-bends...
2026/03/19 05:47:22 structure,line: 2157     INFO | Adding torsion-torsions...
2026/03/19 05:47:22 structure,line: 2159     INFO | Adding Nonbonded force...
2026/03/19 05:47:23 energy_component,line: 338 DECOMPOSE | Decomposed Res Num: 177, Total Res Num: 447, Decomposition Progress: 39.59731543624161
2026/03/19 05:47:23 structure,line: 2132     INFO | Adding bonds...
2026/03/19 05:47:23 structure,line: 2135     INFO | Adding angles...
2026/03/19 05:47:23 structure,line: 2138     INFO | Adding dihedrals...
2026/03/19 05:47:23 structure,line: 2141     INFO | Adding Ryckaert-Bellemans torsions...
2026/03/19 05:47:23 structure,line: 2143     INFO | Adding Urey-Bradleys...
2026/03/19 05:47:23 structure,line: 2145     INFO | Adding improper torsions...
2026/03/19 05:47:23 structure,line: 2147     INFO | Adding CMAP torsions...
2026/03/19 05:47:23 structure,line: 2149     INFO | Adding trigonal angle terms...
2026/03/19 05:47:23 structure,line: 2151     INFO | Adding out-of-plane bends...
2026/03/19 05:47:23 structure,line: 2153     INFO | Adding pi-torsions...
2026/03/19 05:47:23 structure,line: 2155     INFO | Adding stretch-bends...
2026/03/19 05:47:23 structure,line: 2157     INFO | Adding torsion-torsions...
2026/03/19 05:47:23 structure,line: 2159     INFO | Adding Nonbonded force...
2026/03/19 05:47:23 energy_component,line: 338 DECOMPOSE | Decomposed Res Num: 178, Total Res Num: 447, Decomposition Progress: 39.821029082774054
2026/03/19 05:47:24 structure,line: 2132     INFO | Adding bonds...
2026/03/19 05:47:24 structure,line: 2135     INFO | Adding angles...
2026/03/19 05:47:24 structure,line: 2138     INFO | Adding dihedrals...
2026/03/19 05:47:24 structure,line: 2141     INFO | Adding Ryckaert-Bellemans torsions...
2026/03/19 05:47:24 structure,line: 2143     INFO | Adding Urey-Bradleys...
2026/03/19 05:47:24 structure,line: 2145     INFO | Adding improper torsions...
2026/03/19 05:47:24 structure,line: 2147     INFO | Adding CMAP torsions...
2026/03/19 05:47:24 structure,line: 2149     INFO | Adding trigonal angle terms...
2026/03/19 05:47:24 structure,line: 2151     INFO | Adding out-of-plane bends...
2026/03/19 05:47:24 structure,line: 2153     INFO | Adding pi-torsions...
2026/03/19 05:47:24 structure,line: 2155     INFO | Adding stretch-bends...
2026/03/19 05:47:24 structure,line: 2157     INFO | Adding torsion-torsions...
2026/03/19 05:47:24 structure,line: 2159     INFO | Adding Nonbonded force...
2026/03/19 05:47:24 energy_component,line: 338 DECOMPOSE | Decomposed Res Num: 179, Total Res Num: 447, Decomposition Progress: 40.044742729306485
2026/03/19 05:47:27 structure,line: 2132     INFO | Adding bonds...
2026/03/19 05:47:27 structure,line: 2135     INFO | Adding angles...
2026/03/19 05:47:27 structure,line: 2138     INFO | Adding dihedrals...
2026/03/19 05:47:27 structure,line: 2141     INFO | Adding Ryckaert-Bellemans torsions...
2026/03/19 05:47:27 structure,line: 2143     INFO | Adding Urey-Bradleys...
2026/03/19 05:47:27 structure,line: 2145     INFO | Adding improper torsions...
2026/03/19 05:47:27 structure,line: 2147     INFO | Adding CMAP torsions...
2026/03/19 05:47:27 structure,line: 2149     INFO | Adding trigonal angle terms...
2026/03/19 05:47:27 structure,line: 2151     INFO | Adding out-of-plane bends...
2026/03/19 05:47:27 structure,line: 2153     INFO | Adding pi-torsions...
2026/03/19 05:47:27 structure,line: 2155     INFO | Adding stretch-bends...
2026/03/19 05:47:27 structure,line: 2157     INFO | Adding torsion-torsions...
2026/03/19 05:47:27 structure,line: 2159     INFO | Adding Nonbonded force...
2026/03/19 05:47:28 energy_component,line: 338 DECOMPOSE | Decomposed Res Num: 180, Total Res Num: 447, Decomposition Progress: 40.26845637583892
2026/03/19 05:47:28 structure,line: 2132     INFO | Adding bonds...
2026/03/19 05:47:28 structure,line: 2135     INFO | Adding angles...
2026/03/19 05:47:28 structure,line: 2138     INFO | Adding dihedrals...
2026/03/19 05:47:28 structure,line: 2141     INFO | Adding Ryckaert-Bellemans torsions...
2026/03/19 05:47:28 structure,line: 2143     INFO | Adding Urey-Bradleys...
2026/03/19 05:47:28 structure,line: 2145     INFO | Adding improper torsions...
2026/03/19 05:47:28 structure,line: 2147     INFO | Adding CMAP torsions...
2026/03/19 05:47:28 structure,line: 2149     INFO | Adding trigonal angle terms...
2026/03/19 05:47:28 structure,line: 2151     INFO | Adding out-of-plane bends...
2026/03/19 05:47:28 structure,line: 2153     INFO | Adding pi-torsions...
2026/03/19 05:47:28 structure,line: 2155     INFO | Adding stretch-bends...
2026/03/19 05:47:28 structure,line: 2157     INFO | Adding torsion-torsions...
2026/03/19 05:47:28 structure,line: 2159     INFO | Adding Nonbonded force...
2026/03/19 05:47:29 energy_component,line: 338 DECOMPOSE | Decomposed Res Num: 181, Total Res Num: 447, Decomposition Progress: 40.49217002237137
2026/03/19 05:47:29 structure,line: 2132     INFO | Adding bonds...
2026/03/19 05:47:29 structure,line: 2135     INFO | Adding angles...
2026/03/19 05:47:29 structure,line: 2138     INFO | Adding dihedrals...
2026/03/19 05:47:29 structure,line: 2141     INFO | Adding Ryckaert-Bellemans torsions...
2026/03/19 05:47:29 structure,line: 2143     INFO | Adding Urey-Bradleys...
2026/03/19 05:47:29 structure,line: 2145     INFO | Adding improper torsions...
2026/03/19 05:47:29 structure,line: 2147     INFO | Adding CMAP torsions...
2026/03/19 05:47:29 structure,line: 2149     INFO | Adding trigonal angle terms...
2026/03/19 05:47:29 structure,line: 2151     INFO | Adding out-of-plane bends...
2026/03/19 05:47:29 structure,line: 2153     INFO | Adding pi-torsions...
2026/03/19 05:47:29 structure,line: 2155     INFO | Adding stretch-bends...
2026/03/19 05:47:29 structure,line: 2157     INFO | Adding torsion-torsions...
2026/03/19 05:47:29 structure,line: 2159     INFO | Adding Nonbonded force...
2026/03/19 05:47:29 energy_component,line: 338 DECOMPOSE | Decomposed Res Num: 182, Total Res Num: 447, Decomposition Progress: 40.7158836689038
2026/03/19 05:47:30 structure,line: 2132     INFO | Adding bonds...
2026/03/19 05:47:30 structure,line: 2135     INFO | Adding angles...
2026/03/19 05:47:30 structure,line: 2138     INFO | Adding dihedrals...
2026/03/19 05:47:30 structure,line: 2141     INFO | Adding Ryckaert-Bellemans torsions...
2026/03/19 05:47:30 structure,line: 2143     INFO | Adding Urey-Bradleys...
2026/03/19 05:47:30 structure,line: 2145     INFO | Adding improper torsions...
2026/03/19 05:47:30 structure,line: 2147     INFO | Adding CMAP torsions...
2026/03/19 05:47:30 structure,line: 2149     INFO | Adding trigonal angle terms...
2026/03/19 05:47:30 structure,line: 2151     INFO | Adding out-of-plane bends...
2026/03/19 05:47:30 structure,line: 2153     INFO | Adding pi-torsions...
2026/03/19 05:47:30 structure,line: 2155     INFO | Adding stretch-bends...
2026/03/19 05:47:30 structure,line: 2157     INFO | Adding torsion-torsions...
2026/03/19 05:47:30 structure,line: 2159     INFO | Adding Nonbonded force...
2026/03/19 05:47:30 energy_component,line: 338 DECOMPOSE | Decomposed Res Num: 183, Total Res Num: 447, Decomposition Progress: 40.939597315436245
2026/03/19 05:47:31 structure,line: 2132     INFO | Adding bonds...
2026/03/19 05:47:31 structure,line: 2135     INFO | Adding angles...
2026/03/19 05:47:31 structure,line: 2138     INFO | Adding dihedrals...
2026/03/19 05:47:31 structure,line: 2141     INFO | Adding Ryckaert-Bellemans torsions...
2026/03/19 05:47:31 structure,line: 2143     INFO | Adding Urey-Bradleys...
2026/03/19 05:47:31 structure,line: 2145     INFO | Adding improper torsions...
2026/03/19 05:47:31 structure,line: 2147     INFO | Adding CMAP torsions...
2026/03/19 05:47:31 structure,line: 2149     INFO | Adding trigonal angle terms...
2026/03/19 05:47:31 structure,line: 2151     INFO | Adding out-of-plane bends...
2026/03/19 05:47:31 structure,line: 2153     INFO | Adding pi-torsions...
2026/03/19 05:47:31 structure,line: 2155     INFO | Adding stretch-bends...
2026/03/19 05:47:31 structure,line: 2157     INFO | Adding torsion-torsions...
2026/03/19 05:47:31 structure,line: 2159     INFO | Adding Nonbonded force...
2026/03/19 05:47:31 energy_component,line: 338 DECOMPOSE | Decomposed Res Num: 184, Total Res Num: 447, Decomposition Progress: 41.163310961968676
2026/03/19 05:47:32 structure,line: 2132     INFO | Adding bonds...
2026/03/19 05:47:32 structure,line: 2135     INFO | Adding angles...
2026/03/19 05:47:32 structure,line: 2138     INFO | Adding dihedrals...
2026/03/19 05:47:32 structure,line: 2141     INFO | Adding Ryckaert-Bellemans torsions...
2026/03/19 05:47:32 structure,line: 2143     INFO | Adding Urey-Bradleys...
2026/03/19 05:47:32 structure,line: 2145     INFO | Adding improper torsions...
2026/03/19 05:47:32 structure,line: 2147     INFO | Adding CMAP torsions...
2026/03/19 05:47:32 structure,line: 2149     INFO | Adding trigonal angle terms...
2026/03/19 05:47:32 structure,line: 2151     INFO | Adding out-of-plane bends...
2026/03/19 05:47:32 structure,line: 2153     INFO | Adding pi-torsions...
2026/03/19 05:47:32 structure,line: 2155     INFO | Adding stretch-bends...
2026/03/19 05:47:32 structure,line: 2157     INFO | Adding torsion-torsions...
2026/03/19 05:47:32 structure,line: 2159     INFO | Adding Nonbonded force...
2026/03/19 05:47:32 energy_component,line: 338 DECOMPOSE | Decomposed Res Num: 185, Total Res Num: 447, Decomposition Progress: 41.387024608501115
2026/03/19 05:47:32 structure,line: 2132     INFO | Adding bonds...
2026/03/19 05:47:32 structure,line: 2135     INFO | Adding angles...
2026/03/19 05:47:32 structure,line: 2138     INFO | Adding dihedrals...
2026/03/19 05:47:32 structure,line: 2141     INFO | Adding Ryckaert-Bellemans torsions...
2026/03/19 05:47:32 structure,line: 2143     INFO | Adding Urey-Bradleys...
2026/03/19 05:47:32 structure,line: 2145     INFO | Adding improper torsions...
2026/03/19 05:47:32 structure,line: 2147     INFO | Adding CMAP torsions...
2026/03/19 05:47:32 structure,line: 2149     INFO | Adding trigonal angle terms...
2026/03/19 05:47:32 structure,line: 2151     INFO | Adding out-of-plane bends...
2026/03/19 05:47:32 structure,line: 2153     INFO | Adding pi-torsions...
2026/03/19 05:47:32 structure,line: 2155     INFO | Adding stretch-bends...
2026/03/19 05:47:32 structure,line: 2157     INFO | Adding torsion-torsions...
2026/03/19 05:47:32 structure,line: 2159     INFO | Adding Nonbonded force...
2026/03/19 05:47:33 energy_component,line: 338 DECOMPOSE | Decomposed Res Num: 186, Total Res Num: 447, Decomposition Progress: 41.61073825503356
2026/03/19 05:47:33 structure,line: 2132     INFO | Adding bonds...
2026/03/19 05:47:33 structure,line: 2135     INFO | Adding angles...
2026/03/19 05:47:33 structure,line: 2138     INFO | Adding dihedrals...
2026/03/19 05:47:33 structure,line: 2141     INFO | Adding Ryckaert-Bellemans torsions...
2026/03/19 05:47:33 structure,line: 2143     INFO | Adding Urey-Bradleys...
2026/03/19 05:47:33 structure,line: 2145     INFO | Adding improper torsions...
2026/03/19 05:47:33 structure,line: 2147     INFO | Adding CMAP torsions...
2026/03/19 05:47:33 structure,line: 2149     INFO | Adding trigonal angle terms...
2026/03/19 05:47:33 structure,line: 2151     INFO | Adding out-of-plane bends...
2026/03/19 05:47:33 structure,line: 2153     INFO | Adding pi-torsions...
2026/03/19 05:47:33 structure,line: 2155     INFO | Adding stretch-bends...
2026/03/19 05:47:33 structure,line: 2157     INFO | Adding torsion-torsions...
2026/03/19 05:47:33 structure,line: 2159     INFO | Adding Nonbonded force...
2026/03/19 05:47:33 energy_component,line: 338 DECOMPOSE | Decomposed Res Num: 187, Total Res Num: 447, Decomposition Progress: 41.83445190156599
2026/03/19 05:47:34 structure,line: 2132     INFO | Adding bonds...
2026/03/19 05:47:34 structure,line: 2135     INFO | Adding angles...
2026/03/19 05:47:34 structure,line: 2138     INFO | Adding dihedrals...
2026/03/19 05:47:34 structure,line: 2141     INFO | Adding Ryckaert-Bellemans torsions...
2026/03/19 05:47:34 structure,line: 2143     INFO | Adding Urey-Bradleys...
2026/03/19 05:47:34 structure,line: 2145     INFO | Adding improper torsions...
2026/03/19 05:47:34 structure,line: 2147     INFO | Adding CMAP torsions...
2026/03/19 05:47:34 structure,line: 2149     INFO | Adding trigonal angle terms...
2026/03/19 05:47:34 structure,line: 2151     INFO | Adding out-of-plane bends...
2026/03/19 05:47:34 structure,line: 2153     INFO | Adding pi-torsions...
2026/03/19 05:47:34 structure,line: 2155     INFO | Adding stretch-bends...
2026/03/19 05:47:34 structure,line: 2157     INFO | Adding torsion-torsions...
2026/03/19 05:47:34 structure,line: 2159     INFO | Adding Nonbonded force...
2026/03/19 05:47:34 energy_component,line: 338 DECOMPOSE | Decomposed Res Num: 188, Total Res Num: 447, Decomposition Progress: 42.05816554809844
2026/03/19 05:47:35 structure,line: 2132     INFO | Adding bonds...
2026/03/19 05:47:35 structure,line: 2135     INFO | Adding angles...
2026/03/19 05:47:35 structure,line: 2138     INFO | Adding dihedrals...
2026/03/19 05:47:35 structure,line: 2141     INFO | Adding Ryckaert-Bellemans torsions...
2026/03/19 05:47:35 structure,line: 2143     INFO | Adding Urey-Bradleys...
2026/03/19 05:47:35 structure,line: 2145     INFO | Adding improper torsions...
2026/03/19 05:47:35 structure,line: 2147     INFO | Adding CMAP torsions...
2026/03/19 05:47:35 structure,line: 2149     INFO | Adding trigonal angle terms...
2026/03/19 05:47:35 structure,line: 2151     INFO | Adding out-of-plane bends...
2026/03/19 05:47:35 structure,line: 2153     INFO | Adding pi-torsions...
2026/03/19 05:47:35 structure,line: 2155     INFO | Adding stretch-bends...
2026/03/19 05:47:35 structure,line: 2157     INFO | Adding torsion-torsions...
2026/03/19 05:47:35 structure,line: 2159     INFO | Adding Nonbonded force...
2026/03/19 05:47:35 energy_component,line: 338 DECOMPOSE | Decomposed Res Num: 189, Total Res Num: 447, Decomposition Progress: 42.281879194630875
2026/03/19 05:47:36 structure,line: 2132     INFO | Adding bonds...
2026/03/19 05:47:36 structure,line: 2135     INFO | Adding angles...
2026/03/19 05:47:36 structure,line: 2138     INFO | Adding dihedrals...
2026/03/19 05:47:36 structure,line: 2141     INFO | Adding Ryckaert-Bellemans torsions...
2026/03/19 05:47:36 structure,line: 2143     INFO | Adding Urey-Bradleys...
2026/03/19 05:47:36 structure,line: 2145     INFO | Adding improper torsions...
2026/03/19 05:47:36 structure,line: 2147     INFO | Adding CMAP torsions...
2026/03/19 05:47:36 structure,line: 2149     INFO | Adding trigonal angle terms...
2026/03/19 05:47:36 structure,line: 2151     INFO | Adding out-of-plane bends...
2026/03/19 05:47:36 structure,line: 2153     INFO | Adding pi-torsions...
2026/03/19 05:47:36 structure,line: 2155     INFO | Adding stretch-bends...
2026/03/19 05:47:36 structure,line: 2157     INFO | Adding torsion-torsions...
2026/03/19 05:47:36 structure,line: 2159     INFO | Adding Nonbonded force...
2026/03/19 05:47:36 energy_component,line: 338 DECOMPOSE | Decomposed Res Num: 190, Total Res Num: 447, Decomposition Progress: 42.505592841163306
2026/03/19 05:47:36 structure,line: 2132     INFO | Adding bonds...
2026/03/19 05:47:36 structure,line: 2135     INFO | Adding angles...
2026/03/19 05:47:36 structure,line: 2138     INFO | Adding dihedrals...
2026/03/19 05:47:36 structure,line: 2141     INFO | Adding Ryckaert-Bellemans torsions...
2026/03/19 05:47:36 structure,line: 2143     INFO | Adding Urey-Bradleys...
2026/03/19 05:47:36 structure,line: 2145     INFO | Adding improper torsions...
2026/03/19 05:47:36 structure,line: 2147     INFO | Adding CMAP torsions...
2026/03/19 05:47:36 structure,line: 2149     INFO | Adding trigonal angle terms...
2026/03/19 05:47:36 structure,line: 2151     INFO | Adding out-of-plane bends...
2026/03/19 05:47:36 structure,line: 2153     INFO | Adding pi-torsions...
2026/03/19 05:47:36 structure,line: 2155     INFO | Adding stretch-bends...
2026/03/19 05:47:36 structure,line: 2157     INFO | Adding torsion-torsions...
2026/03/19 05:47:36 structure,line: 2159     INFO | Adding Nonbonded force...
2026/03/19 05:47:37 energy_component,line: 338 DECOMPOSE | Decomposed Res Num: 191, Total Res Num: 447, Decomposition Progress: 42.72930648769575
2026/03/19 05:47:37 structure,line: 2132     INFO | Adding bonds...
2026/03/19 05:47:37 structure,line: 2135     INFO | Adding angles...
2026/03/19 05:47:37 structure,line: 2138     INFO | Adding dihedrals...
2026/03/19 05:47:37 structure,line: 2141     INFO | Adding Ryckaert-Bellemans torsions...
2026/03/19 05:47:37 structure,line: 2143     INFO | Adding Urey-Bradleys...
2026/03/19 05:47:37 structure,line: 2145     INFO | Adding improper torsions...
2026/03/19 05:47:37 structure,line: 2147     INFO | Adding CMAP torsions...
2026/03/19 05:47:37 structure,line: 2149     INFO | Adding trigonal angle terms...
2026/03/19 05:47:37 structure,line: 2151     INFO | Adding out-of-plane bends...
2026/03/19 05:47:37 structure,line: 2153     INFO | Adding pi-torsions...
2026/03/19 05:47:37 structure,line: 2155     INFO | Adding stretch-bends...
2026/03/19 05:47:37 structure,line: 2157     INFO | Adding torsion-torsions...
2026/03/19 05:47:37 structure,line: 2159     INFO | Adding Nonbonded force...
2026/03/19 05:47:37 energy_component,line: 338 DECOMPOSE | Decomposed Res Num: 192, Total Res Num: 447, Decomposition Progress: 42.95302013422819
2026/03/19 05:47:38 structure,line: 2132     INFO | Adding bonds...
2026/03/19 05:47:38 structure,line: 2135     INFO | Adding angles...
2026/03/19 05:47:38 structure,line: 2138     INFO | Adding dihedrals...
2026/03/19 05:47:38 structure,line: 2141     INFO | Adding Ryckaert-Bellemans torsions...
2026/03/19 05:47:38 structure,line: 2143     INFO | Adding Urey-Bradleys...
2026/03/19 05:47:38 structure,line: 2145     INFO | Adding improper torsions...
2026/03/19 05:47:38 structure,line: 2147     INFO | Adding CMAP torsions...
2026/03/19 05:47:38 structure,line: 2149     INFO | Adding trigonal angle terms...
2026/03/19 05:47:38 structure,line: 2151     INFO | Adding out-of-plane bends...
2026/03/19 05:47:38 structure,line: 2153     INFO | Adding pi-torsions...
2026/03/19 05:47:38 structure,line: 2155     INFO | Adding stretch-bends...
2026/03/19 05:47:38 structure,line: 2157     INFO | Adding torsion-torsions...
2026/03/19 05:47:38 structure,line: 2159     INFO | Adding Nonbonded force...
2026/03/19 05:47:38 energy_component,line: 338 DECOMPOSE | Decomposed Res Num: 193, Total Res Num: 447, Decomposition Progress: 43.17673378076063
2026/03/19 05:47:39 structure,line: 2132     INFO | Adding bonds...
2026/03/19 05:47:39 structure,line: 2135     INFO | Adding angles...
2026/03/19 05:47:39 structure,line: 2138     INFO | Adding dihedrals...
2026/03/19 05:47:39 structure,line: 2141     INFO | Adding Ryckaert-Bellemans torsions...
2026/03/19 05:47:39 structure,line: 2143     INFO | Adding Urey-Bradleys...
2026/03/19 05:47:39 structure,line: 2145     INFO | Adding improper torsions...
2026/03/19 05:47:39 structure,line: 2147     INFO | Adding CMAP torsions...
2026/03/19 05:47:39 structure,line: 2149     INFO | Adding trigonal angle terms...
2026/03/19 05:47:39 structure,line: 2151     INFO | Adding out-of-plane bends...
2026/03/19 05:47:39 structure,line: 2153     INFO | Adding pi-torsions...
2026/03/19 05:47:39 structure,line: 2155     INFO | Adding stretch-bends...
2026/03/19 05:47:39 structure,line: 2157     INFO | Adding torsion-torsions...
2026/03/19 05:47:39 structure,line: 2159     INFO | Adding Nonbonded force...
2026/03/19 05:47:39 energy_component,line: 338 DECOMPOSE | Decomposed Res Num: 194, Total Res Num: 447, Decomposition Progress: 43.40044742729307
2026/03/19 05:47:40 structure,line: 2132     INFO | Adding bonds...
2026/03/19 05:47:40 structure,line: 2135     INFO | Adding angles...
2026/03/19 05:47:40 structure,line: 2138     INFO | Adding dihedrals...
2026/03/19 05:47:40 structure,line: 2141     INFO | Adding Ryckaert-Bellemans torsions...
2026/03/19 05:47:40 structure,line: 2143     INFO | Adding Urey-Bradleys...
2026/03/19 05:47:40 structure,line: 2145     INFO | Adding improper torsions...
2026/03/19 05:47:40 structure,line: 2147     INFO | Adding CMAP torsions...
2026/03/19 05:47:40 structure,line: 2149     INFO | Adding trigonal angle terms...
2026/03/19 05:47:40 structure,line: 2151     INFO | Adding out-of-plane bends...
2026/03/19 05:47:40 structure,line: 2153     INFO | Adding pi-torsions...
2026/03/19 05:47:40 structure,line: 2155     INFO | Adding stretch-bends...
2026/03/19 05:47:40 structure,line: 2157     INFO | Adding torsion-torsions...
2026/03/19 05:47:40 structure,line: 2159     INFO | Adding Nonbonded force...
2026/03/19 05:47:40 energy_component,line: 338 DECOMPOSE | Decomposed Res Num: 195, Total Res Num: 447, Decomposition Progress: 43.624161073825505
2026/03/19 05:47:43 structure,line: 2132     INFO | Adding bonds...
2026/03/19 05:47:43 structure,line: 2135     INFO | Adding angles...
2026/03/19 05:47:43 structure,line: 2138     INFO | Adding dihedrals...
2026/03/19 05:47:43 structure,line: 2141     INFO | Adding Ryckaert-Bellemans torsions...
2026/03/19 05:47:43 structure,line: 2143     INFO | Adding Urey-Bradleys...
2026/03/19 05:47:43 structure,line: 2145     INFO | Adding improper torsions...
2026/03/19 05:47:43 structure,line: 2147     INFO | Adding CMAP torsions...
2026/03/19 05:47:43 structure,line: 2149     INFO | Adding trigonal angle terms...
2026/03/19 05:47:43 structure,line: 2151     INFO | Adding out-of-plane bends...
2026/03/19 05:47:43 structure,line: 2153     INFO | Adding pi-torsions...
2026/03/19 05:47:43 structure,line: 2155     INFO | Adding stretch-bends...
2026/03/19 05:47:43 structure,line: 2157     INFO | Adding torsion-torsions...
2026/03/19 05:47:43 structure,line: 2159     INFO | Adding Nonbonded force...
2026/03/19 05:47:43 energy_component,line: 338 DECOMPOSE | Decomposed Res Num: 196, Total Res Num: 447, Decomposition Progress: 43.84787472035794
2026/03/19 05:47:44 structure,line: 2132     INFO | Adding bonds...
2026/03/19 05:47:44 structure,line: 2135     INFO | Adding angles...
2026/03/19 05:47:44 structure,line: 2138     INFO | Adding dihedrals...
2026/03/19 05:47:44 structure,line: 2141     INFO | Adding Ryckaert-Bellemans torsions...
2026/03/19 05:47:44 structure,line: 2143     INFO | Adding Urey-Bradleys...
2026/03/19 05:47:44 structure,line: 2145     INFO | Adding improper torsions...
2026/03/19 05:47:44 structure,line: 2147     INFO | Adding CMAP torsions...
2026/03/19 05:47:44 structure,line: 2149     INFO | Adding trigonal angle terms...
2026/03/19 05:47:44 structure,line: 2151     INFO | Adding out-of-plane bends...
2026/03/19 05:47:44 structure,line: 2153     INFO | Adding pi-torsions...
2026/03/19 05:47:44 structure,line: 2155     INFO | Adding stretch-bends...
2026/03/19 05:47:44 structure,line: 2157     INFO | Adding torsion-torsions...
2026/03/19 05:47:44 structure,line: 2159     INFO | Adding Nonbonded force...
2026/03/19 05:47:44 energy_component,line: 338 DECOMPOSE | Decomposed Res Num: 197, Total Res Num: 447, Decomposition Progress: 44.07158836689038
2026/03/19 05:47:45 structure,line: 2132     INFO | Adding bonds...
2026/03/19 05:47:45 structure,line: 2135     INFO | Adding angles...
2026/03/19 05:47:45 structure,line: 2138     INFO | Adding dihedrals...
2026/03/19 05:47:45 structure,line: 2141     INFO | Adding Ryckaert-Bellemans torsions...
2026/03/19 05:47:45 structure,line: 2143     INFO | Adding Urey-Bradleys...
2026/03/19 05:47:45 structure,line: 2145     INFO | Adding improper torsions...
2026/03/19 05:47:45 structure,line: 2147     INFO | Adding CMAP torsions...
2026/03/19 05:47:45 structure,line: 2149     INFO | Adding trigonal angle terms...
2026/03/19 05:47:45 structure,line: 2151     INFO | Adding out-of-plane bends...
2026/03/19 05:47:45 structure,line: 2153     INFO | Adding pi-torsions...
2026/03/19 05:47:45 structure,line: 2155     INFO | Adding stretch-bends...
2026/03/19 05:47:45 structure,line: 2157     INFO | Adding torsion-torsions...
2026/03/19 05:47:45 structure,line: 2159     INFO | Adding Nonbonded force...
2026/03/19 05:47:45 energy_component,line: 338 DECOMPOSE | Decomposed Res Num: 198, Total Res Num: 447, Decomposition Progress: 44.29530201342282
2026/03/19 05:47:46 structure,line: 2132     INFO | Adding bonds...
2026/03/19 05:47:46 structure,line: 2135     INFO | Adding angles...
2026/03/19 05:47:46 structure,line: 2138     INFO | Adding dihedrals...
2026/03/19 05:47:46 structure,line: 2141     INFO | Adding Ryckaert-Bellemans torsions...
2026/03/19 05:47:46 structure,line: 2143     INFO | Adding Urey-Bradleys...
2026/03/19 05:47:46 structure,line: 2145     INFO | Adding improper torsions...
2026/03/19 05:47:46 structure,line: 2147     INFO | Adding CMAP torsions...
2026/03/19 05:47:46 structure,line: 2149     INFO | Adding trigonal angle terms...
2026/03/19 05:47:46 structure,line: 2151     INFO | Adding out-of-plane bends...
2026/03/19 05:47:46 structure,line: 2153     INFO | Adding pi-torsions...
2026/03/19 05:47:46 structure,line: 2155     INFO | Adding stretch-bends...
2026/03/19 05:47:46 structure,line: 2157     INFO | Adding torsion-torsions...
2026/03/19 05:47:46 structure,line: 2159     INFO | Adding Nonbonded force...
2026/03/19 05:47:46 energy_component,line: 338 DECOMPOSE | Decomposed Res Num: 199, Total Res Num: 447, Decomposition Progress: 44.51901565995526
2026/03/19 05:47:46 structure,line: 2132     INFO | Adding bonds...
2026/03/19 05:47:46 structure,line: 2135     INFO | Adding angles...
2026/03/19 05:47:46 structure,line: 2138     INFO | Adding dihedrals...
2026/03/19 05:47:46 structure,line: 2141     INFO | Adding Ryckaert-Bellemans torsions...
2026/03/19 05:47:46 structure,line: 2143     INFO | Adding Urey-Bradleys...
2026/03/19 05:47:46 structure,line: 2145     INFO | Adding improper torsions...
2026/03/19 05:47:46 structure,line: 2147     INFO | Adding CMAP torsions...
2026/03/19 05:47:46 structure,line: 2149     INFO | Adding trigonal angle terms...
2026/03/19 05:47:46 structure,line: 2151     INFO | Adding out-of-plane bends...
2026/03/19 05:47:46 structure,line: 2153     INFO | Adding pi-torsions...
2026/03/19 05:47:46 structure,line: 2155     INFO | Adding stretch-bends...
2026/03/19 05:47:46 structure,line: 2157     INFO | Adding torsion-torsions...
2026/03/19 05:47:46 structure,line: 2159     INFO | Adding Nonbonded force...
2026/03/19 05:47:47 energy_component,line: 338 DECOMPOSE | Decomposed Res Num: 200, Total Res Num: 447, Decomposition Progress: 44.742729306487696
2026/03/19 05:47:47 structure,line: 2132     INFO | Adding bonds...
2026/03/19 05:47:47 structure,line: 2135     INFO | Adding angles...
2026/03/19 05:47:47 structure,line: 2138     INFO | Adding dihedrals...
2026/03/19 05:47:47 structure,line: 2141     INFO | Adding Ryckaert-Bellemans torsions...
2026/03/19 05:47:47 structure,line: 2143     INFO | Adding Urey-Bradleys...
2026/03/19 05:47:47 structure,line: 2145     INFO | Adding improper torsions...
2026/03/19 05:47:47 structure,line: 2147     INFO | Adding CMAP torsions...
2026/03/19 05:47:47 structure,line: 2149     INFO | Adding trigonal angle terms...
2026/03/19 05:47:47 structure,line: 2151     INFO | Adding out-of-plane bends...
2026/03/19 05:47:47 structure,line: 2153     INFO | Adding pi-torsions...
2026/03/19 05:47:47 structure,line: 2155     INFO | Adding stretch-bends...
2026/03/19 05:47:47 structure,line: 2157     INFO | Adding torsion-torsions...
2026/03/19 05:47:47 structure,line: 2159     INFO | Adding Nonbonded force...
2026/03/19 05:47:47 energy_component,line: 338 DECOMPOSE | Decomposed Res Num: 201, Total Res Num: 447, Decomposition Progress: 44.966442953020135
2026/03/19 05:47:48 structure,line: 2132     INFO | Adding bonds...
2026/03/19 05:47:48 structure,line: 2135     INFO | Adding angles...
2026/03/19 05:47:48 structure,line: 2138     INFO | Adding dihedrals...
2026/03/19 05:47:48 structure,line: 2141     INFO | Adding Ryckaert-Bellemans torsions...
2026/03/19 05:47:48 structure,line: 2143     INFO | Adding Urey-Bradleys...
2026/03/19 05:47:48 structure,line: 2145     INFO | Adding improper torsions...
2026/03/19 05:47:48 structure,line: 2147     INFO | Adding CMAP torsions...
2026/03/19 05:47:48 structure,line: 2149     INFO | Adding trigonal angle terms...
2026/03/19 05:47:48 structure,line: 2151     INFO | Adding out-of-plane bends...
2026/03/19 05:47:48 structure,line: 2153     INFO | Adding pi-torsions...
2026/03/19 05:47:48 structure,line: 2155     INFO | Adding stretch-bends...
2026/03/19 05:47:48 structure,line: 2157     INFO | Adding torsion-torsions...
2026/03/19 05:47:48 structure,line: 2159     INFO | Adding Nonbonded force...
2026/03/19 05:47:48 energy_component,line: 338 DECOMPOSE | Decomposed Res Num: 202, Total Res Num: 447, Decomposition Progress: 45.19015659955257
2026/03/19 05:47:49 structure,line: 2132     INFO | Adding bonds...
2026/03/19 05:47:49 structure,line: 2135     INFO | Adding angles...
2026/03/19 05:47:49 structure,line: 2138     INFO | Adding dihedrals...
2026/03/19 05:47:49 structure,line: 2141     INFO | Adding Ryckaert-Bellemans torsions...
2026/03/19 05:47:49 structure,line: 2143     INFO | Adding Urey-Bradleys...
2026/03/19 05:47:49 structure,line: 2145     INFO | Adding improper torsions...
2026/03/19 05:47:49 structure,line: 2147     INFO | Adding CMAP torsions...
2026/03/19 05:47:49 structure,line: 2149     INFO | Adding trigonal angle terms...
2026/03/19 05:47:49 structure,line: 2151     INFO | Adding out-of-plane bends...
2026/03/19 05:47:49 structure,line: 2153     INFO | Adding pi-torsions...
2026/03/19 05:47:49 structure,line: 2155     INFO | Adding stretch-bends...
2026/03/19 05:47:49 structure,line: 2157     INFO | Adding torsion-torsions...
2026/03/19 05:47:49 structure,line: 2159     INFO | Adding Nonbonded force...
2026/03/19 05:47:49 energy_component,line: 338 DECOMPOSE | Decomposed Res Num: 203, Total Res Num: 447, Decomposition Progress: 45.41387024608501
2026/03/19 05:47:50 structure,line: 2132     INFO | Adding bonds...
2026/03/19 05:47:50 structure,line: 2135     INFO | Adding angles...
2026/03/19 05:47:50 structure,line: 2138     INFO | Adding dihedrals...
2026/03/19 05:47:50 structure,line: 2141     INFO | Adding Ryckaert-Bellemans torsions...
2026/03/19 05:47:50 structure,line: 2143     INFO | Adding Urey-Bradleys...
2026/03/19 05:47:50 structure,line: 2145     INFO | Adding improper torsions...
2026/03/19 05:47:50 structure,line: 2147     INFO | Adding CMAP torsions...
2026/03/19 05:47:50 structure,line: 2149     INFO | Adding trigonal angle terms...
2026/03/19 05:47:50 structure,line: 2151     INFO | Adding out-of-plane bends...
2026/03/19 05:47:50 structure,line: 2153     INFO | Adding pi-torsions...
2026/03/19 05:47:50 structure,line: 2155     INFO | Adding stretch-bends...
2026/03/19 05:47:50 structure,line: 2157     INFO | Adding torsion-torsions...
2026/03/19 05:47:50 structure,line: 2159     INFO | Adding Nonbonded force...
2026/03/19 05:47:50 energy_component,line: 338 DECOMPOSE | Decomposed Res Num: 204, Total Res Num: 447, Decomposition Progress: 45.63758389261745
2026/03/19 05:47:50 structure,line: 2132     INFO | Adding bonds...
2026/03/19 05:47:50 structure,line: 2135     INFO | Adding angles...
2026/03/19 05:47:50 structure,line: 2138     INFO | Adding dihedrals...
2026/03/19 05:47:50 structure,line: 2141     INFO | Adding Ryckaert-Bellemans torsions...
2026/03/19 05:47:50 structure,line: 2143     INFO | Adding Urey-Bradleys...
2026/03/19 05:47:50 structure,line: 2145     INFO | Adding improper torsions...
2026/03/19 05:47:50 structure,line: 2147     INFO | Adding CMAP torsions...
2026/03/19 05:47:50 structure,line: 2149     INFO | Adding trigonal angle terms...
2026/03/19 05:47:50 structure,line: 2151     INFO | Adding out-of-plane bends...
2026/03/19 05:47:50 structure,line: 2153     INFO | Adding pi-torsions...
2026/03/19 05:47:50 structure,line: 2155     INFO | Adding stretch-bends...
2026/03/19 05:47:50 structure,line: 2157     INFO | Adding torsion-torsions...
2026/03/19 05:47:50 structure,line: 2159     INFO | Adding Nonbonded force...
2026/03/19 05:47:51 energy_component,line: 338 DECOMPOSE | Decomposed Res Num: 205, Total Res Num: 447, Decomposition Progress: 45.86129753914989
2026/03/19 05:47:51 structure,line: 2132     INFO | Adding bonds...
2026/03/19 05:47:51 structure,line: 2135     INFO | Adding angles...
2026/03/19 05:47:51 structure,line: 2138     INFO | Adding dihedrals...
2026/03/19 05:47:51 structure,line: 2141     INFO | Adding Ryckaert-Bellemans torsions...
2026/03/19 05:47:51 structure,line: 2143     INFO | Adding Urey-Bradleys...
2026/03/19 05:47:51 structure,line: 2145     INFO | Adding improper torsions...
2026/03/19 05:47:51 structure,line: 2147     INFO | Adding CMAP torsions...
2026/03/19 05:47:51 structure,line: 2149     INFO | Adding trigonal angle terms...
2026/03/19 05:47:51 structure,line: 2151     INFO | Adding out-of-plane bends...
2026/03/19 05:47:51 structure,line: 2153     INFO | Adding pi-torsions...
2026/03/19 05:47:51 structure,line: 2155     INFO | Adding stretch-bends...
2026/03/19 05:47:51 structure,line: 2157     INFO | Adding torsion-torsions...
2026/03/19 05:47:51 structure,line: 2159     INFO | Adding Nonbonded force...
2026/03/19 05:47:51 energy_component,line: 338 DECOMPOSE | Decomposed Res Num: 206, Total Res Num: 447, Decomposition Progress: 46.085011185682326
2026/03/19 05:47:52 structure,line: 2132     INFO | Adding bonds...
2026/03/19 05:47:52 structure,line: 2135     INFO | Adding angles...
2026/03/19 05:47:52 structure,line: 2138     INFO | Adding dihedrals...
2026/03/19 05:47:52 structure,line: 2141     INFO | Adding Ryckaert-Bellemans torsions...
2026/03/19 05:47:52 structure,line: 2143     INFO | Adding Urey-Bradleys...
2026/03/19 05:47:52 structure,line: 2145     INFO | Adding improper torsions...
2026/03/19 05:47:52 structure,line: 2147     INFO | Adding CMAP torsions...
2026/03/19 05:47:52 structure,line: 2149     INFO | Adding trigonal angle terms...
2026/03/19 05:47:52 structure,line: 2151     INFO | Adding out-of-plane bends...
2026/03/19 05:47:52 structure,line: 2153     INFO | Adding pi-torsions...
2026/03/19 05:47:52 structure,line: 2155     INFO | Adding stretch-bends...
2026/03/19 05:47:52 structure,line: 2157     INFO | Adding torsion-torsions...
2026/03/19 05:47:52 structure,line: 2159     INFO | Adding Nonbonded force...
2026/03/19 05:47:52 energy_component,line: 338 DECOMPOSE | Decomposed Res Num: 207, Total Res Num: 447, Decomposition Progress: 46.308724832214764
2026/03/19 05:47:53 structure,line: 2132     INFO | Adding bonds...
2026/03/19 05:47:53 structure,line: 2135     INFO | Adding angles...
2026/03/19 05:47:53 structure,line: 2138     INFO | Adding dihedrals...
2026/03/19 05:47:53 structure,line: 2141     INFO | Adding Ryckaert-Bellemans torsions...
2026/03/19 05:47:53 structure,line: 2143     INFO | Adding Urey-Bradleys...
2026/03/19 05:47:53 structure,line: 2145     INFO | Adding improper torsions...
2026/03/19 05:47:53 structure,line: 2147     INFO | Adding CMAP torsions...
2026/03/19 05:47:53 structure,line: 2149     INFO | Adding trigonal angle terms...
2026/03/19 05:47:53 structure,line: 2151     INFO | Adding out-of-plane bends...
2026/03/19 05:47:53 structure,line: 2153     INFO | Adding pi-torsions...
2026/03/19 05:47:53 structure,line: 2155     INFO | Adding stretch-bends...
2026/03/19 05:47:53 structure,line: 2157     INFO | Adding torsion-torsions...
2026/03/19 05:47:53 structure,line: 2159     INFO | Adding Nonbonded force...
2026/03/19 05:47:53 energy_component,line: 338 DECOMPOSE | Decomposed Res Num: 208, Total Res Num: 447, Decomposition Progress: 46.5324384787472
2026/03/19 05:47:54 structure,line: 2132     INFO | Adding bonds...
2026/03/19 05:47:54 structure,line: 2135     INFO | Adding angles...
2026/03/19 05:47:54 structure,line: 2138     INFO | Adding dihedrals...
2026/03/19 05:47:54 structure,line: 2141     INFO | Adding Ryckaert-Bellemans torsions...
2026/03/19 05:47:54 structure,line: 2143     INFO | Adding Urey-Bradleys...
2026/03/19 05:47:54 structure,line: 2145     INFO | Adding improper torsions...
2026/03/19 05:47:54 structure,line: 2147     INFO | Adding CMAP torsions...
2026/03/19 05:47:54 structure,line: 2149     INFO | Adding trigonal angle terms...
2026/03/19 05:47:54 structure,line: 2151     INFO | Adding out-of-plane bends...
2026/03/19 05:47:54 structure,line: 2153     INFO | Adding pi-torsions...
2026/03/19 05:47:54 structure,line: 2155     INFO | Adding stretch-bends...
2026/03/19 05:47:54 structure,line: 2157     INFO | Adding torsion-torsions...
2026/03/19 05:47:54 structure,line: 2159     INFO | Adding Nonbonded force...
2026/03/19 05:47:54 energy_component,line: 338 DECOMPOSE | Decomposed Res Num: 209, Total Res Num: 447, Decomposition Progress: 46.75615212527964
2026/03/19 05:47:54 structure,line: 2132     INFO | Adding bonds...
2026/03/19 05:47:54 structure,line: 2135     INFO | Adding angles...
2026/03/19 05:47:54 structure,line: 2138     INFO | Adding dihedrals...
2026/03/19 05:47:54 structure,line: 2141     INFO | Adding Ryckaert-Bellemans torsions...
2026/03/19 05:47:54 structure,line: 2143     INFO | Adding Urey-Bradleys...
2026/03/19 05:47:54 structure,line: 2145     INFO | Adding improper torsions...
2026/03/19 05:47:54 structure,line: 2147     INFO | Adding CMAP torsions...
2026/03/19 05:47:54 structure,line: 2149     INFO | Adding trigonal angle terms...
2026/03/19 05:47:54 structure,line: 2151     INFO | Adding out-of-plane bends...
2026/03/19 05:47:54 structure,line: 2153     INFO | Adding pi-torsions...
2026/03/19 05:47:54 structure,line: 2155     INFO | Adding stretch-bends...
2026/03/19 05:47:54 structure,line: 2157     INFO | Adding torsion-torsions...
2026/03/19 05:47:54 structure,line: 2159     INFO | Adding Nonbonded force...
2026/03/19 05:47:55 energy_component,line: 338 DECOMPOSE | Decomposed Res Num: 210, Total Res Num: 447, Decomposition Progress: 46.97986577181208
2026/03/19 05:47:58 structure,line: 2132     INFO | Adding bonds...
2026/03/19 05:47:58 structure,line: 2135     INFO | Adding angles...
2026/03/19 05:47:58 structure,line: 2138     INFO | Adding dihedrals...
2026/03/19 05:47:58 structure,line: 2141     INFO | Adding Ryckaert-Bellemans torsions...
2026/03/19 05:47:58 structure,line: 2143     INFO | Adding Urey-Bradleys...
2026/03/19 05:47:58 structure,line: 2145     INFO | Adding improper torsions...
2026/03/19 05:47:58 structure,line: 2147     INFO | Adding CMAP torsions...
2026/03/19 05:47:58 structure,line: 2149     INFO | Adding trigonal angle terms...
2026/03/19 05:47:58 structure,line: 2151     INFO | Adding out-of-plane bends...
2026/03/19 05:47:58 structure,line: 2153     INFO | Adding pi-torsions...
2026/03/19 05:47:58 structure,line: 2155     INFO | Adding stretch-bends...
2026/03/19 05:47:58 structure,line: 2157     INFO | Adding torsion-torsions...
2026/03/19 05:47:58 structure,line: 2159     INFO | Adding Nonbonded force...
2026/03/19 05:47:58 energy_component,line: 338 DECOMPOSE | Decomposed Res Num: 211, Total Res Num: 447, Decomposition Progress: 47.20357941834452
2026/03/19 05:47:59 structure,line: 2132     INFO | Adding bonds...
2026/03/19 05:47:59 structure,line: 2135     INFO | Adding angles...
2026/03/19 05:47:59 structure,line: 2138     INFO | Adding dihedrals...
2026/03/19 05:47:59 structure,line: 2141     INFO | Adding Ryckaert-Bellemans torsions...
2026/03/19 05:47:59 structure,line: 2143     INFO | Adding Urey-Bradleys...
2026/03/19 05:47:59 structure,line: 2145     INFO | Adding improper torsions...
2026/03/19 05:47:59 structure,line: 2147     INFO | Adding CMAP torsions...
2026/03/19 05:47:59 structure,line: 2149     INFO | Adding trigonal angle terms...
2026/03/19 05:47:59 structure,line: 2151     INFO | Adding out-of-plane bends...
2026/03/19 05:47:59 structure,line: 2153     INFO | Adding pi-torsions...
2026/03/19 05:47:59 structure,line: 2155     INFO | Adding stretch-bends...
2026/03/19 05:47:59 structure,line: 2157     INFO | Adding torsion-torsions...
2026/03/19 05:47:59 structure,line: 2159     INFO | Adding Nonbonded force...
2026/03/19 05:47:59 energy_component,line: 338 DECOMPOSE | Decomposed Res Num: 212, Total Res Num: 447, Decomposition Progress: 47.427293064876956
2026/03/19 05:47:59 structure,line: 2132     INFO | Adding bonds...
2026/03/19 05:47:59 structure,line: 2135     INFO | Adding angles...
2026/03/19 05:47:59 structure,line: 2138     INFO | Adding dihedrals...
2026/03/19 05:47:59 structure,line: 2141     INFO | Adding Ryckaert-Bellemans torsions...
2026/03/19 05:47:59 structure,line: 2143     INFO | Adding Urey-Bradleys...
2026/03/19 05:47:59 structure,line: 2145     INFO | Adding improper torsions...
2026/03/19 05:47:59 structure,line: 2147     INFO | Adding CMAP torsions...
2026/03/19 05:47:59 structure,line: 2149     INFO | Adding trigonal angle terms...
2026/03/19 05:47:59 structure,line: 2151     INFO | Adding out-of-plane bends...
2026/03/19 05:47:59 structure,line: 2153     INFO | Adding pi-torsions...
2026/03/19 05:47:59 structure,line: 2155     INFO | Adding stretch-bends...
2026/03/19 05:47:59 structure,line: 2157     INFO | Adding torsion-torsions...
2026/03/19 05:47:59 structure,line: 2159     INFO | Adding Nonbonded force...
2026/03/19 05:48:00 energy_component,line: 338 DECOMPOSE | Decomposed Res Num: 213, Total Res Num: 447, Decomposition Progress: 47.651006711409394
2026/03/19 05:48:00 structure,line: 2132     INFO | Adding bonds...
2026/03/19 05:48:00 structure,line: 2135     INFO | Adding angles...
2026/03/19 05:48:00 structure,line: 2138     INFO | Adding dihedrals...
2026/03/19 05:48:00 structure,line: 2141     INFO | Adding Ryckaert-Bellemans torsions...
2026/03/19 05:48:00 structure,line: 2143     INFO | Adding Urey-Bradleys...
2026/03/19 05:48:00 structure,line: 2145     INFO | Adding improper torsions...
2026/03/19 05:48:00 structure,line: 2147     INFO | Adding CMAP torsions...
2026/03/19 05:48:00 structure,line: 2149     INFO | Adding trigonal angle terms...
2026/03/19 05:48:00 structure,line: 2151     INFO | Adding out-of-plane bends...
2026/03/19 05:48:00 structure,line: 2153     INFO | Adding pi-torsions...
2026/03/19 05:48:00 structure,line: 2155     INFO | Adding stretch-bends...
2026/03/19 05:48:00 structure,line: 2157     INFO | Adding torsion-torsions...
2026/03/19 05:48:00 structure,line: 2159     INFO | Adding Nonbonded force...
2026/03/19 05:48:00 energy_component,line: 338 DECOMPOSE | Decomposed Res Num: 214, Total Res Num: 447, Decomposition Progress: 47.87472035794183
2026/03/19 05:48:01 structure,line: 2132     INFO | Adding bonds...
2026/03/19 05:48:01 structure,line: 2135     INFO | Adding angles...
2026/03/19 05:48:01 structure,line: 2138     INFO | Adding dihedrals...
2026/03/19 05:48:01 structure,line: 2141     INFO | Adding Ryckaert-Bellemans torsions...
2026/03/19 05:48:01 structure,line: 2143     INFO | Adding Urey-Bradleys...
2026/03/19 05:48:01 structure,line: 2145     INFO | Adding improper torsions...
2026/03/19 05:48:01 structure,line: 2147     INFO | Adding CMAP torsions...
2026/03/19 05:48:01 structure,line: 2149     INFO | Adding trigonal angle terms...
2026/03/19 05:48:01 structure,line: 2151     INFO | Adding out-of-plane bends...
2026/03/19 05:48:01 structure,line: 2153     INFO | Adding pi-torsions...
2026/03/19 05:48:01 structure,line: 2155     INFO | Adding stretch-bends...
2026/03/19 05:48:01 structure,line: 2157     INFO | Adding torsion-torsions...
2026/03/19 05:48:01 structure,line: 2159     INFO | Adding Nonbonded force...
2026/03/19 05:48:01 energy_component,line: 338 DECOMPOSE | Decomposed Res Num: 215, Total Res Num: 447, Decomposition Progress: 48.09843400447427
2026/03/19 05:48:02 structure,line: 2132     INFO | Adding bonds...
2026/03/19 05:48:02 structure,line: 2135     INFO | Adding angles...
2026/03/19 05:48:02 structure,line: 2138     INFO | Adding dihedrals...
2026/03/19 05:48:02 structure,line: 2141     INFO | Adding Ryckaert-Bellemans torsions...
2026/03/19 05:48:02 structure,line: 2143     INFO | Adding Urey-Bradleys...
2026/03/19 05:48:02 structure,line: 2145     INFO | Adding improper torsions...
2026/03/19 05:48:02 structure,line: 2147     INFO | Adding CMAP torsions...
2026/03/19 05:48:02 structure,line: 2149     INFO | Adding trigonal angle terms...
2026/03/19 05:48:02 structure,line: 2151     INFO | Adding out-of-plane bends...
2026/03/19 05:48:02 structure,line: 2153     INFO | Adding pi-torsions...
2026/03/19 05:48:02 structure,line: 2155     INFO | Adding stretch-bends...
2026/03/19 05:48:02 structure,line: 2157     INFO | Adding torsion-torsions...
2026/03/19 05:48:02 structure,line: 2159     INFO | Adding Nonbonded force...
2026/03/19 05:48:02 energy_component,line: 338 DECOMPOSE | Decomposed Res Num: 216, Total Res Num: 447, Decomposition Progress: 48.322147651006716
2026/03/19 05:48:03 structure,line: 2132     INFO | Adding bonds...
2026/03/19 05:48:03 structure,line: 2135     INFO | Adding angles...
2026/03/19 05:48:03 structure,line: 2138     INFO | Adding dihedrals...
2026/03/19 05:48:03 structure,line: 2141     INFO | Adding Ryckaert-Bellemans torsions...
2026/03/19 05:48:03 structure,line: 2143     INFO | Adding Urey-Bradleys...
2026/03/19 05:48:03 structure,line: 2145     INFO | Adding improper torsions...
2026/03/19 05:48:03 structure,line: 2147     INFO | Adding CMAP torsions...
2026/03/19 05:48:03 structure,line: 2149     INFO | Adding trigonal angle terms...
2026/03/19 05:48:03 structure,line: 2151     INFO | Adding out-of-plane bends...
2026/03/19 05:48:03 structure,line: 2153     INFO | Adding pi-torsions...
2026/03/19 05:48:03 structure,line: 2155     INFO | Adding stretch-bends...
2026/03/19 05:48:03 structure,line: 2157     INFO | Adding torsion-torsions...
2026/03/19 05:48:03 structure,line: 2159     INFO | Adding Nonbonded force...
2026/03/19 05:48:03 energy_component,line: 338 DECOMPOSE | Decomposed Res Num: 217, Total Res Num: 447, Decomposition Progress: 48.54586129753915
2026/03/19 05:48:03 structure,line: 2132     INFO | Adding bonds...
2026/03/19 05:48:03 structure,line: 2135     INFO | Adding angles...
2026/03/19 05:48:03 structure,line: 2138     INFO | Adding dihedrals...
2026/03/19 05:48:03 structure,line: 2141     INFO | Adding Ryckaert-Bellemans torsions...
2026/03/19 05:48:03 structure,line: 2143     INFO | Adding Urey-Bradleys...
2026/03/19 05:48:03 structure,line: 2145     INFO | Adding improper torsions...
2026/03/19 05:48:03 structure,line: 2147     INFO | Adding CMAP torsions...
2026/03/19 05:48:03 structure,line: 2149     INFO | Adding trigonal angle terms...
2026/03/19 05:48:03 structure,line: 2151     INFO | Adding out-of-plane bends...
2026/03/19 05:48:03 structure,line: 2153     INFO | Adding pi-torsions...
2026/03/19 05:48:03 structure,line: 2155     INFO | Adding stretch-bends...
2026/03/19 05:48:03 structure,line: 2157     INFO | Adding torsion-torsions...
2026/03/19 05:48:03 structure,line: 2159     INFO | Adding Nonbonded force...
2026/03/19 05:48:04 energy_component,line: 338 DECOMPOSE | Decomposed Res Num: 218, Total Res Num: 447, Decomposition Progress: 48.769574944071586
2026/03/19 05:48:04 structure,line: 2132     INFO | Adding bonds...
2026/03/19 05:48:04 structure,line: 2135     INFO | Adding angles...
2026/03/19 05:48:04 structure,line: 2138     INFO | Adding dihedrals...
2026/03/19 05:48:04 structure,line: 2141     INFO | Adding Ryckaert-Bellemans torsions...
2026/03/19 05:48:04 structure,line: 2143     INFO | Adding Urey-Bradleys...
2026/03/19 05:48:04 structure,line: 2145     INFO | Adding improper torsions...
2026/03/19 05:48:04 structure,line: 2147     INFO | Adding CMAP torsions...
2026/03/19 05:48:04 structure,line: 2149     INFO | Adding trigonal angle terms...
2026/03/19 05:48:04 structure,line: 2151     INFO | Adding out-of-plane bends...
2026/03/19 05:48:04 structure,line: 2153     INFO | Adding pi-torsions...
2026/03/19 05:48:04 structure,line: 2155     INFO | Adding stretch-bends...
2026/03/19 05:48:04 structure,line: 2157     INFO | Adding torsion-torsions...
2026/03/19 05:48:04 structure,line: 2159     INFO | Adding Nonbonded force...
2026/03/19 05:48:04 energy_component,line: 338 DECOMPOSE | Decomposed Res Num: 219, Total Res Num: 447, Decomposition Progress: 48.99328859060403
2026/03/19 05:48:05 structure,line: 2132     INFO | Adding bonds...
2026/03/19 05:48:05 structure,line: 2135     INFO | Adding angles...
2026/03/19 05:48:05 structure,line: 2138     INFO | Adding dihedrals...
2026/03/19 05:48:05 structure,line: 2141     INFO | Adding Ryckaert-Bellemans torsions...
2026/03/19 05:48:05 structure,line: 2143     INFO | Adding Urey-Bradleys...
2026/03/19 05:48:05 structure,line: 2145     INFO | Adding improper torsions...
2026/03/19 05:48:05 structure,line: 2147     INFO | Adding CMAP torsions...
2026/03/19 05:48:05 structure,line: 2149     INFO | Adding trigonal angle terms...
2026/03/19 05:48:05 structure,line: 2151     INFO | Adding out-of-plane bends...
2026/03/19 05:48:05 structure,line: 2153     INFO | Adding pi-torsions...
2026/03/19 05:48:05 structure,line: 2155     INFO | Adding stretch-bends...
2026/03/19 05:48:05 structure,line: 2157     INFO | Adding torsion-torsions...
2026/03/19 05:48:05 structure,line: 2159     INFO | Adding Nonbonded force...
2026/03/19 05:48:05 energy_component,line: 338 DECOMPOSE | Decomposed Res Num: 220, Total Res Num: 447, Decomposition Progress: 49.21700223713646
2026/03/19 05:48:06 structure,line: 2132     INFO | Adding bonds...
2026/03/19 05:48:06 structure,line: 2135     INFO | Adding angles...
2026/03/19 05:48:06 structure,line: 2138     INFO | Adding dihedrals...
2026/03/19 05:48:06 structure,line: 2141     INFO | Adding Ryckaert-Bellemans torsions...
2026/03/19 05:48:06 structure,line: 2143     INFO | Adding Urey-Bradleys...
2026/03/19 05:48:06 structure,line: 2145     INFO | Adding improper torsions...
2026/03/19 05:48:06 structure,line: 2147     INFO | Adding CMAP torsions...
2026/03/19 05:48:06 structure,line: 2149     INFO | Adding trigonal angle terms...
2026/03/19 05:48:06 structure,line: 2151     INFO | Adding out-of-plane bends...
2026/03/19 05:48:06 structure,line: 2153     INFO | Adding pi-torsions...
2026/03/19 05:48:06 structure,line: 2155     INFO | Adding stretch-bends...
2026/03/19 05:48:06 structure,line: 2157     INFO | Adding torsion-torsions...
2026/03/19 05:48:06 structure,line: 2159     INFO | Adding Nonbonded force...
2026/03/19 05:48:06 energy_component,line: 338 DECOMPOSE | Decomposed Res Num: 221, Total Res Num: 447, Decomposition Progress: 49.44071588366891
2026/03/19 05:48:07 structure,line: 2132     INFO | Adding bonds...
2026/03/19 05:48:07 structure,line: 2135     INFO | Adding angles...
2026/03/19 05:48:07 structure,line: 2138     INFO | Adding dihedrals...
2026/03/19 05:48:07 structure,line: 2141     INFO | Adding Ryckaert-Bellemans torsions...
2026/03/19 05:48:07 structure,line: 2143     INFO | Adding Urey-Bradleys...
2026/03/19 05:48:07 structure,line: 2145     INFO | Adding improper torsions...
2026/03/19 05:48:07 structure,line: 2147     INFO | Adding CMAP torsions...
2026/03/19 05:48:07 structure,line: 2149     INFO | Adding trigonal angle terms...
2026/03/19 05:48:07 structure,line: 2151     INFO | Adding out-of-plane bends...
2026/03/19 05:48:07 structure,line: 2153     INFO | Adding pi-torsions...
2026/03/19 05:48:07 structure,line: 2155     INFO | Adding stretch-bends...
2026/03/19 05:48:07 structure,line: 2157     INFO | Adding torsion-torsions...
2026/03/19 05:48:07 structure,line: 2159     INFO | Adding Nonbonded force...
2026/03/19 05:48:07 energy_component,line: 338 DECOMPOSE | Decomposed Res Num: 222, Total Res Num: 447, Decomposition Progress: 49.664429530201346
2026/03/19 05:48:07 structure,line: 2132     INFO | Adding bonds...
2026/03/19 05:48:07 structure,line: 2135     INFO | Adding angles...
2026/03/19 05:48:07 structure,line: 2138     INFO | Adding dihedrals...
2026/03/19 05:48:07 structure,line: 2141     INFO | Adding Ryckaert-Bellemans torsions...
2026/03/19 05:48:07 structure,line: 2143     INFO | Adding Urey-Bradleys...
2026/03/19 05:48:07 structure,line: 2145     INFO | Adding improper torsions...
2026/03/19 05:48:07 structure,line: 2147     INFO | Adding CMAP torsions...
2026/03/19 05:48:07 structure,line: 2149     INFO | Adding trigonal angle terms...
2026/03/19 05:48:07 structure,line: 2151     INFO | Adding out-of-plane bends...
2026/03/19 05:48:07 structure,line: 2153     INFO | Adding pi-torsions...
2026/03/19 05:48:07 structure,line: 2155     INFO | Adding stretch-bends...
2026/03/19 05:48:07 structure,line: 2157     INFO | Adding torsion-torsions...
2026/03/19 05:48:07 structure,line: 2159     INFO | Adding Nonbonded force...
2026/03/19 05:48:08 energy_component,line: 338 DECOMPOSE | Decomposed Res Num: 223, Total Res Num: 447, Decomposition Progress: 49.88814317673378
2026/03/19 05:48:08 structure,line: 2132     INFO | Adding bonds...
2026/03/19 05:48:08 structure,line: 2135     INFO | Adding angles...
2026/03/19 05:48:08 structure,line: 2138     INFO | Adding dihedrals...
2026/03/19 05:48:08 structure,line: 2141     INFO | Adding Ryckaert-Bellemans torsions...
2026/03/19 05:48:08 structure,line: 2143     INFO | Adding Urey-Bradleys...
2026/03/19 05:48:08 structure,line: 2145     INFO | Adding improper torsions...
2026/03/19 05:48:08 structure,line: 2147     INFO | Adding CMAP torsions...
2026/03/19 05:48:08 structure,line: 2149     INFO | Adding trigonal angle terms...
2026/03/19 05:48:08 structure,line: 2151     INFO | Adding out-of-plane bends...
2026/03/19 05:48:08 structure,line: 2153     INFO | Adding pi-torsions...
2026/03/19 05:48:08 structure,line: 2155     INFO | Adding stretch-bends...
2026/03/19 05:48:08 structure,line: 2157     INFO | Adding torsion-torsions...
2026/03/19 05:48:08 structure,line: 2159     INFO | Adding Nonbonded force...
2026/03/19 05:48:09 energy_component,line: 338 DECOMPOSE | Decomposed Res Num: 224, Total Res Num: 447, Decomposition Progress: 50.11185682326622
2026/03/19 05:48:09 structure,line: 2132     INFO | Adding bonds...
2026/03/19 05:48:09 structure,line: 2135     INFO | Adding angles...
2026/03/19 05:48:09 structure,line: 2138     INFO | Adding dihedrals...
2026/03/19 05:48:09 structure,line: 2141     INFO | Adding Ryckaert-Bellemans torsions...
2026/03/19 05:48:09 structure,line: 2143     INFO | Adding Urey-Bradleys...
2026/03/19 05:48:09 structure,line: 2145     INFO | Adding improper torsions...
2026/03/19 05:48:09 structure,line: 2147     INFO | Adding CMAP torsions...
2026/03/19 05:48:09 structure,line: 2149     INFO | Adding trigonal angle terms...
2026/03/19 05:48:09 structure,line: 2151     INFO | Adding out-of-plane bends...
2026/03/19 05:48:09 structure,line: 2153     INFO | Adding pi-torsions...
2026/03/19 05:48:09 structure,line: 2155     INFO | Adding stretch-bends...
2026/03/19 05:48:09 structure,line: 2157     INFO | Adding torsion-torsions...
2026/03/19 05:48:09 structure,line: 2159     INFO | Adding Nonbonded force...
2026/03/19 05:48:09 energy_component,line: 338 DECOMPOSE | Decomposed Res Num: 225, Total Res Num: 447, Decomposition Progress: 50.33557046979866
2026/03/19 05:48:10 structure,line: 2132     INFO | Adding bonds...
2026/03/19 05:48:10 structure,line: 2135     INFO | Adding angles...
2026/03/19 05:48:10 structure,line: 2138     INFO | Adding dihedrals...
2026/03/19 05:48:10 structure,line: 2141     INFO | Adding Ryckaert-Bellemans torsions...
2026/03/19 05:48:10 structure,line: 2143     INFO | Adding Urey-Bradleys...
2026/03/19 05:48:10 structure,line: 2145     INFO | Adding improper torsions...
2026/03/19 05:48:10 structure,line: 2147     INFO | Adding CMAP torsions...
2026/03/19 05:48:10 structure,line: 2149     INFO | Adding trigonal angle terms...
2026/03/19 05:48:10 structure,line: 2151     INFO | Adding out-of-plane bends...
2026/03/19 05:48:10 structure,line: 2153     INFO | Adding pi-torsions...
2026/03/19 05:48:10 structure,line: 2155     INFO | Adding stretch-bends...
2026/03/19 05:48:10 structure,line: 2157     INFO | Adding torsion-torsions...
2026/03/19 05:48:10 structure,line: 2159     INFO | Adding Nonbonded force...
2026/03/19 05:48:10 energy_component,line: 338 DECOMPOSE | Decomposed Res Num: 226, Total Res Num: 447, Decomposition Progress: 50.55928411633109
2026/03/19 05:48:13 structure,line: 2132     INFO | Adding bonds...
2026/03/19 05:48:13 structure,line: 2135     INFO | Adding angles...
2026/03/19 05:48:13 structure,line: 2138     INFO | Adding dihedrals...
2026/03/19 05:48:13 structure,line: 2141     INFO | Adding Ryckaert-Bellemans torsions...
2026/03/19 05:48:13 structure,line: 2143     INFO | Adding Urey-Bradleys...
2026/03/19 05:48:13 structure,line: 2145     INFO | Adding improper torsions...
2026/03/19 05:48:13 structure,line: 2147     INFO | Adding CMAP torsions...
2026/03/19 05:48:13 structure,line: 2149     INFO | Adding trigonal angle terms...
2026/03/19 05:48:13 structure,line: 2151     INFO | Adding out-of-plane bends...
2026/03/19 05:48:13 structure,line: 2153     INFO | Adding pi-torsions...
2026/03/19 05:48:13 structure,line: 2155     INFO | Adding stretch-bends...
2026/03/19 05:48:13 structure,line: 2157     INFO | Adding torsion-torsions...
2026/03/19 05:48:13 structure,line: 2159     INFO | Adding Nonbonded force...
2026/03/19 05:48:14 energy_component,line: 338 DECOMPOSE | Decomposed Res Num: 227, Total Res Num: 447, Decomposition Progress: 50.78299776286354
2026/03/19 05:48:14 structure,line: 2132     INFO | Adding bonds...
2026/03/19 05:48:14 structure,line: 2135     INFO | Adding angles...
2026/03/19 05:48:14 structure,line: 2138     INFO | Adding dihedrals...
2026/03/19 05:48:14 structure,line: 2141     INFO | Adding Ryckaert-Bellemans torsions...
2026/03/19 05:48:14 structure,line: 2143     INFO | Adding Urey-Bradleys...
2026/03/19 05:48:14 structure,line: 2145     INFO | Adding improper torsions...
2026/03/19 05:48:14 structure,line: 2147     INFO | Adding CMAP torsions...
2026/03/19 05:48:14 structure,line: 2149     INFO | Adding trigonal angle terms...
2026/03/19 05:48:14 structure,line: 2151     INFO | Adding out-of-plane bends...
2026/03/19 05:48:14 structure,line: 2153     INFO | Adding pi-torsions...
2026/03/19 05:48:14 structure,line: 2155     INFO | Adding stretch-bends...
2026/03/19 05:48:14 structure,line: 2157     INFO | Adding torsion-torsions...
2026/03/19 05:48:14 structure,line: 2159     INFO | Adding Nonbonded force...
2026/03/19 05:48:14 energy_component,line: 338 DECOMPOSE | Decomposed Res Num: 228, Total Res Num: 447, Decomposition Progress: 51.006711409395976
2026/03/19 05:48:15 structure,line: 2132     INFO | Adding bonds...
2026/03/19 05:48:15 structure,line: 2135     INFO | Adding angles...
2026/03/19 05:48:15 structure,line: 2138     INFO | Adding dihedrals...
2026/03/19 05:48:15 structure,line: 2141     INFO | Adding Ryckaert-Bellemans torsions...
2026/03/19 05:48:15 structure,line: 2143     INFO | Adding Urey-Bradleys...
2026/03/19 05:48:15 structure,line: 2145     INFO | Adding improper torsions...
2026/03/19 05:48:15 structure,line: 2147     INFO | Adding CMAP torsions...
2026/03/19 05:48:15 structure,line: 2149     INFO | Adding trigonal angle terms...
2026/03/19 05:48:15 structure,line: 2151     INFO | Adding out-of-plane bends...
2026/03/19 05:48:15 structure,line: 2153     INFO | Adding pi-torsions...
2026/03/19 05:48:15 structure,line: 2155     INFO | Adding stretch-bends...
2026/03/19 05:48:15 structure,line: 2157     INFO | Adding torsion-torsions...
2026/03/19 05:48:15 structure,line: 2159     INFO | Adding Nonbonded force...
2026/03/19 05:48:15 energy_component,line: 338 DECOMPOSE | Decomposed Res Num: 229, Total Res Num: 447, Decomposition Progress: 51.23042505592841
2026/03/19 05:48:16 structure,line: 2132     INFO | Adding bonds...
2026/03/19 05:48:16 structure,line: 2135     INFO | Adding angles...
2026/03/19 05:48:16 structure,line: 2138     INFO | Adding dihedrals...
2026/03/19 05:48:16 structure,line: 2141     INFO | Adding Ryckaert-Bellemans torsions...
2026/03/19 05:48:16 structure,line: 2143     INFO | Adding Urey-Bradleys...
2026/03/19 05:48:16 structure,line: 2145     INFO | Adding improper torsions...
2026/03/19 05:48:16 structure,line: 2147     INFO | Adding CMAP torsions...
2026/03/19 05:48:16 structure,line: 2149     INFO | Adding trigonal angle terms...
2026/03/19 05:48:16 structure,line: 2151     INFO | Adding out-of-plane bends...
2026/03/19 05:48:16 structure,line: 2153     INFO | Adding pi-torsions...
2026/03/19 05:48:16 structure,line: 2155     INFO | Adding stretch-bends...
2026/03/19 05:48:16 structure,line: 2157     INFO | Adding torsion-torsions...
2026/03/19 05:48:16 structure,line: 2159     INFO | Adding Nonbonded force...
2026/03/19 05:48:16 energy_component,line: 338 DECOMPOSE | Decomposed Res Num: 230, Total Res Num: 447, Decomposition Progress: 51.45413870246085
2026/03/19 05:48:17 structure,line: 2132     INFO | Adding bonds...
2026/03/19 05:48:17 structure,line: 2135     INFO | Adding angles...
2026/03/19 05:48:17 structure,line: 2138     INFO | Adding dihedrals...
2026/03/19 05:48:17 structure,line: 2141     INFO | Adding Ryckaert-Bellemans torsions...
2026/03/19 05:48:17 structure,line: 2143     INFO | Adding Urey-Bradleys...
2026/03/19 05:48:17 structure,line: 2145     INFO | Adding improper torsions...
2026/03/19 05:48:17 structure,line: 2147     INFO | Adding CMAP torsions...
2026/03/19 05:48:17 structure,line: 2149     INFO | Adding trigonal angle terms...
2026/03/19 05:48:17 structure,line: 2151     INFO | Adding out-of-plane bends...
2026/03/19 05:48:17 structure,line: 2153     INFO | Adding pi-torsions...
2026/03/19 05:48:17 structure,line: 2155     INFO | Adding stretch-bends...
2026/03/19 05:48:17 structure,line: 2157     INFO | Adding torsion-torsions...
2026/03/19 05:48:17 structure,line: 2159     INFO | Adding Nonbonded force...
2026/03/19 05:48:17 energy_component,line: 338 DECOMPOSE | Decomposed Res Num: 231, Total Res Num: 447, Decomposition Progress: 51.67785234899329
2026/03/19 05:48:17 structure,line: 2132     INFO | Adding bonds...
2026/03/19 05:48:17 structure,line: 2135     INFO | Adding angles...
2026/03/19 05:48:17 structure,line: 2138     INFO | Adding dihedrals...
2026/03/19 05:48:17 structure,line: 2141     INFO | Adding Ryckaert-Bellemans torsions...
2026/03/19 05:48:17 structure,line: 2143     INFO | Adding Urey-Bradleys...
2026/03/19 05:48:17 structure,line: 2145     INFO | Adding improper torsions...
2026/03/19 05:48:17 structure,line: 2147     INFO | Adding CMAP torsions...
2026/03/19 05:48:17 structure,line: 2149     INFO | Adding trigonal angle terms...
2026/03/19 05:48:17 structure,line: 2151     INFO | Adding out-of-plane bends...
2026/03/19 05:48:17 structure,line: 2153     INFO | Adding pi-torsions...
2026/03/19 05:48:17 structure,line: 2155     INFO | Adding stretch-bends...
2026/03/19 05:48:17 structure,line: 2157     INFO | Adding torsion-torsions...
2026/03/19 05:48:17 structure,line: 2159     INFO | Adding Nonbonded force...
2026/03/19 05:48:18 energy_component,line: 338 DECOMPOSE | Decomposed Res Num: 232, Total Res Num: 447, Decomposition Progress: 51.90156599552572
2026/03/19 05:48:18 structure,line: 2132     INFO | Adding bonds...
2026/03/19 05:48:18 structure,line: 2135     INFO | Adding angles...
2026/03/19 05:48:18 structure,line: 2138     INFO | Adding dihedrals...
2026/03/19 05:48:18 structure,line: 2141     INFO | Adding Ryckaert-Bellemans torsions...
2026/03/19 05:48:18 structure,line: 2143     INFO | Adding Urey-Bradleys...
2026/03/19 05:48:18 structure,line: 2145     INFO | Adding improper torsions...
2026/03/19 05:48:18 structure,line: 2147     INFO | Adding CMAP torsions...
2026/03/19 05:48:18 structure,line: 2149     INFO | Adding trigonal angle terms...
2026/03/19 05:48:18 structure,line: 2151     INFO | Adding out-of-plane bends...
2026/03/19 05:48:18 structure,line: 2153     INFO | Adding pi-torsions...
2026/03/19 05:48:18 structure,line: 2155     INFO | Adding stretch-bends...
2026/03/19 05:48:18 structure,line: 2157     INFO | Adding torsion-torsions...
2026/03/19 05:48:18 structure,line: 2159     INFO | Adding Nonbonded force...
2026/03/19 05:48:18 energy_component,line: 338 DECOMPOSE | Decomposed Res Num: 233, Total Res Num: 447, Decomposition Progress: 52.12527964205817
2026/03/19 05:48:19 structure,line: 2132     INFO | Adding bonds...
2026/03/19 05:48:19 structure,line: 2135     INFO | Adding angles...
2026/03/19 05:48:19 structure,line: 2138     INFO | Adding dihedrals...
2026/03/19 05:48:19 structure,line: 2141     INFO | Adding Ryckaert-Bellemans torsions...
2026/03/19 05:48:19 structure,line: 2143     INFO | Adding Urey-Bradleys...
2026/03/19 05:48:19 structure,line: 2145     INFO | Adding improper torsions...
2026/03/19 05:48:19 structure,line: 2147     INFO | Adding CMAP torsions...
2026/03/19 05:48:19 structure,line: 2149     INFO | Adding trigonal angle terms...
2026/03/19 05:48:19 structure,line: 2151     INFO | Adding out-of-plane bends...
2026/03/19 05:48:19 structure,line: 2153     INFO | Adding pi-torsions...
2026/03/19 05:48:19 structure,line: 2155     INFO | Adding stretch-bends...
2026/03/19 05:48:19 structure,line: 2157     INFO | Adding torsion-torsions...
2026/03/19 05:48:19 structure,line: 2159     INFO | Adding Nonbonded force...
2026/03/19 05:48:19 energy_component,line: 338 DECOMPOSE | Decomposed Res Num: 234, Total Res Num: 447, Decomposition Progress: 52.348993288590606
2026/03/19 05:48:20 structure,line: 2132     INFO | Adding bonds...
2026/03/19 05:48:20 structure,line: 2135     INFO | Adding angles...
2026/03/19 05:48:20 structure,line: 2138     INFO | Adding dihedrals...
2026/03/19 05:48:20 structure,line: 2141     INFO | Adding Ryckaert-Bellemans torsions...
2026/03/19 05:48:20 structure,line: 2143     INFO | Adding Urey-Bradleys...
2026/03/19 05:48:20 structure,line: 2145     INFO | Adding improper torsions...
2026/03/19 05:48:20 structure,line: 2147     INFO | Adding CMAP torsions...
2026/03/19 05:48:20 structure,line: 2149     INFO | Adding trigonal angle terms...
2026/03/19 05:48:20 structure,line: 2151     INFO | Adding out-of-plane bends...
2026/03/19 05:48:20 structure,line: 2153     INFO | Adding pi-torsions...
2026/03/19 05:48:20 structure,line: 2155     INFO | Adding stretch-bends...
2026/03/19 05:48:20 structure,line: 2157     INFO | Adding torsion-torsions...
2026/03/19 05:48:20 structure,line: 2159     INFO | Adding Nonbonded force...
2026/03/19 05:48:20 energy_component,line: 338 DECOMPOSE | Decomposed Res Num: 235, Total Res Num: 447, Decomposition Progress: 52.57270693512305
2026/03/19 05:48:21 structure,line: 2132     INFO | Adding bonds...
2026/03/19 05:48:21 structure,line: 2135     INFO | Adding angles...
2026/03/19 05:48:21 structure,line: 2138     INFO | Adding dihedrals...
2026/03/19 05:48:21 structure,line: 2141     INFO | Adding Ryckaert-Bellemans torsions...
2026/03/19 05:48:21 structure,line: 2143     INFO | Adding Urey-Bradleys...
2026/03/19 05:48:21 structure,line: 2145     INFO | Adding improper torsions...
2026/03/19 05:48:21 structure,line: 2147     INFO | Adding CMAP torsions...
2026/03/19 05:48:21 structure,line: 2149     INFO | Adding trigonal angle terms...
2026/03/19 05:48:21 structure,line: 2151     INFO | Adding out-of-plane bends...
2026/03/19 05:48:21 structure,line: 2153     INFO | Adding pi-torsions...
2026/03/19 05:48:21 structure,line: 2155     INFO | Adding stretch-bends...
2026/03/19 05:48:21 structure,line: 2157     INFO | Adding torsion-torsions...
2026/03/19 05:48:21 structure,line: 2159     INFO | Adding Nonbonded force...
2026/03/19 05:48:21 energy_component,line: 338 DECOMPOSE | Decomposed Res Num: 236, Total Res Num: 447, Decomposition Progress: 52.79642058165548
2026/03/19 05:48:21 structure,line: 2132     INFO | Adding bonds...
2026/03/19 05:48:21 structure,line: 2135     INFO | Adding angles...
2026/03/19 05:48:21 structure,line: 2138     INFO | Adding dihedrals...
2026/03/19 05:48:21 structure,line: 2141     INFO | Adding Ryckaert-Bellemans torsions...
2026/03/19 05:48:21 structure,line: 2143     INFO | Adding Urey-Bradleys...
2026/03/19 05:48:21 structure,line: 2145     INFO | Adding improper torsions...
2026/03/19 05:48:21 structure,line: 2147     INFO | Adding CMAP torsions...
2026/03/19 05:48:21 structure,line: 2149     INFO | Adding trigonal angle terms...
2026/03/19 05:48:21 structure,line: 2151     INFO | Adding out-of-plane bends...
2026/03/19 05:48:21 structure,line: 2153     INFO | Adding pi-torsions...
2026/03/19 05:48:21 structure,line: 2155     INFO | Adding stretch-bends...
2026/03/19 05:48:21 structure,line: 2157     INFO | Adding torsion-torsions...
2026/03/19 05:48:21 structure,line: 2159     INFO | Adding Nonbonded force...
2026/03/19 05:48:22 energy_component,line: 338 DECOMPOSE | Decomposed Res Num: 237, Total Res Num: 447, Decomposition Progress: 53.02013422818792
2026/03/19 05:48:22 structure,line: 2132     INFO | Adding bonds...
2026/03/19 05:48:22 structure,line: 2135     INFO | Adding angles...
2026/03/19 05:48:22 structure,line: 2138     INFO | Adding dihedrals...
2026/03/19 05:48:22 structure,line: 2141     INFO | Adding Ryckaert-Bellemans torsions...
2026/03/19 05:48:22 structure,line: 2143     INFO | Adding Urey-Bradleys...
2026/03/19 05:48:22 structure,line: 2145     INFO | Adding improper torsions...
2026/03/19 05:48:22 structure,line: 2147     INFO | Adding CMAP torsions...
2026/03/19 05:48:22 structure,line: 2149     INFO | Adding trigonal angle terms...
2026/03/19 05:48:22 structure,line: 2151     INFO | Adding out-of-plane bends...
2026/03/19 05:48:22 structure,line: 2153     INFO | Adding pi-torsions...
2026/03/19 05:48:22 structure,line: 2155     INFO | Adding stretch-bends...
2026/03/19 05:48:22 structure,line: 2157     INFO | Adding torsion-torsions...
2026/03/19 05:48:22 structure,line: 2159     INFO | Adding Nonbonded force...
2026/03/19 05:48:23 energy_component,line: 338 DECOMPOSE | Decomposed Res Num: 238, Total Res Num: 447, Decomposition Progress: 53.24384787472036
2026/03/19 05:48:23 structure,line: 2132     INFO | Adding bonds...
2026/03/19 05:48:23 structure,line: 2135     INFO | Adding angles...
2026/03/19 05:48:23 structure,line: 2138     INFO | Adding dihedrals...
2026/03/19 05:48:23 structure,line: 2141     INFO | Adding Ryckaert-Bellemans torsions...
2026/03/19 05:48:23 structure,line: 2143     INFO | Adding Urey-Bradleys...
2026/03/19 05:48:23 structure,line: 2145     INFO | Adding improper torsions...
2026/03/19 05:48:23 structure,line: 2147     INFO | Adding CMAP torsions...
2026/03/19 05:48:23 structure,line: 2149     INFO | Adding trigonal angle terms...
2026/03/19 05:48:23 structure,line: 2151     INFO | Adding out-of-plane bends...
2026/03/19 05:48:23 structure,line: 2153     INFO | Adding pi-torsions...
2026/03/19 05:48:23 structure,line: 2155     INFO | Adding stretch-bends...
2026/03/19 05:48:23 structure,line: 2157     INFO | Adding torsion-torsions...
2026/03/19 05:48:23 structure,line: 2159     INFO | Adding Nonbonded force...
2026/03/19 05:48:23 energy_component,line: 338 DECOMPOSE | Decomposed Res Num: 239, Total Res Num: 447, Decomposition Progress: 53.46756152125279
2026/03/19 05:48:24 structure,line: 2132     INFO | Adding bonds...
2026/03/19 05:48:24 structure,line: 2135     INFO | Adding angles...
2026/03/19 05:48:24 structure,line: 2138     INFO | Adding dihedrals...
2026/03/19 05:48:24 structure,line: 2141     INFO | Adding Ryckaert-Bellemans torsions...
2026/03/19 05:48:24 structure,line: 2143     INFO | Adding Urey-Bradleys...
2026/03/19 05:48:24 structure,line: 2145     INFO | Adding improper torsions...
2026/03/19 05:48:24 structure,line: 2147     INFO | Adding CMAP torsions...
2026/03/19 05:48:24 structure,line: 2149     INFO | Adding trigonal angle terms...
2026/03/19 05:48:24 structure,line: 2151     INFO | Adding out-of-plane bends...
2026/03/19 05:48:24 structure,line: 2153     INFO | Adding pi-torsions...
2026/03/19 05:48:24 structure,line: 2155     INFO | Adding stretch-bends...
2026/03/19 05:48:24 structure,line: 2157     INFO | Adding torsion-torsions...
2026/03/19 05:48:24 structure,line: 2159     INFO | Adding Nonbonded force...
2026/03/19 05:48:24 energy_component,line: 338 DECOMPOSE | Decomposed Res Num: 240, Total Res Num: 447, Decomposition Progress: 53.691275167785236
2026/03/19 05:48:25 structure,line: 2132     INFO | Adding bonds...
2026/03/19 05:48:25 structure,line: 2135     INFO | Adding angles...
2026/03/19 05:48:25 structure,line: 2138     INFO | Adding dihedrals...
2026/03/19 05:48:25 structure,line: 2141     INFO | Adding Ryckaert-Bellemans torsions...
2026/03/19 05:48:25 structure,line: 2143     INFO | Adding Urey-Bradleys...
2026/03/19 05:48:25 structure,line: 2145     INFO | Adding improper torsions...
2026/03/19 05:48:25 structure,line: 2147     INFO | Adding CMAP torsions...
2026/03/19 05:48:25 structure,line: 2149     INFO | Adding trigonal angle terms...
2026/03/19 05:48:25 structure,line: 2151     INFO | Adding out-of-plane bends...
2026/03/19 05:48:25 structure,line: 2153     INFO | Adding pi-torsions...
2026/03/19 05:48:25 structure,line: 2155     INFO | Adding stretch-bends...
2026/03/19 05:48:25 structure,line: 2157     INFO | Adding torsion-torsions...
2026/03/19 05:48:25 structure,line: 2159     INFO | Adding Nonbonded force...
2026/03/19 05:48:25 energy_component,line: 338 DECOMPOSE | Decomposed Res Num: 241, Total Res Num: 447, Decomposition Progress: 53.914988814317674
2026/03/19 05:48:28 structure,line: 2132     INFO | Adding bonds...
2026/03/19 05:48:28 structure,line: 2135     INFO | Adding angles...
2026/03/19 05:48:28 structure,line: 2138     INFO | Adding dihedrals...
2026/03/19 05:48:28 structure,line: 2141     INFO | Adding Ryckaert-Bellemans torsions...
2026/03/19 05:48:28 structure,line: 2143     INFO | Adding Urey-Bradleys...
2026/03/19 05:48:28 structure,line: 2145     INFO | Adding improper torsions...
2026/03/19 05:48:28 structure,line: 2147     INFO | Adding CMAP torsions...
2026/03/19 05:48:28 structure,line: 2149     INFO | Adding trigonal angle terms...
2026/03/19 05:48:28 structure,line: 2151     INFO | Adding out-of-plane bends...
2026/03/19 05:48:28 structure,line: 2153     INFO | Adding pi-torsions...
2026/03/19 05:48:28 structure,line: 2155     INFO | Adding stretch-bends...
2026/03/19 05:48:28 structure,line: 2157     INFO | Adding torsion-torsions...
2026/03/19 05:48:28 structure,line: 2159     INFO | Adding Nonbonded force...
2026/03/19 05:48:28 energy_component,line: 338 DECOMPOSE | Decomposed Res Num: 242, Total Res Num: 447, Decomposition Progress: 54.138702460850105
2026/03/19 05:48:29 structure,line: 2132     INFO | Adding bonds...
2026/03/19 05:48:29 structure,line: 2135     INFO | Adding angles...
2026/03/19 05:48:29 structure,line: 2138     INFO | Adding dihedrals...
2026/03/19 05:48:29 structure,line: 2141     INFO | Adding Ryckaert-Bellemans torsions...
2026/03/19 05:48:29 structure,line: 2143     INFO | Adding Urey-Bradleys...
2026/03/19 05:48:29 structure,line: 2145     INFO | Adding improper torsions...
2026/03/19 05:48:29 structure,line: 2147     INFO | Adding CMAP torsions...
2026/03/19 05:48:29 structure,line: 2149     INFO | Adding trigonal angle terms...
2026/03/19 05:48:29 structure,line: 2151     INFO | Adding out-of-plane bends...
2026/03/19 05:48:29 structure,line: 2153     INFO | Adding pi-torsions...
2026/03/19 05:48:29 structure,line: 2155     INFO | Adding stretch-bends...
2026/03/19 05:48:29 structure,line: 2157     INFO | Adding torsion-torsions...
2026/03/19 05:48:29 structure,line: 2159     INFO | Adding Nonbonded force...
2026/03/19 05:48:29 energy_component,line: 338 DECOMPOSE | Decomposed Res Num: 243, Total Res Num: 447, Decomposition Progress: 54.36241610738255
2026/03/19 05:48:30 structure,line: 2132     INFO | Adding bonds...
2026/03/19 05:48:30 structure,line: 2135     INFO | Adding angles...
2026/03/19 05:48:30 structure,line: 2138     INFO | Adding dihedrals...
2026/03/19 05:48:30 structure,line: 2141     INFO | Adding Ryckaert-Bellemans torsions...
2026/03/19 05:48:30 structure,line: 2143     INFO | Adding Urey-Bradleys...
2026/03/19 05:48:30 structure,line: 2145     INFO | Adding improper torsions...
2026/03/19 05:48:30 structure,line: 2147     INFO | Adding CMAP torsions...
2026/03/19 05:48:30 structure,line: 2149     INFO | Adding trigonal angle terms...
2026/03/19 05:48:30 structure,line: 2151     INFO | Adding out-of-plane bends...
2026/03/19 05:48:30 structure,line: 2153     INFO | Adding pi-torsions...
2026/03/19 05:48:30 structure,line: 2155     INFO | Adding stretch-bends...
2026/03/19 05:48:30 structure,line: 2157     INFO | Adding torsion-torsions...
2026/03/19 05:48:30 structure,line: 2159     INFO | Adding Nonbonded force...
2026/03/19 05:48:30 energy_component,line: 338 DECOMPOSE | Decomposed Res Num: 244, Total Res Num: 447, Decomposition Progress: 54.58612975391499
2026/03/19 05:48:31 structure,line: 2132     INFO | Adding bonds...
2026/03/19 05:48:31 structure,line: 2135     INFO | Adding angles...
2026/03/19 05:48:31 structure,line: 2138     INFO | Adding dihedrals...
2026/03/19 05:48:31 structure,line: 2141     INFO | Adding Ryckaert-Bellemans torsions...
2026/03/19 05:48:31 structure,line: 2143     INFO | Adding Urey-Bradleys...
2026/03/19 05:48:31 structure,line: 2145     INFO | Adding improper torsions...
2026/03/19 05:48:31 structure,line: 2147     INFO | Adding CMAP torsions...
2026/03/19 05:48:31 structure,line: 2149     INFO | Adding trigonal angle terms...
2026/03/19 05:48:31 structure,line: 2151     INFO | Adding out-of-plane bends...
2026/03/19 05:48:31 structure,line: 2153     INFO | Adding pi-torsions...
2026/03/19 05:48:31 structure,line: 2155     INFO | Adding stretch-bends...
2026/03/19 05:48:31 structure,line: 2157     INFO | Adding torsion-torsions...
2026/03/19 05:48:31 structure,line: 2159     INFO | Adding Nonbonded force...
2026/03/19 05:48:31 energy_component,line: 338 DECOMPOSE | Decomposed Res Num: 245, Total Res Num: 447, Decomposition Progress: 54.80984340044742
2026/03/19 05:48:31 structure,line: 2132     INFO | Adding bonds...
2026/03/19 05:48:31 structure,line: 2135     INFO | Adding angles...
2026/03/19 05:48:31 structure,line: 2138     INFO | Adding dihedrals...
2026/03/19 05:48:31 structure,line: 2141     INFO | Adding Ryckaert-Bellemans torsions...
2026/03/19 05:48:31 structure,line: 2143     INFO | Adding Urey-Bradleys...
2026/03/19 05:48:31 structure,line: 2145     INFO | Adding improper torsions...
2026/03/19 05:48:31 structure,line: 2147     INFO | Adding CMAP torsions...
2026/03/19 05:48:31 structure,line: 2149     INFO | Adding trigonal angle terms...
2026/03/19 05:48:31 structure,line: 2151     INFO | Adding out-of-plane bends...
2026/03/19 05:48:31 structure,line: 2153     INFO | Adding pi-torsions...
2026/03/19 05:48:31 structure,line: 2155     INFO | Adding stretch-bends...
2026/03/19 05:48:31 structure,line: 2157     INFO | Adding torsion-torsions...
2026/03/19 05:48:31 structure,line: 2159     INFO | Adding Nonbonded force...
2026/03/19 05:48:32 energy_component,line: 338 DECOMPOSE | Decomposed Res Num: 246, Total Res Num: 447, Decomposition Progress: 55.033557046979865
2026/03/19 05:48:32 structure,line: 2132     INFO | Adding bonds...
2026/03/19 05:48:32 structure,line: 2135     INFO | Adding angles...
2026/03/19 05:48:32 structure,line: 2138     INFO | Adding dihedrals...
2026/03/19 05:48:32 structure,line: 2141     INFO | Adding Ryckaert-Bellemans torsions...
2026/03/19 05:48:32 structure,line: 2143     INFO | Adding Urey-Bradleys...
2026/03/19 05:48:32 structure,line: 2145     INFO | Adding improper torsions...
2026/03/19 05:48:32 structure,line: 2147     INFO | Adding CMAP torsions...
2026/03/19 05:48:32 structure,line: 2149     INFO | Adding trigonal angle terms...
2026/03/19 05:48:32 structure,line: 2151     INFO | Adding out-of-plane bends...
2026/03/19 05:48:32 structure,line: 2153     INFO | Adding pi-torsions...
2026/03/19 05:48:32 structure,line: 2155     INFO | Adding stretch-bends...
2026/03/19 05:48:32 structure,line: 2157     INFO | Adding torsion-torsions...
2026/03/19 05:48:32 structure,line: 2159     INFO | Adding Nonbonded force...
2026/03/19 05:48:32 energy_component,line: 338 DECOMPOSE | Decomposed Res Num: 247, Total Res Num: 447, Decomposition Progress: 55.257270693512304
2026/03/19 05:48:33 structure,line: 2132     INFO | Adding bonds...
2026/03/19 05:48:33 structure,line: 2135     INFO | Adding angles...
2026/03/19 05:48:33 structure,line: 2138     INFO | Adding dihedrals...
2026/03/19 05:48:33 structure,line: 2141     INFO | Adding Ryckaert-Bellemans torsions...
2026/03/19 05:48:33 structure,line: 2143     INFO | Adding Urey-Bradleys...
2026/03/19 05:48:33 structure,line: 2145     INFO | Adding improper torsions...
2026/03/19 05:48:33 structure,line: 2147     INFO | Adding CMAP torsions...
2026/03/19 05:48:33 structure,line: 2149     INFO | Adding trigonal angle terms...
2026/03/19 05:48:33 structure,line: 2151     INFO | Adding out-of-plane bends...
2026/03/19 05:48:33 structure,line: 2153     INFO | Adding pi-torsions...
2026/03/19 05:48:33 structure,line: 2155     INFO | Adding stretch-bends...
2026/03/19 05:48:33 structure,line: 2157     INFO | Adding torsion-torsions...
2026/03/19 05:48:33 structure,line: 2159     INFO | Adding Nonbonded force...
2026/03/19 05:48:33 energy_component,line: 338 DECOMPOSE | Decomposed Res Num: 248, Total Res Num: 447, Decomposition Progress: 55.48098434004475
2026/03/19 05:48:34 structure,line: 2132     INFO | Adding bonds...
2026/03/19 05:48:34 structure,line: 2135     INFO | Adding angles...
2026/03/19 05:48:34 structure,line: 2138     INFO | Adding dihedrals...
2026/03/19 05:48:34 structure,line: 2141     INFO | Adding Ryckaert-Bellemans torsions...
2026/03/19 05:48:34 structure,line: 2143     INFO | Adding Urey-Bradleys...
2026/03/19 05:48:34 structure,line: 2145     INFO | Adding improper torsions...
2026/03/19 05:48:34 structure,line: 2147     INFO | Adding CMAP torsions...
2026/03/19 05:48:34 structure,line: 2149     INFO | Adding trigonal angle terms...
2026/03/19 05:48:34 structure,line: 2151     INFO | Adding out-of-plane bends...
2026/03/19 05:48:34 structure,line: 2153     INFO | Adding pi-torsions...
2026/03/19 05:48:34 structure,line: 2155     INFO | Adding stretch-bends...
2026/03/19 05:48:34 structure,line: 2157     INFO | Adding torsion-torsions...
2026/03/19 05:48:34 structure,line: 2159     INFO | Adding Nonbonded force...
2026/03/19 05:48:34 energy_component,line: 338 DECOMPOSE | Decomposed Res Num: 249, Total Res Num: 447, Decomposition Progress: 55.70469798657718
2026/03/19 05:48:35 structure,line: 2132     INFO | Adding bonds...
2026/03/19 05:48:35 structure,line: 2135     INFO | Adding angles...
2026/03/19 05:48:35 structure,line: 2138     INFO | Adding dihedrals...
2026/03/19 05:48:35 structure,line: 2141     INFO | Adding Ryckaert-Bellemans torsions...
2026/03/19 05:48:35 structure,line: 2143     INFO | Adding Urey-Bradleys...
2026/03/19 05:48:35 structure,line: 2145     INFO | Adding improper torsions...
2026/03/19 05:48:35 structure,line: 2147     INFO | Adding CMAP torsions...
2026/03/19 05:48:35 structure,line: 2149     INFO | Adding trigonal angle terms...
2026/03/19 05:48:35 structure,line: 2151     INFO | Adding out-of-plane bends...
2026/03/19 05:48:35 structure,line: 2153     INFO | Adding pi-torsions...
2026/03/19 05:48:35 structure,line: 2155     INFO | Adding stretch-bends...
2026/03/19 05:48:35 structure,line: 2157     INFO | Adding torsion-torsions...
2026/03/19 05:48:35 structure,line: 2159     INFO | Adding Nonbonded force...
2026/03/19 05:48:35 energy_component,line: 338 DECOMPOSE | Decomposed Res Num: 250, Total Res Num: 447, Decomposition Progress: 55.92841163310962
2026/03/19 05:48:35 structure,line: 2132     INFO | Adding bonds...
2026/03/19 05:48:35 structure,line: 2135     INFO | Adding angles...
2026/03/19 05:48:35 structure,line: 2138     INFO | Adding dihedrals...
2026/03/19 05:48:35 structure,line: 2141     INFO | Adding Ryckaert-Bellemans torsions...
2026/03/19 05:48:35 structure,line: 2143     INFO | Adding Urey-Bradleys...
2026/03/19 05:48:35 structure,line: 2145     INFO | Adding improper torsions...
2026/03/19 05:48:35 structure,line: 2147     INFO | Adding CMAP torsions...
2026/03/19 05:48:35 structure,line: 2149     INFO | Adding trigonal angle terms...
2026/03/19 05:48:35 structure,line: 2151     INFO | Adding out-of-plane bends...
2026/03/19 05:48:35 structure,line: 2153     INFO | Adding pi-torsions...
2026/03/19 05:48:35 structure,line: 2155     INFO | Adding stretch-bends...
2026/03/19 05:48:35 structure,line: 2157     INFO | Adding torsion-torsions...
2026/03/19 05:48:35 structure,line: 2159     INFO | Adding Nonbonded force...
2026/03/19 05:48:36 energy_component,line: 338 DECOMPOSE | Decomposed Res Num: 251, Total Res Num: 447, Decomposition Progress: 56.152125279642064
2026/03/19 05:48:36 structure,line: 2132     INFO | Adding bonds...
2026/03/19 05:48:36 structure,line: 2135     INFO | Adding angles...
2026/03/19 05:48:36 structure,line: 2138     INFO | Adding dihedrals...
2026/03/19 05:48:36 structure,line: 2141     INFO | Adding Ryckaert-Bellemans torsions...
2026/03/19 05:48:36 structure,line: 2143     INFO | Adding Urey-Bradleys...
2026/03/19 05:48:36 structure,line: 2145     INFO | Adding improper torsions...
2026/03/19 05:48:36 structure,line: 2147     INFO | Adding CMAP torsions...
2026/03/19 05:48:36 structure,line: 2149     INFO | Adding trigonal angle terms...
2026/03/19 05:48:36 structure,line: 2151     INFO | Adding out-of-plane bends...
2026/03/19 05:48:36 structure,line: 2153     INFO | Adding pi-torsions...
2026/03/19 05:48:36 structure,line: 2155     INFO | Adding stretch-bends...
2026/03/19 05:48:36 structure,line: 2157     INFO | Adding torsion-torsions...
2026/03/19 05:48:36 structure,line: 2159     INFO | Adding Nonbonded force...
2026/03/19 05:48:36 energy_component,line: 338 DECOMPOSE | Decomposed Res Num: 252, Total Res Num: 447, Decomposition Progress: 56.375838926174495
2026/03/19 05:48:37 structure,line: 2132     INFO | Adding bonds...
2026/03/19 05:48:37 structure,line: 2135     INFO | Adding angles...
2026/03/19 05:48:37 structure,line: 2138     INFO | Adding dihedrals...
2026/03/19 05:48:37 structure,line: 2141     INFO | Adding Ryckaert-Bellemans torsions...
2026/03/19 05:48:37 structure,line: 2143     INFO | Adding Urey-Bradleys...
2026/03/19 05:48:37 structure,line: 2145     INFO | Adding improper torsions...
2026/03/19 05:48:37 structure,line: 2147     INFO | Adding CMAP torsions...
2026/03/19 05:48:37 structure,line: 2149     INFO | Adding trigonal angle terms...
2026/03/19 05:48:37 structure,line: 2151     INFO | Adding out-of-plane bends...
2026/03/19 05:48:37 structure,line: 2153     INFO | Adding pi-torsions...
2026/03/19 05:48:37 structure,line: 2155     INFO | Adding stretch-bends...
2026/03/19 05:48:37 structure,line: 2157     INFO | Adding torsion-torsions...
2026/03/19 05:48:37 structure,line: 2159     INFO | Adding Nonbonded force...
2026/03/19 05:48:37 energy_component,line: 338 DECOMPOSE | Decomposed Res Num: 253, Total Res Num: 447, Decomposition Progress: 56.59955257270693
2026/03/19 05:48:38 structure,line: 2132     INFO | Adding bonds...
2026/03/19 05:48:38 structure,line: 2135     INFO | Adding angles...
2026/03/19 05:48:38 structure,line: 2138     INFO | Adding dihedrals...
2026/03/19 05:48:38 structure,line: 2141     INFO | Adding Ryckaert-Bellemans torsions...
2026/03/19 05:48:38 structure,line: 2143     INFO | Adding Urey-Bradleys...
2026/03/19 05:48:38 structure,line: 2145     INFO | Adding improper torsions...
2026/03/19 05:48:38 structure,line: 2147     INFO | Adding CMAP torsions...
2026/03/19 05:48:38 structure,line: 2149     INFO | Adding trigonal angle terms...
2026/03/19 05:48:38 structure,line: 2151     INFO | Adding out-of-plane bends...
2026/03/19 05:48:38 structure,line: 2153     INFO | Adding pi-torsions...
2026/03/19 05:48:38 structure,line: 2155     INFO | Adding stretch-bends...
2026/03/19 05:48:38 structure,line: 2157     INFO | Adding torsion-torsions...
2026/03/19 05:48:38 structure,line: 2159     INFO | Adding Nonbonded force...
2026/03/19 05:48:38 energy_component,line: 338 DECOMPOSE | Decomposed Res Num: 254, Total Res Num: 447, Decomposition Progress: 56.82326621923938
2026/03/19 05:48:39 structure,line: 2132     INFO | Adding bonds...
2026/03/19 05:48:39 structure,line: 2135     INFO | Adding angles...
2026/03/19 05:48:39 structure,line: 2138     INFO | Adding dihedrals...
2026/03/19 05:48:39 structure,line: 2141     INFO | Adding Ryckaert-Bellemans torsions...
2026/03/19 05:48:39 structure,line: 2143     INFO | Adding Urey-Bradleys...
2026/03/19 05:48:39 structure,line: 2145     INFO | Adding improper torsions...
2026/03/19 05:48:39 structure,line: 2147     INFO | Adding CMAP torsions...
2026/03/19 05:48:39 structure,line: 2149     INFO | Adding trigonal angle terms...
2026/03/19 05:48:39 structure,line: 2151     INFO | Adding out-of-plane bends...
2026/03/19 05:48:39 structure,line: 2153     INFO | Adding pi-torsions...
2026/03/19 05:48:39 structure,line: 2155     INFO | Adding stretch-bends...
2026/03/19 05:48:39 structure,line: 2157     INFO | Adding torsion-torsions...
2026/03/19 05:48:39 structure,line: 2159     INFO | Adding Nonbonded force...
2026/03/19 05:48:39 energy_component,line: 338 DECOMPOSE | Decomposed Res Num: 255, Total Res Num: 447, Decomposition Progress: 57.04697986577181
2026/03/19 05:48:39 structure,line: 2132     INFO | Adding bonds...
2026/03/19 05:48:39 structure,line: 2135     INFO | Adding angles...
2026/03/19 05:48:39 structure,line: 2138     INFO | Adding dihedrals...
2026/03/19 05:48:39 structure,line: 2141     INFO | Adding Ryckaert-Bellemans torsions...
2026/03/19 05:48:39 structure,line: 2143     INFO | Adding Urey-Bradleys...
2026/03/19 05:48:39 structure,line: 2145     INFO | Adding improper torsions...
2026/03/19 05:48:39 structure,line: 2147     INFO | Adding CMAP torsions...
2026/03/19 05:48:39 structure,line: 2149     INFO | Adding trigonal angle terms...
2026/03/19 05:48:39 structure,line: 2151     INFO | Adding out-of-plane bends...
2026/03/19 05:48:39 structure,line: 2153     INFO | Adding pi-torsions...
2026/03/19 05:48:39 structure,line: 2155     INFO | Adding stretch-bends...
2026/03/19 05:48:39 structure,line: 2157     INFO | Adding torsion-torsions...
2026/03/19 05:48:39 structure,line: 2159     INFO | Adding Nonbonded force...
2026/03/19 05:48:40 energy_component,line: 338 DECOMPOSE | Decomposed Res Num: 256, Total Res Num: 447, Decomposition Progress: 57.27069351230425
2026/03/19 05:48:43 structure,line: 2132     INFO | Adding bonds...
2026/03/19 05:48:43 structure,line: 2135     INFO | Adding angles...
2026/03/19 05:48:43 structure,line: 2138     INFO | Adding dihedrals...
2026/03/19 05:48:43 structure,line: 2141     INFO | Adding Ryckaert-Bellemans torsions...
2026/03/19 05:48:43 structure,line: 2143     INFO | Adding Urey-Bradleys...
2026/03/19 05:48:43 structure,line: 2145     INFO | Adding improper torsions...
2026/03/19 05:48:43 structure,line: 2147     INFO | Adding CMAP torsions...
2026/03/19 05:48:43 structure,line: 2149     INFO | Adding trigonal angle terms...
2026/03/19 05:48:43 structure,line: 2151     INFO | Adding out-of-plane bends...
2026/03/19 05:48:43 structure,line: 2153     INFO | Adding pi-torsions...
2026/03/19 05:48:43 structure,line: 2155     INFO | Adding stretch-bends...
2026/03/19 05:48:43 structure,line: 2157     INFO | Adding torsion-torsions...
2026/03/19 05:48:43 structure,line: 2159     INFO | Adding Nonbonded force...
2026/03/19 05:48:43 energy_component,line: 338 DECOMPOSE | Decomposed Res Num: 257, Total Res Num: 447, Decomposition Progress: 57.494407158836694
2026/03/19 05:48:44 structure,line: 2132     INFO | Adding bonds...
2026/03/19 05:48:44 structure,line: 2135     INFO | Adding angles...
2026/03/19 05:48:44 structure,line: 2138     INFO | Adding dihedrals...
2026/03/19 05:48:44 structure,line: 2141     INFO | Adding Ryckaert-Bellemans torsions...
2026/03/19 05:48:44 structure,line: 2143     INFO | Adding Urey-Bradleys...
2026/03/19 05:48:44 structure,line: 2145     INFO | Adding improper torsions...
2026/03/19 05:48:44 structure,line: 2147     INFO | Adding CMAP torsions...
2026/03/19 05:48:44 structure,line: 2149     INFO | Adding trigonal angle terms...
2026/03/19 05:48:44 structure,line: 2151     INFO | Adding out-of-plane bends...
2026/03/19 05:48:44 structure,line: 2153     INFO | Adding pi-torsions...
2026/03/19 05:48:44 structure,line: 2155     INFO | Adding stretch-bends...
2026/03/19 05:48:44 structure,line: 2157     INFO | Adding torsion-torsions...
2026/03/19 05:48:44 structure,line: 2159     INFO | Adding Nonbonded force...
2026/03/19 05:48:44 energy_component,line: 338 DECOMPOSE | Decomposed Res Num: 258, Total Res Num: 447, Decomposition Progress: 57.71812080536913
2026/03/19 05:48:44 structure,line: 2132     INFO | Adding bonds...
2026/03/19 05:48:44 structure,line: 2135     INFO | Adding angles...
2026/03/19 05:48:44 structure,line: 2138     INFO | Adding dihedrals...
2026/03/19 05:48:44 structure,line: 2141     INFO | Adding Ryckaert-Bellemans torsions...
2026/03/19 05:48:44 structure,line: 2143     INFO | Adding Urey-Bradleys...
2026/03/19 05:48:44 structure,line: 2145     INFO | Adding improper torsions...
2026/03/19 05:48:44 structure,line: 2147     INFO | Adding CMAP torsions...
2026/03/19 05:48:44 structure,line: 2149     INFO | Adding trigonal angle terms...
2026/03/19 05:48:44 structure,line: 2151     INFO | Adding out-of-plane bends...
2026/03/19 05:48:44 structure,line: 2153     INFO | Adding pi-torsions...
2026/03/19 05:48:44 structure,line: 2155     INFO | Adding stretch-bends...
2026/03/19 05:48:44 structure,line: 2157     INFO | Adding torsion-torsions...
2026/03/19 05:48:44 structure,line: 2159     INFO | Adding Nonbonded force...
2026/03/19 05:48:45 energy_component,line: 338 DECOMPOSE | Decomposed Res Num: 259, Total Res Num: 447, Decomposition Progress: 57.94183445190156
2026/03/19 05:48:45 structure,line: 2132     INFO | Adding bonds...
2026/03/19 05:48:45 structure,line: 2135     INFO | Adding angles...
2026/03/19 05:48:45 structure,line: 2138     INFO | Adding dihedrals...
2026/03/19 05:48:45 structure,line: 2141     INFO | Adding Ryckaert-Bellemans torsions...
2026/03/19 05:48:45 structure,line: 2143     INFO | Adding Urey-Bradleys...
2026/03/19 05:48:45 structure,line: 2145     INFO | Adding improper torsions...
2026/03/19 05:48:45 structure,line: 2147     INFO | Adding CMAP torsions...
2026/03/19 05:48:45 structure,line: 2149     INFO | Adding trigonal angle terms...
2026/03/19 05:48:45 structure,line: 2151     INFO | Adding out-of-plane bends...
2026/03/19 05:48:45 structure,line: 2153     INFO | Adding pi-torsions...
2026/03/19 05:48:45 structure,line: 2155     INFO | Adding stretch-bends...
2026/03/19 05:48:45 structure,line: 2157     INFO | Adding torsion-torsions...
2026/03/19 05:48:45 structure,line: 2159     INFO | Adding Nonbonded force...
2026/03/19 05:48:45 energy_component,line: 338 DECOMPOSE | Decomposed Res Num: 260, Total Res Num: 447, Decomposition Progress: 58.16554809843401
2026/03/19 05:48:46 structure,line: 2132     INFO | Adding bonds...
2026/03/19 05:48:46 structure,line: 2135     INFO | Adding angles...
2026/03/19 05:48:46 structure,line: 2138     INFO | Adding dihedrals...
2026/03/19 05:48:46 structure,line: 2141     INFO | Adding Ryckaert-Bellemans torsions...
2026/03/19 05:48:46 structure,line: 2143     INFO | Adding Urey-Bradleys...
2026/03/19 05:48:46 structure,line: 2145     INFO | Adding improper torsions...
2026/03/19 05:48:46 structure,line: 2147     INFO | Adding CMAP torsions...
2026/03/19 05:48:46 structure,line: 2149     INFO | Adding trigonal angle terms...
2026/03/19 05:48:46 structure,line: 2151     INFO | Adding out-of-plane bends...
2026/03/19 05:48:46 structure,line: 2153     INFO | Adding pi-torsions...
2026/03/19 05:48:46 structure,line: 2155     INFO | Adding stretch-bends...
2026/03/19 05:48:46 structure,line: 2157     INFO | Adding torsion-torsions...
2026/03/19 05:48:46 structure,line: 2159     INFO | Adding Nonbonded force...
2026/03/19 05:48:46 energy_component,line: 338 DECOMPOSE | Decomposed Res Num: 261, Total Res Num: 447, Decomposition Progress: 58.38926174496645
2026/03/19 05:48:47 structure,line: 2132     INFO | Adding bonds...
2026/03/19 05:48:47 structure,line: 2135     INFO | Adding angles...
2026/03/19 05:48:47 structure,line: 2138     INFO | Adding dihedrals...
2026/03/19 05:48:47 structure,line: 2141     INFO | Adding Ryckaert-Bellemans torsions...
2026/03/19 05:48:47 structure,line: 2143     INFO | Adding Urey-Bradleys...
2026/03/19 05:48:47 structure,line: 2145     INFO | Adding improper torsions...
2026/03/19 05:48:47 structure,line: 2147     INFO | Adding CMAP torsions...
2026/03/19 05:48:47 structure,line: 2149     INFO | Adding trigonal angle terms...
2026/03/19 05:48:47 structure,line: 2151     INFO | Adding out-of-plane bends...
2026/03/19 05:48:47 structure,line: 2153     INFO | Adding pi-torsions...
2026/03/19 05:48:47 structure,line: 2155     INFO | Adding stretch-bends...
2026/03/19 05:48:47 structure,line: 2157     INFO | Adding torsion-torsions...
2026/03/19 05:48:47 structure,line: 2159     INFO | Adding Nonbonded force...
2026/03/19 05:48:47 energy_component,line: 338 DECOMPOSE | Decomposed Res Num: 262, Total Res Num: 447, Decomposition Progress: 58.61297539149888
2026/03/19 05:48:48 structure,line: 2132     INFO | Adding bonds...
2026/03/19 05:48:48 structure,line: 2135     INFO | Adding angles...
2026/03/19 05:48:48 structure,line: 2138     INFO | Adding dihedrals...
2026/03/19 05:48:48 structure,line: 2141     INFO | Adding Ryckaert-Bellemans torsions...
2026/03/19 05:48:48 structure,line: 2143     INFO | Adding Urey-Bradleys...
2026/03/19 05:48:48 structure,line: 2145     INFO | Adding improper torsions...
2026/03/19 05:48:48 structure,line: 2147     INFO | Adding CMAP torsions...
2026/03/19 05:48:48 structure,line: 2149     INFO | Adding trigonal angle terms...
2026/03/19 05:48:48 structure,line: 2151     INFO | Adding out-of-plane bends...
2026/03/19 05:48:48 structure,line: 2153     INFO | Adding pi-torsions...
2026/03/19 05:48:48 structure,line: 2155     INFO | Adding stretch-bends...
2026/03/19 05:48:48 structure,line: 2157     INFO | Adding torsion-torsions...
2026/03/19 05:48:48 structure,line: 2159     INFO | Adding Nonbonded force...
2026/03/19 05:48:48 energy_component,line: 338 DECOMPOSE | Decomposed Res Num: 263, Total Res Num: 447, Decomposition Progress: 58.836689038031324
2026/03/19 05:48:48 structure,line: 2132     INFO | Adding bonds...
2026/03/19 05:48:48 structure,line: 2135     INFO | Adding angles...
2026/03/19 05:48:48 structure,line: 2138     INFO | Adding dihedrals...
2026/03/19 05:48:48 structure,line: 2141     INFO | Adding Ryckaert-Bellemans torsions...
2026/03/19 05:48:48 structure,line: 2143     INFO | Adding Urey-Bradleys...
2026/03/19 05:48:48 structure,line: 2145     INFO | Adding improper torsions...
2026/03/19 05:48:48 structure,line: 2147     INFO | Adding CMAP torsions...
2026/03/19 05:48:48 structure,line: 2149     INFO | Adding trigonal angle terms...
2026/03/19 05:48:48 structure,line: 2151     INFO | Adding out-of-plane bends...
2026/03/19 05:48:48 structure,line: 2153     INFO | Adding pi-torsions...
2026/03/19 05:48:48 structure,line: 2155     INFO | Adding stretch-bends...
2026/03/19 05:48:48 structure,line: 2157     INFO | Adding torsion-torsions...
2026/03/19 05:48:48 structure,line: 2159     INFO | Adding Nonbonded force...
2026/03/19 05:48:49 energy_component,line: 338 DECOMPOSE | Decomposed Res Num: 264, Total Res Num: 447, Decomposition Progress: 59.06040268456376
2026/03/19 05:48:49 structure,line: 2132     INFO | Adding bonds...
2026/03/19 05:48:49 structure,line: 2135     INFO | Adding angles...
2026/03/19 05:48:49 structure,line: 2138     INFO | Adding dihedrals...
2026/03/19 05:48:49 structure,line: 2141     INFO | Adding Ryckaert-Bellemans torsions...
2026/03/19 05:48:49 structure,line: 2143     INFO | Adding Urey-Bradleys...
2026/03/19 05:48:49 structure,line: 2145     INFO | Adding improper torsions...
2026/03/19 05:48:49 structure,line: 2147     INFO | Adding CMAP torsions...
2026/03/19 05:48:49 structure,line: 2149     INFO | Adding trigonal angle terms...
2026/03/19 05:48:49 structure,line: 2151     INFO | Adding out-of-plane bends...
2026/03/19 05:48:49 structure,line: 2153     INFO | Adding pi-torsions...
2026/03/19 05:48:49 structure,line: 2155     INFO | Adding stretch-bends...
2026/03/19 05:48:49 structure,line: 2157     INFO | Adding torsion-torsions...
2026/03/19 05:48:49 structure,line: 2159     INFO | Adding Nonbonded force...
2026/03/19 05:48:49 energy_component,line: 338 DECOMPOSE | Decomposed Res Num: 265, Total Res Num: 447, Decomposition Progress: 59.28411633109619
2026/03/19 05:48:50 structure,line: 2132     INFO | Adding bonds...
2026/03/19 05:48:50 structure,line: 2135     INFO | Adding angles...
2026/03/19 05:48:50 structure,line: 2138     INFO | Adding dihedrals...
2026/03/19 05:48:50 structure,line: 2141     INFO | Adding Ryckaert-Bellemans torsions...
2026/03/19 05:48:50 structure,line: 2143     INFO | Adding Urey-Bradleys...
2026/03/19 05:48:50 structure,line: 2145     INFO | Adding improper torsions...
2026/03/19 05:48:50 structure,line: 2147     INFO | Adding CMAP torsions...
2026/03/19 05:48:50 structure,line: 2149     INFO | Adding trigonal angle terms...
2026/03/19 05:48:50 structure,line: 2151     INFO | Adding out-of-plane bends...
2026/03/19 05:48:50 structure,line: 2153     INFO | Adding pi-torsions...
2026/03/19 05:48:50 structure,line: 2155     INFO | Adding stretch-bends...
2026/03/19 05:48:50 structure,line: 2157     INFO | Adding torsion-torsions...
2026/03/19 05:48:50 structure,line: 2159     INFO | Adding Nonbonded force...
2026/03/19 05:48:50 energy_component,line: 338 DECOMPOSE | Decomposed Res Num: 266, Total Res Num: 447, Decomposition Progress: 59.50782997762863
2026/03/19 05:48:51 structure,line: 2132     INFO | Adding bonds...
2026/03/19 05:48:51 structure,line: 2135     INFO | Adding angles...
2026/03/19 05:48:51 structure,line: 2138     INFO | Adding dihedrals...
2026/03/19 05:48:51 structure,line: 2141     INFO | Adding Ryckaert-Bellemans torsions...
2026/03/19 05:48:51 structure,line: 2143     INFO | Adding Urey-Bradleys...
2026/03/19 05:48:51 structure,line: 2145     INFO | Adding improper torsions...
2026/03/19 05:48:51 structure,line: 2147     INFO | Adding CMAP torsions...
2026/03/19 05:48:51 structure,line: 2149     INFO | Adding trigonal angle terms...
2026/03/19 05:48:51 structure,line: 2151     INFO | Adding out-of-plane bends...
2026/03/19 05:48:51 structure,line: 2153     INFO | Adding pi-torsions...
2026/03/19 05:48:51 structure,line: 2155     INFO | Adding stretch-bends...
2026/03/19 05:48:51 structure,line: 2157     INFO | Adding torsion-torsions...
2026/03/19 05:48:51 structure,line: 2159     INFO | Adding Nonbonded force...
2026/03/19 05:48:51 energy_component,line: 338 DECOMPOSE | Decomposed Res Num: 267, Total Res Num: 447, Decomposition Progress: 59.73154362416108
2026/03/19 05:48:52 structure,line: 2132     INFO | Adding bonds...
2026/03/19 05:48:52 structure,line: 2135     INFO | Adding angles...
2026/03/19 05:48:52 structure,line: 2138     INFO | Adding dihedrals...
2026/03/19 05:48:52 structure,line: 2141     INFO | Adding Ryckaert-Bellemans torsions...
2026/03/19 05:48:52 structure,line: 2143     INFO | Adding Urey-Bradleys...
2026/03/19 05:48:52 structure,line: 2145     INFO | Adding improper torsions...
2026/03/19 05:48:52 structure,line: 2147     INFO | Adding CMAP torsions...
2026/03/19 05:48:52 structure,line: 2149     INFO | Adding trigonal angle terms...
2026/03/19 05:48:52 structure,line: 2151     INFO | Adding out-of-plane bends...
2026/03/19 05:48:52 structure,line: 2153     INFO | Adding pi-torsions...
2026/03/19 05:48:52 structure,line: 2155     INFO | Adding stretch-bends...
2026/03/19 05:48:52 structure,line: 2157     INFO | Adding torsion-torsions...
2026/03/19 05:48:52 structure,line: 2159     INFO | Adding Nonbonded force...
2026/03/19 05:48:52 energy_component,line: 338 DECOMPOSE | Decomposed Res Num: 268, Total Res Num: 447, Decomposition Progress: 59.95525727069351
2026/03/19 05:48:52 structure,line: 2132     INFO | Adding bonds...
2026/03/19 05:48:52 structure,line: 2135     INFO | Adding angles...
2026/03/19 05:48:52 structure,line: 2138     INFO | Adding dihedrals...
2026/03/19 05:48:52 structure,line: 2141     INFO | Adding Ryckaert-Bellemans torsions...
2026/03/19 05:48:52 structure,line: 2143     INFO | Adding Urey-Bradleys...
2026/03/19 05:48:52 structure,line: 2145     INFO | Adding improper torsions...
2026/03/19 05:48:52 structure,line: 2147     INFO | Adding CMAP torsions...
2026/03/19 05:48:52 structure,line: 2149     INFO | Adding trigonal angle terms...
2026/03/19 05:48:52 structure,line: 2151     INFO | Adding out-of-plane bends...
2026/03/19 05:48:52 structure,line: 2153     INFO | Adding pi-torsions...
2026/03/19 05:48:52 structure,line: 2155     INFO | Adding stretch-bends...
2026/03/19 05:48:52 structure,line: 2157     INFO | Adding torsion-torsions...
2026/03/19 05:48:52 structure,line: 2159     INFO | Adding Nonbonded force...
2026/03/19 05:48:53 energy_component,line: 338 DECOMPOSE | Decomposed Res Num: 269, Total Res Num: 447, Decomposition Progress: 60.178970917225946
2026/03/19 05:48:53 structure,line: 2132     INFO | Adding bonds...
2026/03/19 05:48:53 structure,line: 2135     INFO | Adding angles...
2026/03/19 05:48:53 structure,line: 2138     INFO | Adding dihedrals...
2026/03/19 05:48:53 structure,line: 2141     INFO | Adding Ryckaert-Bellemans torsions...
2026/03/19 05:48:53 structure,line: 2143     INFO | Adding Urey-Bradleys...
2026/03/19 05:48:53 structure,line: 2145     INFO | Adding improper torsions...
2026/03/19 05:48:53 structure,line: 2147     INFO | Adding CMAP torsions...
2026/03/19 05:48:53 structure,line: 2149     INFO | Adding trigonal angle terms...
2026/03/19 05:48:53 structure,line: 2151     INFO | Adding out-of-plane bends...
2026/03/19 05:48:53 structure,line: 2153     INFO | Adding pi-torsions...
2026/03/19 05:48:53 structure,line: 2155     INFO | Adding stretch-bends...
2026/03/19 05:48:53 structure,line: 2157     INFO | Adding torsion-torsions...
2026/03/19 05:48:53 structure,line: 2159     INFO | Adding Nonbonded force...
2026/03/19 05:48:54 energy_component,line: 338 DECOMPOSE | Decomposed Res Num: 270, Total Res Num: 447, Decomposition Progress: 60.40268456375839
2026/03/19 05:48:54 structure,line: 2132     INFO | Adding bonds...
2026/03/19 05:48:54 structure,line: 2135     INFO | Adding angles...
2026/03/19 05:48:54 structure,line: 2138     INFO | Adding dihedrals...
2026/03/19 05:48:54 structure,line: 2141     INFO | Adding Ryckaert-Bellemans torsions...
2026/03/19 05:48:54 structure,line: 2143     INFO | Adding Urey-Bradleys...
2026/03/19 05:48:54 structure,line: 2145     INFO | Adding improper torsions...
2026/03/19 05:48:54 structure,line: 2147     INFO | Adding CMAP torsions...
2026/03/19 05:48:54 structure,line: 2149     INFO | Adding trigonal angle terms...
2026/03/19 05:48:54 structure,line: 2151     INFO | Adding out-of-plane bends...
2026/03/19 05:48:54 structure,line: 2153     INFO | Adding pi-torsions...
2026/03/19 05:48:54 structure,line: 2155     INFO | Adding stretch-bends...
2026/03/19 05:48:54 structure,line: 2157     INFO | Adding torsion-torsions...
2026/03/19 05:48:54 structure,line: 2159     INFO | Adding Nonbonded force...
2026/03/19 05:48:54 energy_component,line: 338 DECOMPOSE | Decomposed Res Num: 271, Total Res Num: 447, Decomposition Progress: 60.62639821029083
2026/03/19 05:48:55 structure,line: 2132     INFO | Adding bonds...
2026/03/19 05:48:55 structure,line: 2135     INFO | Adding angles...
2026/03/19 05:48:55 structure,line: 2138     INFO | Adding dihedrals...
2026/03/19 05:48:55 structure,line: 2141     INFO | Adding Ryckaert-Bellemans torsions...
2026/03/19 05:48:55 structure,line: 2143     INFO | Adding Urey-Bradleys...
2026/03/19 05:48:55 structure,line: 2145     INFO | Adding improper torsions...
2026/03/19 05:48:55 structure,line: 2147     INFO | Adding CMAP torsions...
2026/03/19 05:48:55 structure,line: 2149     INFO | Adding trigonal angle terms...
2026/03/19 05:48:55 structure,line: 2151     INFO | Adding out-of-plane bends...
2026/03/19 05:48:55 structure,line: 2153     INFO | Adding pi-torsions...
2026/03/19 05:48:55 structure,line: 2155     INFO | Adding stretch-bends...
2026/03/19 05:48:55 structure,line: 2157     INFO | Adding torsion-torsions...
2026/03/19 05:48:55 structure,line: 2159     INFO | Adding Nonbonded force...
2026/03/19 05:48:55 energy_component,line: 338 DECOMPOSE | Decomposed Res Num: 272, Total Res Num: 447, Decomposition Progress: 60.85011185682326
2026/03/19 05:48:58 structure,line: 2132     INFO | Adding bonds...
2026/03/19 05:48:58 structure,line: 2135     INFO | Adding angles...
2026/03/19 05:48:58 structure,line: 2138     INFO | Adding dihedrals...
2026/03/19 05:48:58 structure,line: 2141     INFO | Adding Ryckaert-Bellemans torsions...
2026/03/19 05:48:58 structure,line: 2143     INFO | Adding Urey-Bradleys...
2026/03/19 05:48:58 structure,line: 2145     INFO | Adding improper torsions...
2026/03/19 05:48:58 structure,line: 2147     INFO | Adding CMAP torsions...
2026/03/19 05:48:58 structure,line: 2149     INFO | Adding trigonal angle terms...
2026/03/19 05:48:58 structure,line: 2151     INFO | Adding out-of-plane bends...
2026/03/19 05:48:58 structure,line: 2153     INFO | Adding pi-torsions...
2026/03/19 05:48:58 structure,line: 2155     INFO | Adding stretch-bends...
2026/03/19 05:48:58 structure,line: 2157     INFO | Adding torsion-torsions...
2026/03/19 05:48:58 structure,line: 2159     INFO | Adding Nonbonded force...
2026/03/19 05:48:59 energy_component,line: 338 DECOMPOSE | Decomposed Res Num: 273, Total Res Num: 447, Decomposition Progress: 61.07382550335571
2026/03/19 05:48:59 structure,line: 2132     INFO | Adding bonds...
2026/03/19 05:48:59 structure,line: 2135     INFO | Adding angles...
2026/03/19 05:48:59 structure,line: 2138     INFO | Adding dihedrals...
2026/03/19 05:48:59 structure,line: 2141     INFO | Adding Ryckaert-Bellemans torsions...
2026/03/19 05:48:59 structure,line: 2143     INFO | Adding Urey-Bradleys...
2026/03/19 05:48:59 structure,line: 2145     INFO | Adding improper torsions...
2026/03/19 05:48:59 structure,line: 2147     INFO | Adding CMAP torsions...
2026/03/19 05:48:59 structure,line: 2149     INFO | Adding trigonal angle terms...
2026/03/19 05:48:59 structure,line: 2151     INFO | Adding out-of-plane bends...
2026/03/19 05:48:59 structure,line: 2153     INFO | Adding pi-torsions...
2026/03/19 05:48:59 structure,line: 2155     INFO | Adding stretch-bends...
2026/03/19 05:48:59 structure,line: 2157     INFO | Adding torsion-torsions...
2026/03/19 05:48:59 structure,line: 2159     INFO | Adding Nonbonded force...
2026/03/19 05:49:00 energy_component,line: 338 DECOMPOSE | Decomposed Res Num: 274, Total Res Num: 447, Decomposition Progress: 61.297539149888145
2026/03/19 05:49:00 structure,line: 2132     INFO | Adding bonds...
2026/03/19 05:49:00 structure,line: 2135     INFO | Adding angles...
2026/03/19 05:49:00 structure,line: 2138     INFO | Adding dihedrals...
2026/03/19 05:49:00 structure,line: 2141     INFO | Adding Ryckaert-Bellemans torsions...
2026/03/19 05:49:00 structure,line: 2143     INFO | Adding Urey-Bradleys...
2026/03/19 05:49:00 structure,line: 2145     INFO | Adding improper torsions...
2026/03/19 05:49:00 structure,line: 2147     INFO | Adding CMAP torsions...
2026/03/19 05:49:00 structure,line: 2149     INFO | Adding trigonal angle terms...
2026/03/19 05:49:00 structure,line: 2151     INFO | Adding out-of-plane bends...
2026/03/19 05:49:00 structure,line: 2153     INFO | Adding pi-torsions...
2026/03/19 05:49:00 structure,line: 2155     INFO | Adding stretch-bends...
2026/03/19 05:49:00 structure,line: 2157     INFO | Adding torsion-torsions...
2026/03/19 05:49:00 structure,line: 2159     INFO | Adding Nonbonded force...
2026/03/19 05:49:00 energy_component,line: 338 DECOMPOSE | Decomposed Res Num: 275, Total Res Num: 447, Decomposition Progress: 61.521252796420576
2026/03/19 05:49:01 structure,line: 2132     INFO | Adding bonds...
2026/03/19 05:49:01 structure,line: 2135     INFO | Adding angles...
2026/03/19 05:49:01 structure,line: 2138     INFO | Adding dihedrals...
2026/03/19 05:49:01 structure,line: 2141     INFO | Adding Ryckaert-Bellemans torsions...
2026/03/19 05:49:01 structure,line: 2143     INFO | Adding Urey-Bradleys...
2026/03/19 05:49:01 structure,line: 2145     INFO | Adding improper torsions...
2026/03/19 05:49:01 structure,line: 2147     INFO | Adding CMAP torsions...
2026/03/19 05:49:01 structure,line: 2149     INFO | Adding trigonal angle terms...
2026/03/19 05:49:01 structure,line: 2151     INFO | Adding out-of-plane bends...
2026/03/19 05:49:01 structure,line: 2153     INFO | Adding pi-torsions...
2026/03/19 05:49:01 structure,line: 2155     INFO | Adding stretch-bends...
2026/03/19 05:49:01 structure,line: 2157     INFO | Adding torsion-torsions...
2026/03/19 05:49:01 structure,line: 2159     INFO | Adding Nonbonded force...
2026/03/19 05:49:01 energy_component,line: 338 DECOMPOSE | Decomposed Res Num: 276, Total Res Num: 447, Decomposition Progress: 61.74496644295302
2026/03/19 05:49:02 structure,line: 2132     INFO | Adding bonds...
2026/03/19 05:49:02 structure,line: 2135     INFO | Adding angles...
2026/03/19 05:49:02 structure,line: 2138     INFO | Adding dihedrals...
2026/03/19 05:49:02 structure,line: 2141     INFO | Adding Ryckaert-Bellemans torsions...
2026/03/19 05:49:02 structure,line: 2143     INFO | Adding Urey-Bradleys...
2026/03/19 05:49:02 structure,line: 2145     INFO | Adding improper torsions...
2026/03/19 05:49:02 structure,line: 2147     INFO | Adding CMAP torsions...
2026/03/19 05:49:02 structure,line: 2149     INFO | Adding trigonal angle terms...
2026/03/19 05:49:02 structure,line: 2151     INFO | Adding out-of-plane bends...
2026/03/19 05:49:02 structure,line: 2153     INFO | Adding pi-torsions...
2026/03/19 05:49:02 structure,line: 2155     INFO | Adding stretch-bends...
2026/03/19 05:49:02 structure,line: 2157     INFO | Adding torsion-torsions...
2026/03/19 05:49:02 structure,line: 2159     INFO | Adding Nonbonded force...
2026/03/19 05:49:02 energy_component,line: 338 DECOMPOSE | Decomposed Res Num: 277, Total Res Num: 447, Decomposition Progress: 61.96868008948546
2026/03/19 05:49:02 structure,line: 2132     INFO | Adding bonds...
2026/03/19 05:49:02 structure,line: 2135     INFO | Adding angles...
2026/03/19 05:49:02 structure,line: 2138     INFO | Adding dihedrals...
2026/03/19 05:49:02 structure,line: 2141     INFO | Adding Ryckaert-Bellemans torsions...
2026/03/19 05:49:02 structure,line: 2143     INFO | Adding Urey-Bradleys...
2026/03/19 05:49:02 structure,line: 2145     INFO | Adding improper torsions...
2026/03/19 05:49:02 structure,line: 2147     INFO | Adding CMAP torsions...
2026/03/19 05:49:02 structure,line: 2149     INFO | Adding trigonal angle terms...
2026/03/19 05:49:02 structure,line: 2151     INFO | Adding out-of-plane bends...
2026/03/19 05:49:02 structure,line: 2153     INFO | Adding pi-torsions...
2026/03/19 05:49:02 structure,line: 2155     INFO | Adding stretch-bends...
2026/03/19 05:49:02 structure,line: 2157     INFO | Adding torsion-torsions...
2026/03/19 05:49:02 structure,line: 2159     INFO | Adding Nonbonded force...
2026/03/19 05:49:03 energy_component,line: 338 DECOMPOSE | Decomposed Res Num: 278, Total Res Num: 447, Decomposition Progress: 62.19239373601789
2026/03/19 05:49:03 structure,line: 2132     INFO | Adding bonds...
2026/03/19 05:49:03 structure,line: 2135     INFO | Adding angles...
2026/03/19 05:49:03 structure,line: 2138     INFO | Adding dihedrals...
2026/03/19 05:49:03 structure,line: 2141     INFO | Adding Ryckaert-Bellemans torsions...
2026/03/19 05:49:03 structure,line: 2143     INFO | Adding Urey-Bradleys...
2026/03/19 05:49:03 structure,line: 2145     INFO | Adding improper torsions...
2026/03/19 05:49:03 structure,line: 2147     INFO | Adding CMAP torsions...
2026/03/19 05:49:03 structure,line: 2149     INFO | Adding trigonal angle terms...
2026/03/19 05:49:03 structure,line: 2151     INFO | Adding out-of-plane bends...
2026/03/19 05:49:03 structure,line: 2153     INFO | Adding pi-torsions...
2026/03/19 05:49:03 structure,line: 2155     INFO | Adding stretch-bends...
2026/03/19 05:49:03 structure,line: 2157     INFO | Adding torsion-torsions...
2026/03/19 05:49:03 structure,line: 2159     INFO | Adding Nonbonded force...
2026/03/19 05:49:04 energy_component,line: 338 DECOMPOSE | Decomposed Res Num: 279, Total Res Num: 447, Decomposition Progress: 62.41610738255034
2026/03/19 05:49:04 structure,line: 2132     INFO | Adding bonds...
2026/03/19 05:49:04 structure,line: 2135     INFO | Adding angles...
2026/03/19 05:49:04 structure,line: 2138     INFO | Adding dihedrals...
2026/03/19 05:49:04 structure,line: 2141     INFO | Adding Ryckaert-Bellemans torsions...
2026/03/19 05:49:04 structure,line: 2143     INFO | Adding Urey-Bradleys...
2026/03/19 05:49:04 structure,line: 2145     INFO | Adding improper torsions...
2026/03/19 05:49:04 structure,line: 2147     INFO | Adding CMAP torsions...
2026/03/19 05:49:04 structure,line: 2149     INFO | Adding trigonal angle terms...
2026/03/19 05:49:04 structure,line: 2151     INFO | Adding out-of-plane bends...
2026/03/19 05:49:04 structure,line: 2153     INFO | Adding pi-torsions...
2026/03/19 05:49:04 structure,line: 2155     INFO | Adding stretch-bends...
2026/03/19 05:49:04 structure,line: 2157     INFO | Adding torsion-torsions...
2026/03/19 05:49:04 structure,line: 2159     INFO | Adding Nonbonded force...
2026/03/19 05:49:04 energy_component,line: 338 DECOMPOSE | Decomposed Res Num: 280, Total Res Num: 447, Decomposition Progress: 62.639821029082775
2026/03/19 05:49:05 structure,line: 2132     INFO | Adding bonds...
2026/03/19 05:49:05 structure,line: 2135     INFO | Adding angles...
2026/03/19 05:49:05 structure,line: 2138     INFO | Adding dihedrals...
2026/03/19 05:49:05 structure,line: 2141     INFO | Adding Ryckaert-Bellemans torsions...
2026/03/19 05:49:05 structure,line: 2143     INFO | Adding Urey-Bradleys...
2026/03/19 05:49:05 structure,line: 2145     INFO | Adding improper torsions...
2026/03/19 05:49:05 structure,line: 2147     INFO | Adding CMAP torsions...
2026/03/19 05:49:05 structure,line: 2149     INFO | Adding trigonal angle terms...
2026/03/19 05:49:05 structure,line: 2151     INFO | Adding out-of-plane bends...
2026/03/19 05:49:05 structure,line: 2153     INFO | Adding pi-torsions...
2026/03/19 05:49:05 structure,line: 2155     INFO | Adding stretch-bends...
2026/03/19 05:49:05 structure,line: 2157     INFO | Adding torsion-torsions...
2026/03/19 05:49:05 structure,line: 2159     INFO | Adding Nonbonded force...
2026/03/19 05:49:05 energy_component,line: 338 DECOMPOSE | Decomposed Res Num: 281, Total Res Num: 447, Decomposition Progress: 62.86353467561522
2026/03/19 05:49:06 structure,line: 2132     INFO | Adding bonds...
2026/03/19 05:49:06 structure,line: 2135     INFO | Adding angles...
2026/03/19 05:49:06 structure,line: 2138     INFO | Adding dihedrals...
2026/03/19 05:49:06 structure,line: 2141     INFO | Adding Ryckaert-Bellemans torsions...
2026/03/19 05:49:06 structure,line: 2143     INFO | Adding Urey-Bradleys...
2026/03/19 05:49:06 structure,line: 2145     INFO | Adding improper torsions...
2026/03/19 05:49:06 structure,line: 2147     INFO | Adding CMAP torsions...
2026/03/19 05:49:06 structure,line: 2149     INFO | Adding trigonal angle terms...
2026/03/19 05:49:06 structure,line: 2151     INFO | Adding out-of-plane bends...
2026/03/19 05:49:06 structure,line: 2153     INFO | Adding pi-torsions...
2026/03/19 05:49:06 structure,line: 2155     INFO | Adding stretch-bends...
2026/03/19 05:49:06 structure,line: 2157     INFO | Adding torsion-torsions...
2026/03/19 05:49:06 structure,line: 2159     INFO | Adding Nonbonded force...
2026/03/19 05:49:06 energy_component,line: 338 DECOMPOSE | Decomposed Res Num: 282, Total Res Num: 447, Decomposition Progress: 63.08724832214765
2026/03/19 05:49:06 structure,line: 2132     INFO | Adding bonds...
2026/03/19 05:49:06 structure,line: 2135     INFO | Adding angles...
2026/03/19 05:49:06 structure,line: 2138     INFO | Adding dihedrals...
2026/03/19 05:49:06 structure,line: 2141     INFO | Adding Ryckaert-Bellemans torsions...
2026/03/19 05:49:06 structure,line: 2143     INFO | Adding Urey-Bradleys...
2026/03/19 05:49:06 structure,line: 2145     INFO | Adding improper torsions...
2026/03/19 05:49:06 structure,line: 2147     INFO | Adding CMAP torsions...
2026/03/19 05:49:06 structure,line: 2149     INFO | Adding trigonal angle terms...
2026/03/19 05:49:06 structure,line: 2151     INFO | Adding out-of-plane bends...
2026/03/19 05:49:06 structure,line: 2153     INFO | Adding pi-torsions...
2026/03/19 05:49:06 structure,line: 2155     INFO | Adding stretch-bends...
2026/03/19 05:49:06 structure,line: 2157     INFO | Adding torsion-torsions...
2026/03/19 05:49:06 structure,line: 2159     INFO | Adding Nonbonded force...
2026/03/19 05:49:07 energy_component,line: 338 DECOMPOSE | Decomposed Res Num: 283, Total Res Num: 447, Decomposition Progress: 63.31096196868009
2026/03/19 05:49:07 structure,line: 2132     INFO | Adding bonds...
2026/03/19 05:49:07 structure,line: 2135     INFO | Adding angles...
2026/03/19 05:49:07 structure,line: 2138     INFO | Adding dihedrals...
2026/03/19 05:49:07 structure,line: 2141     INFO | Adding Ryckaert-Bellemans torsions...
2026/03/19 05:49:07 structure,line: 2143     INFO | Adding Urey-Bradleys...
2026/03/19 05:49:07 structure,line: 2145     INFO | Adding improper torsions...
2026/03/19 05:49:07 structure,line: 2147     INFO | Adding CMAP torsions...
2026/03/19 05:49:07 structure,line: 2149     INFO | Adding trigonal angle terms...
2026/03/19 05:49:07 structure,line: 2151     INFO | Adding out-of-plane bends...
2026/03/19 05:49:07 structure,line: 2153     INFO | Adding pi-torsions...
2026/03/19 05:49:07 structure,line: 2155     INFO | Adding stretch-bends...
2026/03/19 05:49:07 structure,line: 2157     INFO | Adding torsion-torsions...
2026/03/19 05:49:07 structure,line: 2159     INFO | Adding Nonbonded force...
2026/03/19 05:49:08 energy_component,line: 338 DECOMPOSE | Decomposed Res Num: 284, Total Res Num: 447, Decomposition Progress: 63.534675615212535
2026/03/19 05:49:08 structure,line: 2132     INFO | Adding bonds...
2026/03/19 05:49:08 structure,line: 2135     INFO | Adding angles...
2026/03/19 05:49:08 structure,line: 2138     INFO | Adding dihedrals...
2026/03/19 05:49:08 structure,line: 2141     INFO | Adding Ryckaert-Bellemans torsions...
2026/03/19 05:49:08 structure,line: 2143     INFO | Adding Urey-Bradleys...
2026/03/19 05:49:08 structure,line: 2145     INFO | Adding improper torsions...
2026/03/19 05:49:08 structure,line: 2147     INFO | Adding CMAP torsions...
2026/03/19 05:49:08 structure,line: 2149     INFO | Adding trigonal angle terms...
2026/03/19 05:49:08 structure,line: 2151     INFO | Adding out-of-plane bends...
2026/03/19 05:49:08 structure,line: 2153     INFO | Adding pi-torsions...
2026/03/19 05:49:08 structure,line: 2155     INFO | Adding stretch-bends...
2026/03/19 05:49:08 structure,line: 2157     INFO | Adding torsion-torsions...
2026/03/19 05:49:08 structure,line: 2159     INFO | Adding Nonbonded force...
2026/03/19 05:49:08 energy_component,line: 338 DECOMPOSE | Decomposed Res Num: 285, Total Res Num: 447, Decomposition Progress: 63.758389261744966
2026/03/19 05:49:09 structure,line: 2132     INFO | Adding bonds...
2026/03/19 05:49:09 structure,line: 2135     INFO | Adding angles...
2026/03/19 05:49:09 structure,line: 2138     INFO | Adding dihedrals...
2026/03/19 05:49:09 structure,line: 2141     INFO | Adding Ryckaert-Bellemans torsions...
2026/03/19 05:49:09 structure,line: 2143     INFO | Adding Urey-Bradleys...
2026/03/19 05:49:09 structure,line: 2145     INFO | Adding improper torsions...
2026/03/19 05:49:09 structure,line: 2147     INFO | Adding CMAP torsions...
2026/03/19 05:49:09 structure,line: 2149     INFO | Adding trigonal angle terms...
2026/03/19 05:49:09 structure,line: 2151     INFO | Adding out-of-plane bends...
2026/03/19 05:49:09 structure,line: 2153     INFO | Adding pi-torsions...
2026/03/19 05:49:09 structure,line: 2155     INFO | Adding stretch-bends...
2026/03/19 05:49:09 structure,line: 2157     INFO | Adding torsion-torsions...
2026/03/19 05:49:09 structure,line: 2159     INFO | Adding Nonbonded force...
2026/03/19 05:49:09 energy_component,line: 338 DECOMPOSE | Decomposed Res Num: 286, Total Res Num: 447, Decomposition Progress: 63.982102908277405
2026/03/19 05:49:10 structure,line: 2132     INFO | Adding bonds...
2026/03/19 05:49:10 structure,line: 2135     INFO | Adding angles...
2026/03/19 05:49:10 structure,line: 2138     INFO | Adding dihedrals...
2026/03/19 05:49:10 structure,line: 2141     INFO | Adding Ryckaert-Bellemans torsions...
2026/03/19 05:49:10 structure,line: 2143     INFO | Adding Urey-Bradleys...
2026/03/19 05:49:10 structure,line: 2145     INFO | Adding improper torsions...
2026/03/19 05:49:10 structure,line: 2147     INFO | Adding CMAP torsions...
2026/03/19 05:49:10 structure,line: 2149     INFO | Adding trigonal angle terms...
2026/03/19 05:49:10 structure,line: 2151     INFO | Adding out-of-plane bends...
2026/03/19 05:49:10 structure,line: 2153     INFO | Adding pi-torsions...
2026/03/19 05:49:10 structure,line: 2155     INFO | Adding stretch-bends...
2026/03/19 05:49:10 structure,line: 2157     INFO | Adding torsion-torsions...
2026/03/19 05:49:10 structure,line: 2159     INFO | Adding Nonbonded force...
2026/03/19 05:49:10 energy_component,line: 338 DECOMPOSE | Decomposed Res Num: 287, Total Res Num: 447, Decomposition Progress: 64.20581655480984
2026/03/19 05:49:13 structure,line: 2132     INFO | Adding bonds...
2026/03/19 05:49:13 structure,line: 2135     INFO | Adding angles...
2026/03/19 05:49:13 structure,line: 2138     INFO | Adding dihedrals...
2026/03/19 05:49:13 structure,line: 2141     INFO | Adding Ryckaert-Bellemans torsions...
2026/03/19 05:49:13 structure,line: 2143     INFO | Adding Urey-Bradleys...
2026/03/19 05:49:13 structure,line: 2145     INFO | Adding improper torsions...
2026/03/19 05:49:13 structure,line: 2147     INFO | Adding CMAP torsions...
2026/03/19 05:49:13 structure,line: 2149     INFO | Adding trigonal angle terms...
2026/03/19 05:49:13 structure,line: 2151     INFO | Adding out-of-plane bends...
2026/03/19 05:49:13 structure,line: 2153     INFO | Adding pi-torsions...
2026/03/19 05:49:13 structure,line: 2155     INFO | Adding stretch-bends...
2026/03/19 05:49:13 structure,line: 2157     INFO | Adding torsion-torsions...
2026/03/19 05:49:13 structure,line: 2159     INFO | Adding Nonbonded force...
2026/03/19 05:49:13 energy_component,line: 338 DECOMPOSE | Decomposed Res Num: 288, Total Res Num: 447, Decomposition Progress: 64.42953020134227
2026/03/19 05:49:14 structure,line: 2132     INFO | Adding bonds...
2026/03/19 05:49:14 structure,line: 2135     INFO | Adding angles...
2026/03/19 05:49:14 structure,line: 2138     INFO | Adding dihedrals...
2026/03/19 05:49:14 structure,line: 2141     INFO | Adding Ryckaert-Bellemans torsions...
2026/03/19 05:49:14 structure,line: 2143     INFO | Adding Urey-Bradleys...
2026/03/19 05:49:14 structure,line: 2145     INFO | Adding improper torsions...
2026/03/19 05:49:14 structure,line: 2147     INFO | Adding CMAP torsions...
2026/03/19 05:49:14 structure,line: 2149     INFO | Adding trigonal angle terms...
2026/03/19 05:49:14 structure,line: 2151     INFO | Adding out-of-plane bends...
2026/03/19 05:49:14 structure,line: 2153     INFO | Adding pi-torsions...
2026/03/19 05:49:14 structure,line: 2155     INFO | Adding stretch-bends...
2026/03/19 05:49:14 structure,line: 2157     INFO | Adding torsion-torsions...
2026/03/19 05:49:14 structure,line: 2159     INFO | Adding Nonbonded force...
2026/03/19 05:49:14 energy_component,line: 338 DECOMPOSE | Decomposed Res Num: 289, Total Res Num: 447, Decomposition Progress: 64.65324384787472
2026/03/19 05:49:15 structure,line: 2132     INFO | Adding bonds...
2026/03/19 05:49:15 structure,line: 2135     INFO | Adding angles...
2026/03/19 05:49:15 structure,line: 2138     INFO | Adding dihedrals...
2026/03/19 05:49:15 structure,line: 2141     INFO | Adding Ryckaert-Bellemans torsions...
2026/03/19 05:49:15 structure,line: 2143     INFO | Adding Urey-Bradleys...
2026/03/19 05:49:15 structure,line: 2145     INFO | Adding improper torsions...
2026/03/19 05:49:15 structure,line: 2147     INFO | Adding CMAP torsions...
2026/03/19 05:49:15 structure,line: 2149     INFO | Adding trigonal angle terms...
2026/03/19 05:49:15 structure,line: 2151     INFO | Adding out-of-plane bends...
2026/03/19 05:49:15 structure,line: 2153     INFO | Adding pi-torsions...
2026/03/19 05:49:15 structure,line: 2155     INFO | Adding stretch-bends...
2026/03/19 05:49:15 structure,line: 2157     INFO | Adding torsion-torsions...
2026/03/19 05:49:15 structure,line: 2159     INFO | Adding Nonbonded force...
2026/03/19 05:49:15 energy_component,line: 338 DECOMPOSE | Decomposed Res Num: 290, Total Res Num: 447, Decomposition Progress: 64.87695749440716
2026/03/19 05:49:16 structure,line: 2132     INFO | Adding bonds...
2026/03/19 05:49:16 structure,line: 2135     INFO | Adding angles...
2026/03/19 05:49:16 structure,line: 2138     INFO | Adding dihedrals...
2026/03/19 05:49:16 structure,line: 2141     INFO | Adding Ryckaert-Bellemans torsions...
2026/03/19 05:49:16 structure,line: 2143     INFO | Adding Urey-Bradleys...
2026/03/19 05:49:16 structure,line: 2145     INFO | Adding improper torsions...
2026/03/19 05:49:16 structure,line: 2147     INFO | Adding CMAP torsions...
2026/03/19 05:49:16 structure,line: 2149     INFO | Adding trigonal angle terms...
2026/03/19 05:49:16 structure,line: 2151     INFO | Adding out-of-plane bends...
2026/03/19 05:49:16 structure,line: 2153     INFO | Adding pi-torsions...
2026/03/19 05:49:16 structure,line: 2155     INFO | Adding stretch-bends...
2026/03/19 05:49:16 structure,line: 2157     INFO | Adding torsion-torsions...
2026/03/19 05:49:16 structure,line: 2159     INFO | Adding Nonbonded force...
2026/03/19 05:49:16 energy_component,line: 338 DECOMPOSE | Decomposed Res Num: 291, Total Res Num: 447, Decomposition Progress: 65.1006711409396
2026/03/19 05:49:16 structure,line: 2132     INFO | Adding bonds...
2026/03/19 05:49:16 structure,line: 2135     INFO | Adding angles...
2026/03/19 05:49:16 structure,line: 2138     INFO | Adding dihedrals...
2026/03/19 05:49:16 structure,line: 2141     INFO | Adding Ryckaert-Bellemans torsions...
2026/03/19 05:49:16 structure,line: 2143     INFO | Adding Urey-Bradleys...
2026/03/19 05:49:16 structure,line: 2145     INFO | Adding improper torsions...
2026/03/19 05:49:16 structure,line: 2147     INFO | Adding CMAP torsions...
2026/03/19 05:49:16 structure,line: 2149     INFO | Adding trigonal angle terms...
2026/03/19 05:49:16 structure,line: 2151     INFO | Adding out-of-plane bends...
2026/03/19 05:49:16 structure,line: 2153     INFO | Adding pi-torsions...
2026/03/19 05:49:16 structure,line: 2155     INFO | Adding stretch-bends...
2026/03/19 05:49:16 structure,line: 2157     INFO | Adding torsion-torsions...
2026/03/19 05:49:16 structure,line: 2159     INFO | Adding Nonbonded force...
2026/03/19 05:49:17 energy_component,line: 338 DECOMPOSE | Decomposed Res Num: 292, Total Res Num: 447, Decomposition Progress: 65.32438478747203
2026/03/19 05:49:17 structure,line: 2132     INFO | Adding bonds...
2026/03/19 05:49:17 structure,line: 2135     INFO | Adding angles...
2026/03/19 05:49:17 structure,line: 2138     INFO | Adding dihedrals...
2026/03/19 05:49:17 structure,line: 2141     INFO | Adding Ryckaert-Bellemans torsions...
2026/03/19 05:49:17 structure,line: 2143     INFO | Adding Urey-Bradleys...
2026/03/19 05:49:17 structure,line: 2145     INFO | Adding improper torsions...
2026/03/19 05:49:17 structure,line: 2147     INFO | Adding CMAP torsions...
2026/03/19 05:49:17 structure,line: 2149     INFO | Adding trigonal angle terms...
2026/03/19 05:49:17 structure,line: 2151     INFO | Adding out-of-plane bends...
2026/03/19 05:49:17 structure,line: 2153     INFO | Adding pi-torsions...
2026/03/19 05:49:17 structure,line: 2155     INFO | Adding stretch-bends...
2026/03/19 05:49:17 structure,line: 2157     INFO | Adding torsion-torsions...
2026/03/19 05:49:17 structure,line: 2159     INFO | Adding Nonbonded force...
2026/03/19 05:49:17 energy_component,line: 338 DECOMPOSE | Decomposed Res Num: 293, Total Res Num: 447, Decomposition Progress: 65.54809843400447
2026/03/19 05:49:18 structure,line: 2132     INFO | Adding bonds...
2026/03/19 05:49:18 structure,line: 2135     INFO | Adding angles...
2026/03/19 05:49:18 structure,line: 2138     INFO | Adding dihedrals...
2026/03/19 05:49:18 structure,line: 2141     INFO | Adding Ryckaert-Bellemans torsions...
2026/03/19 05:49:18 structure,line: 2143     INFO | Adding Urey-Bradleys...
2026/03/19 05:49:18 structure,line: 2145     INFO | Adding improper torsions...
2026/03/19 05:49:18 structure,line: 2147     INFO | Adding CMAP torsions...
2026/03/19 05:49:18 structure,line: 2149     INFO | Adding trigonal angle terms...
2026/03/19 05:49:18 structure,line: 2151     INFO | Adding out-of-plane bends...
2026/03/19 05:49:18 structure,line: 2153     INFO | Adding pi-torsions...
2026/03/19 05:49:18 structure,line: 2155     INFO | Adding stretch-bends...
2026/03/19 05:49:18 structure,line: 2157     INFO | Adding torsion-torsions...
2026/03/19 05:49:18 structure,line: 2159     INFO | Adding Nonbonded force...
2026/03/19 05:49:18 energy_component,line: 338 DECOMPOSE | Decomposed Res Num: 294, Total Res Num: 447, Decomposition Progress: 65.77181208053692
2026/03/19 05:49:19 structure,line: 2132     INFO | Adding bonds...
2026/03/19 05:49:19 structure,line: 2135     INFO | Adding angles...
2026/03/19 05:49:19 structure,line: 2138     INFO | Adding dihedrals...
2026/03/19 05:49:19 structure,line: 2141     INFO | Adding Ryckaert-Bellemans torsions...
2026/03/19 05:49:19 structure,line: 2143     INFO | Adding Urey-Bradleys...
2026/03/19 05:49:19 structure,line: 2145     INFO | Adding improper torsions...
2026/03/19 05:49:19 structure,line: 2147     INFO | Adding CMAP torsions...
2026/03/19 05:49:19 structure,line: 2149     INFO | Adding trigonal angle terms...
2026/03/19 05:49:19 structure,line: 2151     INFO | Adding out-of-plane bends...
2026/03/19 05:49:19 structure,line: 2153     INFO | Adding pi-torsions...
2026/03/19 05:49:19 structure,line: 2155     INFO | Adding stretch-bends...
2026/03/19 05:49:19 structure,line: 2157     INFO | Adding torsion-torsions...
2026/03/19 05:49:19 structure,line: 2159     INFO | Adding Nonbonded force...
2026/03/19 05:49:19 energy_component,line: 338 DECOMPOSE | Decomposed Res Num: 295, Total Res Num: 447, Decomposition Progress: 65.99552572706935
2026/03/19 05:49:20 structure,line: 2132     INFO | Adding bonds...
2026/03/19 05:49:20 structure,line: 2135     INFO | Adding angles...
2026/03/19 05:49:20 structure,line: 2138     INFO | Adding dihedrals...
2026/03/19 05:49:20 structure,line: 2141     INFO | Adding Ryckaert-Bellemans torsions...
2026/03/19 05:49:20 structure,line: 2143     INFO | Adding Urey-Bradleys...
2026/03/19 05:49:20 structure,line: 2145     INFO | Adding improper torsions...
2026/03/19 05:49:20 structure,line: 2147     INFO | Adding CMAP torsions...
2026/03/19 05:49:20 structure,line: 2149     INFO | Adding trigonal angle terms...
2026/03/19 05:49:20 structure,line: 2151     INFO | Adding out-of-plane bends...
2026/03/19 05:49:20 structure,line: 2153     INFO | Adding pi-torsions...
2026/03/19 05:49:20 structure,line: 2155     INFO | Adding stretch-bends...
2026/03/19 05:49:20 structure,line: 2157     INFO | Adding torsion-torsions...
2026/03/19 05:49:20 structure,line: 2159     INFO | Adding Nonbonded force...
2026/03/19 05:49:20 energy_component,line: 338 DECOMPOSE | Decomposed Res Num: 296, Total Res Num: 447, Decomposition Progress: 66.2192393736018
2026/03/19 05:49:20 structure,line: 2132     INFO | Adding bonds...
2026/03/19 05:49:20 structure,line: 2135     INFO | Adding angles...
2026/03/19 05:49:20 structure,line: 2138     INFO | Adding dihedrals...
2026/03/19 05:49:20 structure,line: 2141     INFO | Adding Ryckaert-Bellemans torsions...
2026/03/19 05:49:20 structure,line: 2143     INFO | Adding Urey-Bradleys...
2026/03/19 05:49:20 structure,line: 2145     INFO | Adding improper torsions...
2026/03/19 05:49:20 structure,line: 2147     INFO | Adding CMAP torsions...
2026/03/19 05:49:20 structure,line: 2149     INFO | Adding trigonal angle terms...
2026/03/19 05:49:20 structure,line: 2151     INFO | Adding out-of-plane bends...
2026/03/19 05:49:20 structure,line: 2153     INFO | Adding pi-torsions...
2026/03/19 05:49:20 structure,line: 2155     INFO | Adding stretch-bends...
2026/03/19 05:49:20 structure,line: 2157     INFO | Adding torsion-torsions...
2026/03/19 05:49:20 structure,line: 2159     INFO | Adding Nonbonded force...
2026/03/19 05:49:21 energy_component,line: 338 DECOMPOSE | Decomposed Res Num: 297, Total Res Num: 447, Decomposition Progress: 66.44295302013423
2026/03/19 05:49:21 structure,line: 2132     INFO | Adding bonds...
2026/03/19 05:49:21 structure,line: 2135     INFO | Adding angles...
2026/03/19 05:49:21 structure,line: 2138     INFO | Adding dihedrals...
2026/03/19 05:49:21 structure,line: 2141     INFO | Adding Ryckaert-Bellemans torsions...
2026/03/19 05:49:21 structure,line: 2143     INFO | Adding Urey-Bradleys...
2026/03/19 05:49:21 structure,line: 2145     INFO | Adding improper torsions...
2026/03/19 05:49:21 structure,line: 2147     INFO | Adding CMAP torsions...
2026/03/19 05:49:21 structure,line: 2149     INFO | Adding trigonal angle terms...
2026/03/19 05:49:21 structure,line: 2151     INFO | Adding out-of-plane bends...
2026/03/19 05:49:21 structure,line: 2153     INFO | Adding pi-torsions...
2026/03/19 05:49:21 structure,line: 2155     INFO | Adding stretch-bends...
2026/03/19 05:49:21 structure,line: 2157     INFO | Adding torsion-torsions...
2026/03/19 05:49:21 structure,line: 2159     INFO | Adding Nonbonded force...
2026/03/19 05:49:22 energy_component,line: 338 DECOMPOSE | Decomposed Res Num: 298, Total Res Num: 447, Decomposition Progress: 66.66666666666666
2026/03/19 05:49:22 structure,line: 2132     INFO | Adding bonds...
2026/03/19 05:49:22 structure,line: 2135     INFO | Adding angles...
2026/03/19 05:49:22 structure,line: 2138     INFO | Adding dihedrals...
2026/03/19 05:49:22 structure,line: 2141     INFO | Adding Ryckaert-Bellemans torsions...
2026/03/19 05:49:22 structure,line: 2143     INFO | Adding Urey-Bradleys...
2026/03/19 05:49:22 structure,line: 2145     INFO | Adding improper torsions...
2026/03/19 05:49:22 structure,line: 2147     INFO | Adding CMAP torsions...
2026/03/19 05:49:22 structure,line: 2149     INFO | Adding trigonal angle terms...
2026/03/19 05:49:22 structure,line: 2151     INFO | Adding out-of-plane bends...
2026/03/19 05:49:22 structure,line: 2153     INFO | Adding pi-torsions...
2026/03/19 05:49:22 structure,line: 2155     INFO | Adding stretch-bends...
2026/03/19 05:49:22 structure,line: 2157     INFO | Adding torsion-torsions...
2026/03/19 05:49:22 structure,line: 2159     INFO | Adding Nonbonded force...
2026/03/19 05:49:22 energy_component,line: 338 DECOMPOSE | Decomposed Res Num: 299, Total Res Num: 447, Decomposition Progress: 66.8903803131991
2026/03/19 05:49:23 structure,line: 2132     INFO | Adding bonds...
2026/03/19 05:49:23 structure,line: 2135     INFO | Adding angles...
2026/03/19 05:49:23 structure,line: 2138     INFO | Adding dihedrals...
2026/03/19 05:49:23 structure,line: 2141     INFO | Adding Ryckaert-Bellemans torsions...
2026/03/19 05:49:23 structure,line: 2143     INFO | Adding Urey-Bradleys...
2026/03/19 05:49:23 structure,line: 2145     INFO | Adding improper torsions...
2026/03/19 05:49:23 structure,line: 2147     INFO | Adding CMAP torsions...
2026/03/19 05:49:23 structure,line: 2149     INFO | Adding trigonal angle terms...
2026/03/19 05:49:23 structure,line: 2151     INFO | Adding out-of-plane bends...
2026/03/19 05:49:23 structure,line: 2153     INFO | Adding pi-torsions...
2026/03/19 05:49:23 structure,line: 2155     INFO | Adding stretch-bends...
2026/03/19 05:49:23 structure,line: 2157     INFO | Adding torsion-torsions...
2026/03/19 05:49:23 structure,line: 2159     INFO | Adding Nonbonded force...
2026/03/19 05:49:23 energy_component,line: 338 DECOMPOSE | Decomposed Res Num: 300, Total Res Num: 447, Decomposition Progress: 67.11409395973155
2026/03/19 05:49:24 structure,line: 2132     INFO | Adding bonds...
2026/03/19 05:49:24 structure,line: 2135     INFO | Adding angles...
2026/03/19 05:49:24 structure,line: 2138     INFO | Adding dihedrals...
2026/03/19 05:49:24 structure,line: 2141     INFO | Adding Ryckaert-Bellemans torsions...
2026/03/19 05:49:24 structure,line: 2143     INFO | Adding Urey-Bradleys...
2026/03/19 05:49:24 structure,line: 2145     INFO | Adding improper torsions...
2026/03/19 05:49:24 structure,line: 2147     INFO | Adding CMAP torsions...
2026/03/19 05:49:24 structure,line: 2149     INFO | Adding trigonal angle terms...
2026/03/19 05:49:24 structure,line: 2151     INFO | Adding out-of-plane bends...
2026/03/19 05:49:24 structure,line: 2153     INFO | Adding pi-torsions...
2026/03/19 05:49:24 structure,line: 2155     INFO | Adding stretch-bends...
2026/03/19 05:49:24 structure,line: 2157     INFO | Adding torsion-torsions...
2026/03/19 05:49:24 structure,line: 2159     INFO | Adding Nonbonded force...
2026/03/19 05:49:24 energy_component,line: 338 DECOMPOSE | Decomposed Res Num: 301, Total Res Num: 447, Decomposition Progress: 67.33780760626398
2026/03/19 05:49:25 structure,line: 2132     INFO | Adding bonds...
2026/03/19 05:49:25 structure,line: 2135     INFO | Adding angles...
2026/03/19 05:49:25 structure,line: 2138     INFO | Adding dihedrals...
2026/03/19 05:49:25 structure,line: 2141     INFO | Adding Ryckaert-Bellemans torsions...
2026/03/19 05:49:25 structure,line: 2143     INFO | Adding Urey-Bradleys...
2026/03/19 05:49:25 structure,line: 2145     INFO | Adding improper torsions...
2026/03/19 05:49:25 structure,line: 2147     INFO | Adding CMAP torsions...
2026/03/19 05:49:25 structure,line: 2149     INFO | Adding trigonal angle terms...
2026/03/19 05:49:25 structure,line: 2151     INFO | Adding out-of-plane bends...
2026/03/19 05:49:25 structure,line: 2153     INFO | Adding pi-torsions...
2026/03/19 05:49:25 structure,line: 2155     INFO | Adding stretch-bends...
2026/03/19 05:49:25 structure,line: 2157     INFO | Adding torsion-torsions...
2026/03/19 05:49:25 structure,line: 2159     INFO | Adding Nonbonded force...
2026/03/19 05:49:25 energy_component,line: 338 DECOMPOSE | Decomposed Res Num: 302, Total Res Num: 447, Decomposition Progress: 67.56152125279642
2026/03/19 05:49:25 structure,line: 2132     INFO | Adding bonds...
2026/03/19 05:49:25 structure,line: 2135     INFO | Adding angles...
2026/03/19 05:49:25 structure,line: 2138     INFO | Adding dihedrals...
2026/03/19 05:49:25 structure,line: 2141     INFO | Adding Ryckaert-Bellemans torsions...
2026/03/19 05:49:25 structure,line: 2143     INFO | Adding Urey-Bradleys...
2026/03/19 05:49:25 structure,line: 2145     INFO | Adding improper torsions...
2026/03/19 05:49:25 structure,line: 2147     INFO | Adding CMAP torsions...
2026/03/19 05:49:25 structure,line: 2149     INFO | Adding trigonal angle terms...
2026/03/19 05:49:25 structure,line: 2151     INFO | Adding out-of-plane bends...
2026/03/19 05:49:25 structure,line: 2153     INFO | Adding pi-torsions...
2026/03/19 05:49:25 structure,line: 2155     INFO | Adding stretch-bends...
2026/03/19 05:49:25 structure,line: 2157     INFO | Adding torsion-torsions...
2026/03/19 05:49:25 structure,line: 2159     INFO | Adding Nonbonded force...
2026/03/19 05:49:26 energy_component,line: 338 DECOMPOSE | Decomposed Res Num: 303, Total Res Num: 447, Decomposition Progress: 67.78523489932886
2026/03/19 05:49:29 structure,line: 2132     INFO | Adding bonds...
2026/03/19 05:49:29 structure,line: 2135     INFO | Adding angles...
2026/03/19 05:49:29 structure,line: 2138     INFO | Adding dihedrals...
2026/03/19 05:49:29 structure,line: 2141     INFO | Adding Ryckaert-Bellemans torsions...
2026/03/19 05:49:29 structure,line: 2143     INFO | Adding Urey-Bradleys...
2026/03/19 05:49:29 structure,line: 2145     INFO | Adding improper torsions...
2026/03/19 05:49:29 structure,line: 2147     INFO | Adding CMAP torsions...
2026/03/19 05:49:29 structure,line: 2149     INFO | Adding trigonal angle terms...
2026/03/19 05:49:29 structure,line: 2151     INFO | Adding out-of-plane bends...
2026/03/19 05:49:29 structure,line: 2153     INFO | Adding pi-torsions...
2026/03/19 05:49:29 structure,line: 2155     INFO | Adding stretch-bends...
2026/03/19 05:49:29 structure,line: 2157     INFO | Adding torsion-torsions...
2026/03/19 05:49:29 structure,line: 2159     INFO | Adding Nonbonded force...
2026/03/19 05:49:29 energy_component,line: 338 DECOMPOSE | Decomposed Res Num: 304, Total Res Num: 447, Decomposition Progress: 68.0089485458613
2026/03/19 05:49:30 structure,line: 2132     INFO | Adding bonds...
2026/03/19 05:49:30 structure,line: 2135     INFO | Adding angles...
2026/03/19 05:49:30 structure,line: 2138     INFO | Adding dihedrals...
2026/03/19 05:49:30 structure,line: 2141     INFO | Adding Ryckaert-Bellemans torsions...
2026/03/19 05:49:30 structure,line: 2143     INFO | Adding Urey-Bradleys...
2026/03/19 05:49:30 structure,line: 2145     INFO | Adding improper torsions...
2026/03/19 05:49:30 structure,line: 2147     INFO | Adding CMAP torsions...
2026/03/19 05:49:30 structure,line: 2149     INFO | Adding trigonal angle terms...
2026/03/19 05:49:30 structure,line: 2151     INFO | Adding out-of-plane bends...
2026/03/19 05:49:30 structure,line: 2153     INFO | Adding pi-torsions...
2026/03/19 05:49:30 structure,line: 2155     INFO | Adding stretch-bends...
2026/03/19 05:49:30 structure,line: 2157     INFO | Adding torsion-torsions...
2026/03/19 05:49:30 structure,line: 2159     INFO | Adding Nonbonded force...
2026/03/19 05:49:30 energy_component,line: 338 DECOMPOSE | Decomposed Res Num: 305, Total Res Num: 447, Decomposition Progress: 68.23266219239373
2026/03/19 05:49:31 structure,line: 2132     INFO | Adding bonds...
2026/03/19 05:49:31 structure,line: 2135     INFO | Adding angles...
2026/03/19 05:49:31 structure,line: 2138     INFO | Adding dihedrals...
2026/03/19 05:49:31 structure,line: 2141     INFO | Adding Ryckaert-Bellemans torsions...
2026/03/19 05:49:31 structure,line: 2143     INFO | Adding Urey-Bradleys...
2026/03/19 05:49:31 structure,line: 2145     INFO | Adding improper torsions...
2026/03/19 05:49:31 structure,line: 2147     INFO | Adding CMAP torsions...
2026/03/19 05:49:31 structure,line: 2149     INFO | Adding trigonal angle terms...
2026/03/19 05:49:31 structure,line: 2151     INFO | Adding out-of-plane bends...
2026/03/19 05:49:31 structure,line: 2153     INFO | Adding pi-torsions...
2026/03/19 05:49:31 structure,line: 2155     INFO | Adding stretch-bends...
2026/03/19 05:49:31 structure,line: 2157     INFO | Adding torsion-torsions...
2026/03/19 05:49:31 structure,line: 2159     INFO | Adding Nonbonded force...
2026/03/19 05:49:31 energy_component,line: 338 DECOMPOSE | Decomposed Res Num: 306, Total Res Num: 447, Decomposition Progress: 68.45637583892618
2026/03/19 05:49:31 structure,line: 2132     INFO | Adding bonds...
2026/03/19 05:49:31 structure,line: 2135     INFO | Adding angles...
2026/03/19 05:49:31 structure,line: 2138     INFO | Adding dihedrals...
2026/03/19 05:49:31 structure,line: 2141     INFO | Adding Ryckaert-Bellemans torsions...
2026/03/19 05:49:31 structure,line: 2143     INFO | Adding Urey-Bradleys...
2026/03/19 05:49:31 structure,line: 2145     INFO | Adding improper torsions...
2026/03/19 05:49:31 structure,line: 2147     INFO | Adding CMAP torsions...
2026/03/19 05:49:31 structure,line: 2149     INFO | Adding trigonal angle terms...
2026/03/19 05:49:31 structure,line: 2151     INFO | Adding out-of-plane bends...
2026/03/19 05:49:31 structure,line: 2153     INFO | Adding pi-torsions...
2026/03/19 05:49:31 structure,line: 2155     INFO | Adding stretch-bends...
2026/03/19 05:49:31 structure,line: 2157     INFO | Adding torsion-torsions...
2026/03/19 05:49:31 structure,line: 2159     INFO | Adding Nonbonded force...
2026/03/19 05:49:32 energy_component,line: 338 DECOMPOSE | Decomposed Res Num: 307, Total Res Num: 447, Decomposition Progress: 68.68008948545862
2026/03/19 05:49:32 structure,line: 2132     INFO | Adding bonds...
2026/03/19 05:49:32 structure,line: 2135     INFO | Adding angles...
2026/03/19 05:49:32 structure,line: 2138     INFO | Adding dihedrals...
2026/03/19 05:49:32 structure,line: 2141     INFO | Adding Ryckaert-Bellemans torsions...
2026/03/19 05:49:32 structure,line: 2143     INFO | Adding Urey-Bradleys...
2026/03/19 05:49:32 structure,line: 2145     INFO | Adding improper torsions...
2026/03/19 05:49:32 structure,line: 2147     INFO | Adding CMAP torsions...
2026/03/19 05:49:32 structure,line: 2149     INFO | Adding trigonal angle terms...
2026/03/19 05:49:32 structure,line: 2151     INFO | Adding out-of-plane bends...
2026/03/19 05:49:32 structure,line: 2153     INFO | Adding pi-torsions...
2026/03/19 05:49:32 structure,line: 2155     INFO | Adding stretch-bends...
2026/03/19 05:49:32 structure,line: 2157     INFO | Adding torsion-torsions...
2026/03/19 05:49:32 structure,line: 2159     INFO | Adding Nonbonded force...
2026/03/19 05:49:32 energy_component,line: 338 DECOMPOSE | Decomposed Res Num: 308, Total Res Num: 447, Decomposition Progress: 68.90380313199105
2026/03/19 05:49:33 structure,line: 2132     INFO | Adding bonds...
2026/03/19 05:49:33 structure,line: 2135     INFO | Adding angles...
2026/03/19 05:49:33 structure,line: 2138     INFO | Adding dihedrals...
2026/03/19 05:49:33 structure,line: 2141     INFO | Adding Ryckaert-Bellemans torsions...
2026/03/19 05:49:33 structure,line: 2143     INFO | Adding Urey-Bradleys...
2026/03/19 05:49:33 structure,line: 2145     INFO | Adding improper torsions...
2026/03/19 05:49:33 structure,line: 2147     INFO | Adding CMAP torsions...
2026/03/19 05:49:33 structure,line: 2149     INFO | Adding trigonal angle terms...
2026/03/19 05:49:33 structure,line: 2151     INFO | Adding out-of-plane bends...
2026/03/19 05:49:33 structure,line: 2153     INFO | Adding pi-torsions...
2026/03/19 05:49:33 structure,line: 2155     INFO | Adding stretch-bends...
2026/03/19 05:49:33 structure,line: 2157     INFO | Adding torsion-torsions...
2026/03/19 05:49:33 structure,line: 2159     INFO | Adding Nonbonded force...
2026/03/19 05:49:33 energy_component,line: 338 DECOMPOSE | Decomposed Res Num: 309, Total Res Num: 447, Decomposition Progress: 69.12751677852349
2026/03/19 05:49:34 structure,line: 2132     INFO | Adding bonds...
2026/03/19 05:49:34 structure,line: 2135     INFO | Adding angles...
2026/03/19 05:49:34 structure,line: 2138     INFO | Adding dihedrals...
2026/03/19 05:49:34 structure,line: 2141     INFO | Adding Ryckaert-Bellemans torsions...
2026/03/19 05:49:34 structure,line: 2143     INFO | Adding Urey-Bradleys...
2026/03/19 05:49:34 structure,line: 2145     INFO | Adding improper torsions...
2026/03/19 05:49:34 structure,line: 2147     INFO | Adding CMAP torsions...
2026/03/19 05:49:34 structure,line: 2149     INFO | Adding trigonal angle terms...
2026/03/19 05:49:34 structure,line: 2151     INFO | Adding out-of-plane bends...
2026/03/19 05:49:34 structure,line: 2153     INFO | Adding pi-torsions...
2026/03/19 05:49:34 structure,line: 2155     INFO | Adding stretch-bends...
2026/03/19 05:49:34 structure,line: 2157     INFO | Adding torsion-torsions...
2026/03/19 05:49:34 structure,line: 2159     INFO | Adding Nonbonded force...
2026/03/19 05:49:34 energy_component,line: 338 DECOMPOSE | Decomposed Res Num: 310, Total Res Num: 447, Decomposition Progress: 69.35123042505593
2026/03/19 05:49:35 structure,line: 2132     INFO | Adding bonds...
2026/03/19 05:49:35 structure,line: 2135     INFO | Adding angles...
2026/03/19 05:49:35 structure,line: 2138     INFO | Adding dihedrals...
2026/03/19 05:49:35 structure,line: 2141     INFO | Adding Ryckaert-Bellemans torsions...
2026/03/19 05:49:35 structure,line: 2143     INFO | Adding Urey-Bradleys...
2026/03/19 05:49:35 structure,line: 2145     INFO | Adding improper torsions...
2026/03/19 05:49:35 structure,line: 2147     INFO | Adding CMAP torsions...
2026/03/19 05:49:35 structure,line: 2149     INFO | Adding trigonal angle terms...
2026/03/19 05:49:35 structure,line: 2151     INFO | Adding out-of-plane bends...
2026/03/19 05:49:35 structure,line: 2153     INFO | Adding pi-torsions...
2026/03/19 05:49:35 structure,line: 2155     INFO | Adding stretch-bends...
2026/03/19 05:49:35 structure,line: 2157     INFO | Adding torsion-torsions...
2026/03/19 05:49:35 structure,line: 2159     INFO | Adding Nonbonded force...
2026/03/19 05:49:35 energy_component,line: 338 DECOMPOSE | Decomposed Res Num: 311, Total Res Num: 447, Decomposition Progress: 69.57494407158836
2026/03/19 05:49:35 structure,line: 2132     INFO | Adding bonds...
2026/03/19 05:49:35 structure,line: 2135     INFO | Adding angles...
2026/03/19 05:49:35 structure,line: 2138     INFO | Adding dihedrals...
2026/03/19 05:49:35 structure,line: 2141     INFO | Adding Ryckaert-Bellemans torsions...
2026/03/19 05:49:35 structure,line: 2143     INFO | Adding Urey-Bradleys...
2026/03/19 05:49:35 structure,line: 2145     INFO | Adding improper torsions...
2026/03/19 05:49:35 structure,line: 2147     INFO | Adding CMAP torsions...
2026/03/19 05:49:35 structure,line: 2149     INFO | Adding trigonal angle terms...
2026/03/19 05:49:35 structure,line: 2151     INFO | Adding out-of-plane bends...
2026/03/19 05:49:35 structure,line: 2153     INFO | Adding pi-torsions...
2026/03/19 05:49:35 structure,line: 2155     INFO | Adding stretch-bends...
2026/03/19 05:49:35 structure,line: 2157     INFO | Adding torsion-torsions...
2026/03/19 05:49:35 structure,line: 2159     INFO | Adding Nonbonded force...
2026/03/19 05:49:36 energy_component,line: 338 DECOMPOSE | Decomposed Res Num: 312, Total Res Num: 447, Decomposition Progress: 69.79865771812081
2026/03/19 05:49:36 structure,line: 2132     INFO | Adding bonds...
2026/03/19 05:49:36 structure,line: 2135     INFO | Adding angles...
2026/03/19 05:49:36 structure,line: 2138     INFO | Adding dihedrals...
2026/03/19 05:49:36 structure,line: 2141     INFO | Adding Ryckaert-Bellemans torsions...
2026/03/19 05:49:36 structure,line: 2143     INFO | Adding Urey-Bradleys...
2026/03/19 05:49:36 structure,line: 2145     INFO | Adding improper torsions...
2026/03/19 05:49:36 structure,line: 2147     INFO | Adding CMAP torsions...
2026/03/19 05:49:36 structure,line: 2149     INFO | Adding trigonal angle terms...
2026/03/19 05:49:36 structure,line: 2151     INFO | Adding out-of-plane bends...
2026/03/19 05:49:36 structure,line: 2153     INFO | Adding pi-torsions...
2026/03/19 05:49:36 structure,line: 2155     INFO | Adding stretch-bends...
2026/03/19 05:49:36 structure,line: 2157     INFO | Adding torsion-torsions...
2026/03/19 05:49:36 structure,line: 2159     INFO | Adding Nonbonded force...
2026/03/19 05:49:36 energy_component,line: 338 DECOMPOSE | Decomposed Res Num: 313, Total Res Num: 447, Decomposition Progress: 70.02237136465325
2026/03/19 05:49:37 structure,line: 2132     INFO | Adding bonds...
2026/03/19 05:49:37 structure,line: 2135     INFO | Adding angles...
2026/03/19 05:49:37 structure,line: 2138     INFO | Adding dihedrals...
2026/03/19 05:49:37 structure,line: 2141     INFO | Adding Ryckaert-Bellemans torsions...
2026/03/19 05:49:37 structure,line: 2143     INFO | Adding Urey-Bradleys...
2026/03/19 05:49:37 structure,line: 2145     INFO | Adding improper torsions...
2026/03/19 05:49:37 structure,line: 2147     INFO | Adding CMAP torsions...
2026/03/19 05:49:37 structure,line: 2149     INFO | Adding trigonal angle terms...
2026/03/19 05:49:37 structure,line: 2151     INFO | Adding out-of-plane bends...
2026/03/19 05:49:37 structure,line: 2153     INFO | Adding pi-torsions...
2026/03/19 05:49:37 structure,line: 2155     INFO | Adding stretch-bends...
2026/03/19 05:49:37 structure,line: 2157     INFO | Adding torsion-torsions...
2026/03/19 05:49:37 structure,line: 2159     INFO | Adding Nonbonded force...
2026/03/19 05:49:37 energy_component,line: 338 DECOMPOSE | Decomposed Res Num: 314, Total Res Num: 447, Decomposition Progress: 70.24608501118567
2026/03/19 05:49:38 structure,line: 2132     INFO | Adding bonds...
2026/03/19 05:49:38 structure,line: 2135     INFO | Adding angles...
2026/03/19 05:49:38 structure,line: 2138     INFO | Adding dihedrals...
2026/03/19 05:49:38 structure,line: 2141     INFO | Adding Ryckaert-Bellemans torsions...
2026/03/19 05:49:38 structure,line: 2143     INFO | Adding Urey-Bradleys...
2026/03/19 05:49:38 structure,line: 2145     INFO | Adding improper torsions...
2026/03/19 05:49:38 structure,line: 2147     INFO | Adding CMAP torsions...
2026/03/19 05:49:38 structure,line: 2149     INFO | Adding trigonal angle terms...
2026/03/19 05:49:38 structure,line: 2151     INFO | Adding out-of-plane bends...
2026/03/19 05:49:38 structure,line: 2153     INFO | Adding pi-torsions...
2026/03/19 05:49:38 structure,line: 2155     INFO | Adding stretch-bends...
2026/03/19 05:49:38 structure,line: 2157     INFO | Adding torsion-torsions...
2026/03/19 05:49:38 structure,line: 2159     INFO | Adding Nonbonded force...
2026/03/19 05:49:38 energy_component,line: 338 DECOMPOSE | Decomposed Res Num: 315, Total Res Num: 447, Decomposition Progress: 70.46979865771812
2026/03/19 05:49:39 structure,line: 2132     INFO | Adding bonds...
2026/03/19 05:49:39 structure,line: 2135     INFO | Adding angles...
2026/03/19 05:49:39 structure,line: 2138     INFO | Adding dihedrals...
2026/03/19 05:49:39 structure,line: 2141     INFO | Adding Ryckaert-Bellemans torsions...
2026/03/19 05:49:39 structure,line: 2143     INFO | Adding Urey-Bradleys...
2026/03/19 05:49:39 structure,line: 2145     INFO | Adding improper torsions...
2026/03/19 05:49:39 structure,line: 2147     INFO | Adding CMAP torsions...
2026/03/19 05:49:39 structure,line: 2149     INFO | Adding trigonal angle terms...
2026/03/19 05:49:39 structure,line: 2151     INFO | Adding out-of-plane bends...
2026/03/19 05:49:39 structure,line: 2153     INFO | Adding pi-torsions...
2026/03/19 05:49:39 structure,line: 2155     INFO | Adding stretch-bends...
2026/03/19 05:49:39 structure,line: 2157     INFO | Adding torsion-torsions...
2026/03/19 05:49:39 structure,line: 2159     INFO | Adding Nonbonded force...
2026/03/19 05:49:39 energy_component,line: 338 DECOMPOSE | Decomposed Res Num: 316, Total Res Num: 447, Decomposition Progress: 70.69351230425056
2026/03/19 05:49:39 structure,line: 2132     INFO | Adding bonds...
2026/03/19 05:49:39 structure,line: 2135     INFO | Adding angles...
2026/03/19 05:49:39 structure,line: 2138     INFO | Adding dihedrals...
2026/03/19 05:49:39 structure,line: 2141     INFO | Adding Ryckaert-Bellemans torsions...
2026/03/19 05:49:39 structure,line: 2143     INFO | Adding Urey-Bradleys...
2026/03/19 05:49:39 structure,line: 2145     INFO | Adding improper torsions...
2026/03/19 05:49:39 structure,line: 2147     INFO | Adding CMAP torsions...
2026/03/19 05:49:39 structure,line: 2149     INFO | Adding trigonal angle terms...
2026/03/19 05:49:39 structure,line: 2151     INFO | Adding out-of-plane bends...
2026/03/19 05:49:39 structure,line: 2153     INFO | Adding pi-torsions...
2026/03/19 05:49:39 structure,line: 2155     INFO | Adding stretch-bends...
2026/03/19 05:49:39 structure,line: 2157     INFO | Adding torsion-torsions...
2026/03/19 05:49:39 structure,line: 2159     INFO | Adding Nonbonded force...
2026/03/19 05:49:40 energy_component,line: 338 DECOMPOSE | Decomposed Res Num: 317, Total Res Num: 447, Decomposition Progress: 70.917225950783
2026/03/19 05:49:40 structure,line: 2132     INFO | Adding bonds...
2026/03/19 05:49:40 structure,line: 2135     INFO | Adding angles...
2026/03/19 05:49:40 structure,line: 2138     INFO | Adding dihedrals...
2026/03/19 05:49:40 structure,line: 2141     INFO | Adding Ryckaert-Bellemans torsions...
2026/03/19 05:49:40 structure,line: 2143     INFO | Adding Urey-Bradleys...
2026/03/19 05:49:40 structure,line: 2145     INFO | Adding improper torsions...
2026/03/19 05:49:40 structure,line: 2147     INFO | Adding CMAP torsions...
2026/03/19 05:49:40 structure,line: 2149     INFO | Adding trigonal angle terms...
2026/03/19 05:49:40 structure,line: 2151     INFO | Adding out-of-plane bends...
2026/03/19 05:49:40 structure,line: 2153     INFO | Adding pi-torsions...
2026/03/19 05:49:40 structure,line: 2155     INFO | Adding stretch-bends...
2026/03/19 05:49:40 structure,line: 2157     INFO | Adding torsion-torsions...
2026/03/19 05:49:40 structure,line: 2159     INFO | Adding Nonbonded force...
2026/03/19 05:49:40 energy_component,line: 338 DECOMPOSE | Decomposed Res Num: 318, Total Res Num: 447, Decomposition Progress: 71.14093959731544
2026/03/19 05:49:44 structure,line: 2132     INFO | Adding bonds...
2026/03/19 05:49:44 structure,line: 2135     INFO | Adding angles...
2026/03/19 05:49:44 structure,line: 2138     INFO | Adding dihedrals...
2026/03/19 05:49:44 structure,line: 2141     INFO | Adding Ryckaert-Bellemans torsions...
2026/03/19 05:49:44 structure,line: 2143     INFO | Adding Urey-Bradleys...
2026/03/19 05:49:44 structure,line: 2145     INFO | Adding improper torsions...
2026/03/19 05:49:44 structure,line: 2147     INFO | Adding CMAP torsions...
2026/03/19 05:49:44 structure,line: 2149     INFO | Adding trigonal angle terms...
2026/03/19 05:49:44 structure,line: 2151     INFO | Adding out-of-plane bends...
2026/03/19 05:49:44 structure,line: 2153     INFO | Adding pi-torsions...
2026/03/19 05:49:44 structure,line: 2155     INFO | Adding stretch-bends...
2026/03/19 05:49:44 structure,line: 2157     INFO | Adding torsion-torsions...
2026/03/19 05:49:44 structure,line: 2159     INFO | Adding Nonbonded force...
2026/03/19 05:49:44 energy_component,line: 338 DECOMPOSE | Decomposed Res Num: 319, Total Res Num: 447, Decomposition Progress: 71.36465324384787
2026/03/19 05:49:45 structure,line: 2132     INFO | Adding bonds...
2026/03/19 05:49:45 structure,line: 2135     INFO | Adding angles...
2026/03/19 05:49:45 structure,line: 2138     INFO | Adding dihedrals...
2026/03/19 05:49:45 structure,line: 2141     INFO | Adding Ryckaert-Bellemans torsions...
2026/03/19 05:49:45 structure,line: 2143     INFO | Adding Urey-Bradleys...
2026/03/19 05:49:45 structure,line: 2145     INFO | Adding improper torsions...
2026/03/19 05:49:45 structure,line: 2147     INFO | Adding CMAP torsions...
2026/03/19 05:49:45 structure,line: 2149     INFO | Adding trigonal angle terms...
2026/03/19 05:49:45 structure,line: 2151     INFO | Adding out-of-plane bends...
2026/03/19 05:49:45 structure,line: 2153     INFO | Adding pi-torsions...
2026/03/19 05:49:45 structure,line: 2155     INFO | Adding stretch-bends...
2026/03/19 05:49:45 structure,line: 2157     INFO | Adding torsion-torsions...
2026/03/19 05:49:45 structure,line: 2159     INFO | Adding Nonbonded force...
2026/03/19 05:49:45 energy_component,line: 338 DECOMPOSE | Decomposed Res Num: 320, Total Res Num: 447, Decomposition Progress: 71.58836689038031
2026/03/19 05:49:45 structure,line: 2132     INFO | Adding bonds...
2026/03/19 05:49:45 structure,line: 2135     INFO | Adding angles...
2026/03/19 05:49:45 structure,line: 2138     INFO | Adding dihedrals...
2026/03/19 05:49:45 structure,line: 2141     INFO | Adding Ryckaert-Bellemans torsions...
2026/03/19 05:49:45 structure,line: 2143     INFO | Adding Urey-Bradleys...
2026/03/19 05:49:45 structure,line: 2145     INFO | Adding improper torsions...
2026/03/19 05:49:45 structure,line: 2147     INFO | Adding CMAP torsions...
2026/03/19 05:49:45 structure,line: 2149     INFO | Adding trigonal angle terms...
2026/03/19 05:49:45 structure,line: 2151     INFO | Adding out-of-plane bends...
2026/03/19 05:49:45 structure,line: 2153     INFO | Adding pi-torsions...
2026/03/19 05:49:45 structure,line: 2155     INFO | Adding stretch-bends...
2026/03/19 05:49:45 structure,line: 2157     INFO | Adding torsion-torsions...
2026/03/19 05:49:45 structure,line: 2159     INFO | Adding Nonbonded force...
2026/03/19 05:49:46 energy_component,line: 338 DECOMPOSE | Decomposed Res Num: 321, Total Res Num: 447, Decomposition Progress: 71.81208053691275
2026/03/19 05:49:46 structure,line: 2132     INFO | Adding bonds...
2026/03/19 05:49:46 structure,line: 2135     INFO | Adding angles...
2026/03/19 05:49:46 structure,line: 2138     INFO | Adding dihedrals...
2026/03/19 05:49:46 structure,line: 2141     INFO | Adding Ryckaert-Bellemans torsions...
2026/03/19 05:49:46 structure,line: 2143     INFO | Adding Urey-Bradleys...
2026/03/19 05:49:46 structure,line: 2145     INFO | Adding improper torsions...
2026/03/19 05:49:46 structure,line: 2147     INFO | Adding CMAP torsions...
2026/03/19 05:49:46 structure,line: 2149     INFO | Adding trigonal angle terms...
2026/03/19 05:49:46 structure,line: 2151     INFO | Adding out-of-plane bends...
2026/03/19 05:49:46 structure,line: 2153     INFO | Adding pi-torsions...
2026/03/19 05:49:46 structure,line: 2155     INFO | Adding stretch-bends...
2026/03/19 05:49:46 structure,line: 2157     INFO | Adding torsion-torsions...
2026/03/19 05:49:46 structure,line: 2159     INFO | Adding Nonbonded force...
2026/03/19 05:49:46 energy_component,line: 338 DECOMPOSE | Decomposed Res Num: 322, Total Res Num: 447, Decomposition Progress: 72.03579418344519
2026/03/19 05:49:47 structure,line: 2132     INFO | Adding bonds...
2026/03/19 05:49:47 structure,line: 2135     INFO | Adding angles...
2026/03/19 05:49:47 structure,line: 2138     INFO | Adding dihedrals...
2026/03/19 05:49:47 structure,line: 2141     INFO | Adding Ryckaert-Bellemans torsions...
2026/03/19 05:49:47 structure,line: 2143     INFO | Adding Urey-Bradleys...
2026/03/19 05:49:47 structure,line: 2145     INFO | Adding improper torsions...
2026/03/19 05:49:47 structure,line: 2147     INFO | Adding CMAP torsions...
2026/03/19 05:49:47 structure,line: 2149     INFO | Adding trigonal angle terms...
2026/03/19 05:49:47 structure,line: 2151     INFO | Adding out-of-plane bends...
2026/03/19 05:49:47 structure,line: 2153     INFO | Adding pi-torsions...
2026/03/19 05:49:47 structure,line: 2155     INFO | Adding stretch-bends...
2026/03/19 05:49:47 structure,line: 2157     INFO | Adding torsion-torsions...
2026/03/19 05:49:47 structure,line: 2159     INFO | Adding Nonbonded force...
2026/03/19 05:49:47 energy_component,line: 338 DECOMPOSE | Decomposed Res Num: 323, Total Res Num: 447, Decomposition Progress: 72.25950782997764
2026/03/19 05:49:48 structure,line: 2132     INFO | Adding bonds...
2026/03/19 05:49:48 structure,line: 2135     INFO | Adding angles...
2026/03/19 05:49:48 structure,line: 2138     INFO | Adding dihedrals...
2026/03/19 05:49:48 structure,line: 2141     INFO | Adding Ryckaert-Bellemans torsions...
2026/03/19 05:49:48 structure,line: 2143     INFO | Adding Urey-Bradleys...
2026/03/19 05:49:48 structure,line: 2145     INFO | Adding improper torsions...
2026/03/19 05:49:48 structure,line: 2147     INFO | Adding CMAP torsions...
2026/03/19 05:49:48 structure,line: 2149     INFO | Adding trigonal angle terms...
2026/03/19 05:49:48 structure,line: 2151     INFO | Adding out-of-plane bends...
2026/03/19 05:49:48 structure,line: 2153     INFO | Adding pi-torsions...
2026/03/19 05:49:48 structure,line: 2155     INFO | Adding stretch-bends...
2026/03/19 05:49:48 structure,line: 2157     INFO | Adding torsion-torsions...
2026/03/19 05:49:48 structure,line: 2159     INFO | Adding Nonbonded force...
2026/03/19 05:49:48 energy_component,line: 338 DECOMPOSE | Decomposed Res Num: 324, Total Res Num: 447, Decomposition Progress: 72.48322147651007
2026/03/19 05:49:48 structure,line: 2132     INFO | Adding bonds...
2026/03/19 05:49:48 structure,line: 2135     INFO | Adding angles...
2026/03/19 05:49:48 structure,line: 2138     INFO | Adding dihedrals...
2026/03/19 05:49:48 structure,line: 2141     INFO | Adding Ryckaert-Bellemans torsions...
2026/03/19 05:49:48 structure,line: 2143     INFO | Adding Urey-Bradleys...
2026/03/19 05:49:48 structure,line: 2145     INFO | Adding improper torsions...
2026/03/19 05:49:48 structure,line: 2147     INFO | Adding CMAP torsions...
2026/03/19 05:49:48 structure,line: 2149     INFO | Adding trigonal angle terms...
2026/03/19 05:49:48 structure,line: 2151     INFO | Adding out-of-plane bends...
2026/03/19 05:49:48 structure,line: 2153     INFO | Adding pi-torsions...
2026/03/19 05:49:48 structure,line: 2155     INFO | Adding stretch-bends...
2026/03/19 05:49:48 structure,line: 2157     INFO | Adding torsion-torsions...
2026/03/19 05:49:48 structure,line: 2159     INFO | Adding Nonbonded force...
2026/03/19 05:49:49 energy_component,line: 338 DECOMPOSE | Decomposed Res Num: 325, Total Res Num: 447, Decomposition Progress: 72.7069351230425
2026/03/19 05:49:49 structure,line: 2132     INFO | Adding bonds...
2026/03/19 05:49:49 structure,line: 2135     INFO | Adding angles...
2026/03/19 05:49:49 structure,line: 2138     INFO | Adding dihedrals...
2026/03/19 05:49:49 structure,line: 2141     INFO | Adding Ryckaert-Bellemans torsions...
2026/03/19 05:49:49 structure,line: 2143     INFO | Adding Urey-Bradleys...
2026/03/19 05:49:49 structure,line: 2145     INFO | Adding improper torsions...
2026/03/19 05:49:49 structure,line: 2147     INFO | Adding CMAP torsions...
2026/03/19 05:49:49 structure,line: 2149     INFO | Adding trigonal angle terms...
2026/03/19 05:49:49 structure,line: 2151     INFO | Adding out-of-plane bends...
2026/03/19 05:49:49 structure,line: 2153     INFO | Adding pi-torsions...
2026/03/19 05:49:49 structure,line: 2155     INFO | Adding stretch-bends...
2026/03/19 05:49:49 structure,line: 2157     INFO | Adding torsion-torsions...
2026/03/19 05:49:49 structure,line: 2159     INFO | Adding Nonbonded force...
2026/03/19 05:49:50 energy_component,line: 338 DECOMPOSE | Decomposed Res Num: 326, Total Res Num: 447, Decomposition Progress: 72.93064876957494
2026/03/19 05:49:50 structure,line: 2132     INFO | Adding bonds...
2026/03/19 05:49:50 structure,line: 2135     INFO | Adding angles...
2026/03/19 05:49:50 structure,line: 2138     INFO | Adding dihedrals...
2026/03/19 05:49:50 structure,line: 2141     INFO | Adding Ryckaert-Bellemans torsions...
2026/03/19 05:49:50 structure,line: 2143     INFO | Adding Urey-Bradleys...
2026/03/19 05:49:50 structure,line: 2145     INFO | Adding improper torsions...
2026/03/19 05:49:50 structure,line: 2147     INFO | Adding CMAP torsions...
2026/03/19 05:49:50 structure,line: 2149     INFO | Adding trigonal angle terms...
2026/03/19 05:49:50 structure,line: 2151     INFO | Adding out-of-plane bends...
2026/03/19 05:49:50 structure,line: 2153     INFO | Adding pi-torsions...
2026/03/19 05:49:50 structure,line: 2155     INFO | Adding stretch-bends...
2026/03/19 05:49:50 structure,line: 2157     INFO | Adding torsion-torsions...
2026/03/19 05:49:50 structure,line: 2159     INFO | Adding Nonbonded force...
2026/03/19 05:49:50 energy_component,line: 338 DECOMPOSE | Decomposed Res Num: 327, Total Res Num: 447, Decomposition Progress: 73.15436241610739
2026/03/19 05:49:51 structure,line: 2132     INFO | Adding bonds...
2026/03/19 05:49:51 structure,line: 2135     INFO | Adding angles...
2026/03/19 05:49:51 structure,line: 2138     INFO | Adding dihedrals...
2026/03/19 05:49:51 structure,line: 2141     INFO | Adding Ryckaert-Bellemans torsions...
2026/03/19 05:49:51 structure,line: 2143     INFO | Adding Urey-Bradleys...
2026/03/19 05:49:51 structure,line: 2145     INFO | Adding improper torsions...
2026/03/19 05:49:51 structure,line: 2147     INFO | Adding CMAP torsions...
2026/03/19 05:49:51 structure,line: 2149     INFO | Adding trigonal angle terms...
2026/03/19 05:49:51 structure,line: 2151     INFO | Adding out-of-plane bends...
2026/03/19 05:49:51 structure,line: 2153     INFO | Adding pi-torsions...
2026/03/19 05:49:51 structure,line: 2155     INFO | Adding stretch-bends...
2026/03/19 05:49:51 structure,line: 2157     INFO | Adding torsion-torsions...
2026/03/19 05:49:51 structure,line: 2159     INFO | Adding Nonbonded force...
2026/03/19 05:49:51 energy_component,line: 338 DECOMPOSE | Decomposed Res Num: 328, Total Res Num: 447, Decomposition Progress: 73.37807606263982
2026/03/19 05:49:52 structure,line: 2132     INFO | Adding bonds...
2026/03/19 05:49:52 structure,line: 2135     INFO | Adding angles...
2026/03/19 05:49:52 structure,line: 2138     INFO | Adding dihedrals...
2026/03/19 05:49:52 structure,line: 2141     INFO | Adding Ryckaert-Bellemans torsions...
2026/03/19 05:49:52 structure,line: 2143     INFO | Adding Urey-Bradleys...
2026/03/19 05:49:52 structure,line: 2145     INFO | Adding improper torsions...
2026/03/19 05:49:52 structure,line: 2147     INFO | Adding CMAP torsions...
2026/03/19 05:49:52 structure,line: 2149     INFO | Adding trigonal angle terms...
2026/03/19 05:49:52 structure,line: 2151     INFO | Adding out-of-plane bends...
2026/03/19 05:49:52 structure,line: 2153     INFO | Adding pi-torsions...
2026/03/19 05:49:52 structure,line: 2155     INFO | Adding stretch-bends...
2026/03/19 05:49:52 structure,line: 2157     INFO | Adding torsion-torsions...
2026/03/19 05:49:52 structure,line: 2159     INFO | Adding Nonbonded force...
2026/03/19 05:49:52 energy_component,line: 338 DECOMPOSE | Decomposed Res Num: 329, Total Res Num: 447, Decomposition Progress: 73.60178970917227
2026/03/19 05:49:53 structure,line: 2132     INFO | Adding bonds...
2026/03/19 05:49:53 structure,line: 2135     INFO | Adding angles...
2026/03/19 05:49:53 structure,line: 2138     INFO | Adding dihedrals...
2026/03/19 05:49:53 structure,line: 2141     INFO | Adding Ryckaert-Bellemans torsions...
2026/03/19 05:49:53 structure,line: 2143     INFO | Adding Urey-Bradleys...
2026/03/19 05:49:53 structure,line: 2145     INFO | Adding improper torsions...
2026/03/19 05:49:53 structure,line: 2147     INFO | Adding CMAP torsions...
2026/03/19 05:49:53 structure,line: 2149     INFO | Adding trigonal angle terms...
2026/03/19 05:49:53 structure,line: 2151     INFO | Adding out-of-plane bends...
2026/03/19 05:49:53 structure,line: 2153     INFO | Adding pi-torsions...
2026/03/19 05:49:53 structure,line: 2155     INFO | Adding stretch-bends...
2026/03/19 05:49:53 structure,line: 2157     INFO | Adding torsion-torsions...
2026/03/19 05:49:53 structure,line: 2159     INFO | Adding Nonbonded force...
2026/03/19 05:49:53 energy_component,line: 338 DECOMPOSE | Decomposed Res Num: 330, Total Res Num: 447, Decomposition Progress: 73.8255033557047
2026/03/19 05:49:53 structure,line: 2132     INFO | Adding bonds...
2026/03/19 05:49:53 structure,line: 2135     INFO | Adding angles...
2026/03/19 05:49:53 structure,line: 2138     INFO | Adding dihedrals...
2026/03/19 05:49:53 structure,line: 2141     INFO | Adding Ryckaert-Bellemans torsions...
2026/03/19 05:49:53 structure,line: 2143     INFO | Adding Urey-Bradleys...
2026/03/19 05:49:53 structure,line: 2145     INFO | Adding improper torsions...
2026/03/19 05:49:53 structure,line: 2147     INFO | Adding CMAP torsions...
2026/03/19 05:49:53 structure,line: 2149     INFO | Adding trigonal angle terms...
2026/03/19 05:49:53 structure,line: 2151     INFO | Adding out-of-plane bends...
2026/03/19 05:49:53 structure,line: 2153     INFO | Adding pi-torsions...
2026/03/19 05:49:53 structure,line: 2155     INFO | Adding stretch-bends...
2026/03/19 05:49:53 structure,line: 2157     INFO | Adding torsion-torsions...
2026/03/19 05:49:53 structure,line: 2159     INFO | Adding Nonbonded force...
2026/03/19 05:49:54 energy_component,line: 338 DECOMPOSE | Decomposed Res Num: 331, Total Res Num: 447, Decomposition Progress: 74.04921700223713
2026/03/19 05:49:54 structure,line: 2132     INFO | Adding bonds...
2026/03/19 05:49:54 structure,line: 2135     INFO | Adding angles...
2026/03/19 05:49:54 structure,line: 2138     INFO | Adding dihedrals...
2026/03/19 05:49:54 structure,line: 2141     INFO | Adding Ryckaert-Bellemans torsions...
2026/03/19 05:49:54 structure,line: 2143     INFO | Adding Urey-Bradleys...
2026/03/19 05:49:54 structure,line: 2145     INFO | Adding improper torsions...
2026/03/19 05:49:54 structure,line: 2147     INFO | Adding CMAP torsions...
2026/03/19 05:49:54 structure,line: 2149     INFO | Adding trigonal angle terms...
2026/03/19 05:49:54 structure,line: 2151     INFO | Adding out-of-plane bends...
2026/03/19 05:49:54 structure,line: 2153     INFO | Adding pi-torsions...
2026/03/19 05:49:54 structure,line: 2155     INFO | Adding stretch-bends...
2026/03/19 05:49:54 structure,line: 2157     INFO | Adding torsion-torsions...
2026/03/19 05:49:54 structure,line: 2159     INFO | Adding Nonbonded force...
2026/03/19 05:49:54 energy_component,line: 338 DECOMPOSE | Decomposed Res Num: 332, Total Res Num: 447, Decomposition Progress: 74.27293064876957
2026/03/19 05:49:55 structure,line: 2132     INFO | Adding bonds...
2026/03/19 05:49:55 structure,line: 2135     INFO | Adding angles...
2026/03/19 05:49:55 structure,line: 2138     INFO | Adding dihedrals...
2026/03/19 05:49:55 structure,line: 2141     INFO | Adding Ryckaert-Bellemans torsions...
2026/03/19 05:49:55 structure,line: 2143     INFO | Adding Urey-Bradleys...
2026/03/19 05:49:55 structure,line: 2145     INFO | Adding improper torsions...
2026/03/19 05:49:55 structure,line: 2147     INFO | Adding CMAP torsions...
2026/03/19 05:49:55 structure,line: 2149     INFO | Adding trigonal angle terms...
2026/03/19 05:49:55 structure,line: 2151     INFO | Adding out-of-plane bends...
2026/03/19 05:49:55 structure,line: 2153     INFO | Adding pi-torsions...
2026/03/19 05:49:55 structure,line: 2155     INFO | Adding stretch-bends...
2026/03/19 05:49:55 structure,line: 2157     INFO | Adding torsion-torsions...
2026/03/19 05:49:55 structure,line: 2159     INFO | Adding Nonbonded force...
2026/03/19 05:49:55 energy_component,line: 338 DECOMPOSE | Decomposed Res Num: 333, Total Res Num: 447, Decomposition Progress: 74.49664429530202
2026/03/19 05:49:58 structure,line: 2132     INFO | Adding bonds...
2026/03/19 05:49:58 structure,line: 2135     INFO | Adding angles...
2026/03/19 05:49:58 structure,line: 2138     INFO | Adding dihedrals...
2026/03/19 05:49:58 structure,line: 2141     INFO | Adding Ryckaert-Bellemans torsions...
2026/03/19 05:49:58 structure,line: 2143     INFO | Adding Urey-Bradleys...
2026/03/19 05:49:58 structure,line: 2145     INFO | Adding improper torsions...
2026/03/19 05:49:58 structure,line: 2147     INFO | Adding CMAP torsions...
2026/03/19 05:49:58 structure,line: 2149     INFO | Adding trigonal angle terms...
2026/03/19 05:49:58 structure,line: 2151     INFO | Adding out-of-plane bends...
2026/03/19 05:49:58 structure,line: 2153     INFO | Adding pi-torsions...
2026/03/19 05:49:58 structure,line: 2155     INFO | Adding stretch-bends...
2026/03/19 05:49:58 structure,line: 2157     INFO | Adding torsion-torsions...
2026/03/19 05:49:58 structure,line: 2159     INFO | Adding Nonbonded force...
2026/03/19 05:49:59 energy_component,line: 338 DECOMPOSE | Decomposed Res Num: 334, Total Res Num: 447, Decomposition Progress: 74.72035794183445
2026/03/19 05:49:59 structure,line: 2132     INFO | Adding bonds...
2026/03/19 05:49:59 structure,line: 2135     INFO | Adding angles...
2026/03/19 05:49:59 structure,line: 2138     INFO | Adding dihedrals...
2026/03/19 05:49:59 structure,line: 2141     INFO | Adding Ryckaert-Bellemans torsions...
2026/03/19 05:49:59 structure,line: 2143     INFO | Adding Urey-Bradleys...
2026/03/19 05:49:59 structure,line: 2145     INFO | Adding improper torsions...
2026/03/19 05:49:59 structure,line: 2147     INFO | Adding CMAP torsions...
2026/03/19 05:49:59 structure,line: 2149     INFO | Adding trigonal angle terms...
2026/03/19 05:49:59 structure,line: 2151     INFO | Adding out-of-plane bends...
2026/03/19 05:49:59 structure,line: 2153     INFO | Adding pi-torsions...
2026/03/19 05:49:59 structure,line: 2155     INFO | Adding stretch-bends...
2026/03/19 05:49:59 structure,line: 2157     INFO | Adding torsion-torsions...
2026/03/19 05:49:59 structure,line: 2159     INFO | Adding Nonbonded force...
2026/03/19 05:49:59 energy_component,line: 338 DECOMPOSE | Decomposed Res Num: 335, Total Res Num: 447, Decomposition Progress: 74.9440715883669
2026/03/19 05:50:00 structure,line: 2132     INFO | Adding bonds...
2026/03/19 05:50:00 structure,line: 2135     INFO | Adding angles...
2026/03/19 05:50:00 structure,line: 2138     INFO | Adding dihedrals...
2026/03/19 05:50:00 structure,line: 2141     INFO | Adding Ryckaert-Bellemans torsions...
2026/03/19 05:50:00 structure,line: 2143     INFO | Adding Urey-Bradleys...
2026/03/19 05:50:00 structure,line: 2145     INFO | Adding improper torsions...
2026/03/19 05:50:00 structure,line: 2147     INFO | Adding CMAP torsions...
2026/03/19 05:50:00 structure,line: 2149     INFO | Adding trigonal angle terms...
2026/03/19 05:50:00 structure,line: 2151     INFO | Adding out-of-plane bends...
2026/03/19 05:50:00 structure,line: 2153     INFO | Adding pi-torsions...
2026/03/19 05:50:00 structure,line: 2155     INFO | Adding stretch-bends...
2026/03/19 05:50:00 structure,line: 2157     INFO | Adding torsion-torsions...
2026/03/19 05:50:00 structure,line: 2159     INFO | Adding Nonbonded force...
2026/03/19 05:50:00 energy_component,line: 338 DECOMPOSE | Decomposed Res Num: 336, Total Res Num: 447, Decomposition Progress: 75.16778523489933
2026/03/19 05:50:01 structure,line: 2132     INFO | Adding bonds...
2026/03/19 05:50:01 structure,line: 2135     INFO | Adding angles...
2026/03/19 05:50:01 structure,line: 2138     INFO | Adding dihedrals...
2026/03/19 05:50:01 structure,line: 2141     INFO | Adding Ryckaert-Bellemans torsions...
2026/03/19 05:50:01 structure,line: 2143     INFO | Adding Urey-Bradleys...
2026/03/19 05:50:01 structure,line: 2145     INFO | Adding improper torsions...
2026/03/19 05:50:01 structure,line: 2147     INFO | Adding CMAP torsions...
2026/03/19 05:50:01 structure,line: 2149     INFO | Adding trigonal angle terms...
2026/03/19 05:50:01 structure,line: 2151     INFO | Adding out-of-plane bends...
2026/03/19 05:50:01 structure,line: 2153     INFO | Adding pi-torsions...
2026/03/19 05:50:01 structure,line: 2155     INFO | Adding stretch-bends...
2026/03/19 05:50:01 structure,line: 2157     INFO | Adding torsion-torsions...
2026/03/19 05:50:01 structure,line: 2159     INFO | Adding Nonbonded force...
2026/03/19 05:50:01 energy_component,line: 338 DECOMPOSE | Decomposed Res Num: 337, Total Res Num: 447, Decomposition Progress: 75.39149888143176
2026/03/19 05:50:02 structure,line: 2132     INFO | Adding bonds...
2026/03/19 05:50:02 structure,line: 2135     INFO | Adding angles...
2026/03/19 05:50:02 structure,line: 2138     INFO | Adding dihedrals...
2026/03/19 05:50:02 structure,line: 2141     INFO | Adding Ryckaert-Bellemans torsions...
2026/03/19 05:50:02 structure,line: 2143     INFO | Adding Urey-Bradleys...
2026/03/19 05:50:02 structure,line: 2145     INFO | Adding improper torsions...
2026/03/19 05:50:02 structure,line: 2147     INFO | Adding CMAP torsions...
2026/03/19 05:50:02 structure,line: 2149     INFO | Adding trigonal angle terms...
2026/03/19 05:50:02 structure,line: 2151     INFO | Adding out-of-plane bends...
2026/03/19 05:50:02 structure,line: 2153     INFO | Adding pi-torsions...
2026/03/19 05:50:02 structure,line: 2155     INFO | Adding stretch-bends...
2026/03/19 05:50:02 structure,line: 2157     INFO | Adding torsion-torsions...
2026/03/19 05:50:02 structure,line: 2159     INFO | Adding Nonbonded force...
2026/03/19 05:50:02 energy_component,line: 338 DECOMPOSE | Decomposed Res Num: 338, Total Res Num: 447, Decomposition Progress: 75.6152125279642
2026/03/19 05:50:02 structure,line: 2132     INFO | Adding bonds...
2026/03/19 05:50:02 structure,line: 2135     INFO | Adding angles...
2026/03/19 05:50:02 structure,line: 2138     INFO | Adding dihedrals...
2026/03/19 05:50:02 structure,line: 2141     INFO | Adding Ryckaert-Bellemans torsions...
2026/03/19 05:50:02 structure,line: 2143     INFO | Adding Urey-Bradleys...
2026/03/19 05:50:02 structure,line: 2145     INFO | Adding improper torsions...
2026/03/19 05:50:02 structure,line: 2147     INFO | Adding CMAP torsions...
2026/03/19 05:50:02 structure,line: 2149     INFO | Adding trigonal angle terms...
2026/03/19 05:50:02 structure,line: 2151     INFO | Adding out-of-plane bends...
2026/03/19 05:50:02 structure,line: 2153     INFO | Adding pi-torsions...
2026/03/19 05:50:02 structure,line: 2155     INFO | Adding stretch-bends...
2026/03/19 05:50:02 structure,line: 2157     INFO | Adding torsion-torsions...
2026/03/19 05:50:02 structure,line: 2159     INFO | Adding Nonbonded force...
2026/03/19 05:50:03 energy_component,line: 338 DECOMPOSE | Decomposed Res Num: 339, Total Res Num: 447, Decomposition Progress: 75.83892617449665
2026/03/19 05:50:03 structure,line: 2132     INFO | Adding bonds...
2026/03/19 05:50:03 structure,line: 2135     INFO | Adding angles...
2026/03/19 05:50:03 structure,line: 2138     INFO | Adding dihedrals...
2026/03/19 05:50:03 structure,line: 2141     INFO | Adding Ryckaert-Bellemans torsions...
2026/03/19 05:50:03 structure,line: 2143     INFO | Adding Urey-Bradleys...
2026/03/19 05:50:03 structure,line: 2145     INFO | Adding improper torsions...
2026/03/19 05:50:03 structure,line: 2147     INFO | Adding CMAP torsions...
2026/03/19 05:50:03 structure,line: 2149     INFO | Adding trigonal angle terms...
2026/03/19 05:50:03 structure,line: 2151     INFO | Adding out-of-plane bends...
2026/03/19 05:50:03 structure,line: 2153     INFO | Adding pi-torsions...
2026/03/19 05:50:03 structure,line: 2155     INFO | Adding stretch-bends...
2026/03/19 05:50:03 structure,line: 2157     INFO | Adding torsion-torsions...
2026/03/19 05:50:03 structure,line: 2159     INFO | Adding Nonbonded force...
2026/03/19 05:50:03 energy_component,line: 338 DECOMPOSE | Decomposed Res Num: 340, Total Res Num: 447, Decomposition Progress: 76.0626398210291
2026/03/19 05:50:04 structure,line: 2132     INFO | Adding bonds...
2026/03/19 05:50:04 structure,line: 2135     INFO | Adding angles...
2026/03/19 05:50:04 structure,line: 2138     INFO | Adding dihedrals...
2026/03/19 05:50:04 structure,line: 2141     INFO | Adding Ryckaert-Bellemans torsions...
2026/03/19 05:50:04 structure,line: 2143     INFO | Adding Urey-Bradleys...
2026/03/19 05:50:04 structure,line: 2145     INFO | Adding improper torsions...
2026/03/19 05:50:04 structure,line: 2147     INFO | Adding CMAP torsions...
2026/03/19 05:50:04 structure,line: 2149     INFO | Adding trigonal angle terms...
2026/03/19 05:50:04 structure,line: 2151     INFO | Adding out-of-plane bends...
2026/03/19 05:50:04 structure,line: 2153     INFO | Adding pi-torsions...
2026/03/19 05:50:04 structure,line: 2155     INFO | Adding stretch-bends...
2026/03/19 05:50:04 structure,line: 2157     INFO | Adding torsion-torsions...
2026/03/19 05:50:04 structure,line: 2159     INFO | Adding Nonbonded force...
2026/03/19 05:50:04 energy_component,line: 338 DECOMPOSE | Decomposed Res Num: 341, Total Res Num: 447, Decomposition Progress: 76.28635346756153
2026/03/19 05:50:05 structure,line: 2132     INFO | Adding bonds...
2026/03/19 05:50:05 structure,line: 2135     INFO | Adding angles...
2026/03/19 05:50:05 structure,line: 2138     INFO | Adding dihedrals...
2026/03/19 05:50:05 structure,line: 2141     INFO | Adding Ryckaert-Bellemans torsions...
2026/03/19 05:50:05 structure,line: 2143     INFO | Adding Urey-Bradleys...
2026/03/19 05:50:05 structure,line: 2145     INFO | Adding improper torsions...
2026/03/19 05:50:05 structure,line: 2147     INFO | Adding CMAP torsions...
2026/03/19 05:50:05 structure,line: 2149     INFO | Adding trigonal angle terms...
2026/03/19 05:50:05 structure,line: 2151     INFO | Adding out-of-plane bends...
2026/03/19 05:50:05 structure,line: 2153     INFO | Adding pi-torsions...
2026/03/19 05:50:05 structure,line: 2155     INFO | Adding stretch-bends...
2026/03/19 05:50:05 structure,line: 2157     INFO | Adding torsion-torsions...
2026/03/19 05:50:05 structure,line: 2159     INFO | Adding Nonbonded force...
2026/03/19 05:50:05 energy_component,line: 338 DECOMPOSE | Decomposed Res Num: 342, Total Res Num: 447, Decomposition Progress: 76.51006711409396
2026/03/19 05:50:06 structure,line: 2132     INFO | Adding bonds...
2026/03/19 05:50:06 structure,line: 2135     INFO | Adding angles...
2026/03/19 05:50:06 structure,line: 2138     INFO | Adding dihedrals...
2026/03/19 05:50:06 structure,line: 2141     INFO | Adding Ryckaert-Bellemans torsions...
2026/03/19 05:50:06 structure,line: 2143     INFO | Adding Urey-Bradleys...
2026/03/19 05:50:06 structure,line: 2145     INFO | Adding improper torsions...
2026/03/19 05:50:06 structure,line: 2147     INFO | Adding CMAP torsions...
2026/03/19 05:50:06 structure,line: 2149     INFO | Adding trigonal angle terms...
2026/03/19 05:50:06 structure,line: 2151     INFO | Adding out-of-plane bends...
2026/03/19 05:50:06 structure,line: 2153     INFO | Adding pi-torsions...
2026/03/19 05:50:06 structure,line: 2155     INFO | Adding stretch-bends...
2026/03/19 05:50:06 structure,line: 2157     INFO | Adding torsion-torsions...
2026/03/19 05:50:06 structure,line: 2159     INFO | Adding Nonbonded force...
2026/03/19 05:50:06 energy_component,line: 338 DECOMPOSE | Decomposed Res Num: 343, Total Res Num: 447, Decomposition Progress: 76.7337807606264
2026/03/19 05:50:06 structure,line: 2132     INFO | Adding bonds...
2026/03/19 05:50:06 structure,line: 2135     INFO | Adding angles...
2026/03/19 05:50:06 structure,line: 2138     INFO | Adding dihedrals...
2026/03/19 05:50:06 structure,line: 2141     INFO | Adding Ryckaert-Bellemans torsions...
2026/03/19 05:50:06 structure,line: 2143     INFO | Adding Urey-Bradleys...
2026/03/19 05:50:06 structure,line: 2145     INFO | Adding improper torsions...
2026/03/19 05:50:06 structure,line: 2147     INFO | Adding CMAP torsions...
2026/03/19 05:50:06 structure,line: 2149     INFO | Adding trigonal angle terms...
2026/03/19 05:50:06 structure,line: 2151     INFO | Adding out-of-plane bends...
2026/03/19 05:50:06 structure,line: 2153     INFO | Adding pi-torsions...
2026/03/19 05:50:06 structure,line: 2155     INFO | Adding stretch-bends...
2026/03/19 05:50:06 structure,line: 2157     INFO | Adding torsion-torsions...
2026/03/19 05:50:06 structure,line: 2159     INFO | Adding Nonbonded force...
2026/03/19 05:50:07 energy_component,line: 338 DECOMPOSE | Decomposed Res Num: 344, Total Res Num: 447, Decomposition Progress: 76.95749440715883
2026/03/19 05:50:07 structure,line: 2132     INFO | Adding bonds...
2026/03/19 05:50:07 structure,line: 2135     INFO | Adding angles...
2026/03/19 05:50:07 structure,line: 2138     INFO | Adding dihedrals...
2026/03/19 05:50:07 structure,line: 2141     INFO | Adding Ryckaert-Bellemans torsions...
2026/03/19 05:50:07 structure,line: 2143     INFO | Adding Urey-Bradleys...
2026/03/19 05:50:07 structure,line: 2145     INFO | Adding improper torsions...
2026/03/19 05:50:07 structure,line: 2147     INFO | Adding CMAP torsions...
2026/03/19 05:50:07 structure,line: 2149     INFO | Adding trigonal angle terms...
2026/03/19 05:50:07 structure,line: 2151     INFO | Adding out-of-plane bends...
2026/03/19 05:50:07 structure,line: 2153     INFO | Adding pi-torsions...
2026/03/19 05:50:07 structure,line: 2155     INFO | Adding stretch-bends...
2026/03/19 05:50:07 structure,line: 2157     INFO | Adding torsion-torsions...
2026/03/19 05:50:07 structure,line: 2159     INFO | Adding Nonbonded force...
2026/03/19 05:50:08 energy_component,line: 338 DECOMPOSE | Decomposed Res Num: 345, Total Res Num: 447, Decomposition Progress: 77.18120805369128
2026/03/19 05:50:08 structure,line: 2132     INFO | Adding bonds...
2026/03/19 05:50:08 structure,line: 2135     INFO | Adding angles...
2026/03/19 05:50:08 structure,line: 2138     INFO | Adding dihedrals...
2026/03/19 05:50:08 structure,line: 2141     INFO | Adding Ryckaert-Bellemans torsions...
2026/03/19 05:50:08 structure,line: 2143     INFO | Adding Urey-Bradleys...
2026/03/19 05:50:08 structure,line: 2145     INFO | Adding improper torsions...
2026/03/19 05:50:08 structure,line: 2147     INFO | Adding CMAP torsions...
2026/03/19 05:50:08 structure,line: 2149     INFO | Adding trigonal angle terms...
2026/03/19 05:50:08 structure,line: 2151     INFO | Adding out-of-plane bends...
2026/03/19 05:50:08 structure,line: 2153     INFO | Adding pi-torsions...
2026/03/19 05:50:08 structure,line: 2155     INFO | Adding stretch-bends...
2026/03/19 05:50:08 structure,line: 2157     INFO | Adding torsion-torsions...
2026/03/19 05:50:08 structure,line: 2159     INFO | Adding Nonbonded force...
2026/03/19 05:50:08 energy_component,line: 338 DECOMPOSE | Decomposed Res Num: 346, Total Res Num: 447, Decomposition Progress: 77.40492170022371
2026/03/19 05:50:09 structure,line: 2132     INFO | Adding bonds...
2026/03/19 05:50:09 structure,line: 2135     INFO | Adding angles...
2026/03/19 05:50:09 structure,line: 2138     INFO | Adding dihedrals...
2026/03/19 05:50:09 structure,line: 2141     INFO | Adding Ryckaert-Bellemans torsions...
2026/03/19 05:50:09 structure,line: 2143     INFO | Adding Urey-Bradleys...
2026/03/19 05:50:09 structure,line: 2145     INFO | Adding improper torsions...
2026/03/19 05:50:09 structure,line: 2147     INFO | Adding CMAP torsions...
2026/03/19 05:50:09 structure,line: 2149     INFO | Adding trigonal angle terms...
2026/03/19 05:50:09 structure,line: 2151     INFO | Adding out-of-plane bends...
2026/03/19 05:50:09 structure,line: 2153     INFO | Adding pi-torsions...
2026/03/19 05:50:09 structure,line: 2155     INFO | Adding stretch-bends...
2026/03/19 05:50:09 structure,line: 2157     INFO | Adding torsion-torsions...
2026/03/19 05:50:09 structure,line: 2159     INFO | Adding Nonbonded force...
2026/03/19 05:50:09 energy_component,line: 338 DECOMPOSE | Decomposed Res Num: 347, Total Res Num: 447, Decomposition Progress: 77.62863534675614
2026/03/19 05:50:10 structure,line: 2132     INFO | Adding bonds...
2026/03/19 05:50:10 structure,line: 2135     INFO | Adding angles...
2026/03/19 05:50:10 structure,line: 2138     INFO | Adding dihedrals...
2026/03/19 05:50:10 structure,line: 2141     INFO | Adding Ryckaert-Bellemans torsions...
2026/03/19 05:50:10 structure,line: 2143     INFO | Adding Urey-Bradleys...
2026/03/19 05:50:10 structure,line: 2145     INFO | Adding improper torsions...
2026/03/19 05:50:10 structure,line: 2147     INFO | Adding CMAP torsions...
2026/03/19 05:50:10 structure,line: 2149     INFO | Adding trigonal angle terms...
2026/03/19 05:50:10 structure,line: 2151     INFO | Adding out-of-plane bends...
2026/03/19 05:50:10 structure,line: 2153     INFO | Adding pi-torsions...
2026/03/19 05:50:10 structure,line: 2155     INFO | Adding stretch-bends...
2026/03/19 05:50:10 structure,line: 2157     INFO | Adding torsion-torsions...
2026/03/19 05:50:10 structure,line: 2159     INFO | Adding Nonbonded force...
2026/03/19 05:50:10 energy_component,line: 338 DECOMPOSE | Decomposed Res Num: 348, Total Res Num: 447, Decomposition Progress: 77.85234899328859
2026/03/19 05:50:11 structure,line: 2132     INFO | Adding bonds...
2026/03/19 05:50:11 structure,line: 2135     INFO | Adding angles...
2026/03/19 05:50:11 structure,line: 2138     INFO | Adding dihedrals...
2026/03/19 05:50:11 structure,line: 2141     INFO | Adding Ryckaert-Bellemans torsions...
2026/03/19 05:50:11 structure,line: 2143     INFO | Adding Urey-Bradleys...
2026/03/19 05:50:11 structure,line: 2145     INFO | Adding improper torsions...
2026/03/19 05:50:11 structure,line: 2147     INFO | Adding CMAP torsions...
2026/03/19 05:50:11 structure,line: 2149     INFO | Adding trigonal angle terms...
2026/03/19 05:50:11 structure,line: 2151     INFO | Adding out-of-plane bends...
2026/03/19 05:50:11 structure,line: 2153     INFO | Adding pi-torsions...
2026/03/19 05:50:11 structure,line: 2155     INFO | Adding stretch-bends...
2026/03/19 05:50:11 structure,line: 2157     INFO | Adding torsion-torsions...
2026/03/19 05:50:11 structure,line: 2159     INFO | Adding Nonbonded force...
2026/03/19 05:50:11 energy_component,line: 338 DECOMPOSE | Decomposed Res Num: 349, Total Res Num: 447, Decomposition Progress: 78.07606263982103
2026/03/19 05:50:14 structure,line: 2132     INFO | Adding bonds...
2026/03/19 05:50:14 structure,line: 2135     INFO | Adding angles...
2026/03/19 05:50:14 structure,line: 2138     INFO | Adding dihedrals...
2026/03/19 05:50:14 structure,line: 2141     INFO | Adding Ryckaert-Bellemans torsions...
2026/03/19 05:50:14 structure,line: 2143     INFO | Adding Urey-Bradleys...
2026/03/19 05:50:14 structure,line: 2145     INFO | Adding improper torsions...
2026/03/19 05:50:14 structure,line: 2147     INFO | Adding CMAP torsions...
2026/03/19 05:50:14 structure,line: 2149     INFO | Adding trigonal angle terms...
2026/03/19 05:50:14 structure,line: 2151     INFO | Adding out-of-plane bends...
2026/03/19 05:50:14 structure,line: 2153     INFO | Adding pi-torsions...
2026/03/19 05:50:14 structure,line: 2155     INFO | Adding stretch-bends...
2026/03/19 05:50:14 structure,line: 2157     INFO | Adding torsion-torsions...
2026/03/19 05:50:14 structure,line: 2159     INFO | Adding Nonbonded force...
2026/03/19 05:50:14 energy_component,line: 338 DECOMPOSE | Decomposed Res Num: 350, Total Res Num: 447, Decomposition Progress: 78.29977628635348
2026/03/19 05:50:15 structure,line: 2132     INFO | Adding bonds...
2026/03/19 05:50:15 structure,line: 2135     INFO | Adding angles...
2026/03/19 05:50:15 structure,line: 2138     INFO | Adding dihedrals...
2026/03/19 05:50:15 structure,line: 2141     INFO | Adding Ryckaert-Bellemans torsions...
2026/03/19 05:50:15 structure,line: 2143     INFO | Adding Urey-Bradleys...
2026/03/19 05:50:15 structure,line: 2145     INFO | Adding improper torsions...
2026/03/19 05:50:15 structure,line: 2147     INFO | Adding CMAP torsions...
2026/03/19 05:50:15 structure,line: 2149     INFO | Adding trigonal angle terms...
2026/03/19 05:50:15 structure,line: 2151     INFO | Adding out-of-plane bends...
2026/03/19 05:50:15 structure,line: 2153     INFO | Adding pi-torsions...
2026/03/19 05:50:15 structure,line: 2155     INFO | Adding stretch-bends...
2026/03/19 05:50:15 structure,line: 2157     INFO | Adding torsion-torsions...
2026/03/19 05:50:15 structure,line: 2159     INFO | Adding Nonbonded force...
2026/03/19 05:50:15 energy_component,line: 338 DECOMPOSE | Decomposed Res Num: 351, Total Res Num: 447, Decomposition Progress: 78.52348993288591
2026/03/19 05:50:16 structure,line: 2132     INFO | Adding bonds...
2026/03/19 05:50:16 structure,line: 2135     INFO | Adding angles...
2026/03/19 05:50:16 structure,line: 2138     INFO | Adding dihedrals...
2026/03/19 05:50:16 structure,line: 2141     INFO | Adding Ryckaert-Bellemans torsions...
2026/03/19 05:50:16 structure,line: 2143     INFO | Adding Urey-Bradleys...
2026/03/19 05:50:16 structure,line: 2145     INFO | Adding improper torsions...
2026/03/19 05:50:16 structure,line: 2147     INFO | Adding CMAP torsions...
2026/03/19 05:50:16 structure,line: 2149     INFO | Adding trigonal angle terms...
2026/03/19 05:50:16 structure,line: 2151     INFO | Adding out-of-plane bends...
2026/03/19 05:50:16 structure,line: 2153     INFO | Adding pi-torsions...
2026/03/19 05:50:16 structure,line: 2155     INFO | Adding stretch-bends...
2026/03/19 05:50:16 structure,line: 2157     INFO | Adding torsion-torsions...
2026/03/19 05:50:16 structure,line: 2159     INFO | Adding Nonbonded force...
2026/03/19 05:50:16 energy_component,line: 338 DECOMPOSE | Decomposed Res Num: 352, Total Res Num: 447, Decomposition Progress: 78.74720357941834
2026/03/19 05:50:17 structure,line: 2132     INFO | Adding bonds...
2026/03/19 05:50:17 structure,line: 2135     INFO | Adding angles...
2026/03/19 05:50:17 structure,line: 2138     INFO | Adding dihedrals...
2026/03/19 05:50:17 structure,line: 2141     INFO | Adding Ryckaert-Bellemans torsions...
2026/03/19 05:50:17 structure,line: 2143     INFO | Adding Urey-Bradleys...
2026/03/19 05:50:17 structure,line: 2145     INFO | Adding improper torsions...
2026/03/19 05:50:17 structure,line: 2147     INFO | Adding CMAP torsions...
2026/03/19 05:50:17 structure,line: 2149     INFO | Adding trigonal angle terms...
2026/03/19 05:50:17 structure,line: 2151     INFO | Adding out-of-plane bends...
2026/03/19 05:50:17 structure,line: 2153     INFO | Adding pi-torsions...
2026/03/19 05:50:17 structure,line: 2155     INFO | Adding stretch-bends...
2026/03/19 05:50:17 structure,line: 2157     INFO | Adding torsion-torsions...
2026/03/19 05:50:17 structure,line: 2159     INFO | Adding Nonbonded force...
2026/03/19 05:50:17 energy_component,line: 338 DECOMPOSE | Decomposed Res Num: 353, Total Res Num: 447, Decomposition Progress: 78.97091722595079
2026/03/19 05:50:17 structure,line: 2132     INFO | Adding bonds...
2026/03/19 05:50:17 structure,line: 2135     INFO | Adding angles...
2026/03/19 05:50:17 structure,line: 2138     INFO | Adding dihedrals...
2026/03/19 05:50:17 structure,line: 2141     INFO | Adding Ryckaert-Bellemans torsions...
2026/03/19 05:50:17 structure,line: 2143     INFO | Adding Urey-Bradleys...
2026/03/19 05:50:17 structure,line: 2145     INFO | Adding improper torsions...
2026/03/19 05:50:17 structure,line: 2147     INFO | Adding CMAP torsions...
2026/03/19 05:50:17 structure,line: 2149     INFO | Adding trigonal angle terms...
2026/03/19 05:50:17 structure,line: 2151     INFO | Adding out-of-plane bends...
2026/03/19 05:50:17 structure,line: 2153     INFO | Adding pi-torsions...
2026/03/19 05:50:17 structure,line: 2155     INFO | Adding stretch-bends...
2026/03/19 05:50:17 structure,line: 2157     INFO | Adding torsion-torsions...
2026/03/19 05:50:17 structure,line: 2159     INFO | Adding Nonbonded force...
2026/03/19 05:50:18 energy_component,line: 338 DECOMPOSE | Decomposed Res Num: 354, Total Res Num: 447, Decomposition Progress: 79.19463087248322
2026/03/19 05:50:18 structure,line: 2132     INFO | Adding bonds...
2026/03/19 05:50:18 structure,line: 2135     INFO | Adding angles...
2026/03/19 05:50:18 structure,line: 2138     INFO | Adding dihedrals...
2026/03/19 05:50:18 structure,line: 2141     INFO | Adding Ryckaert-Bellemans torsions...
2026/03/19 05:50:18 structure,line: 2143     INFO | Adding Urey-Bradleys...
2026/03/19 05:50:18 structure,line: 2145     INFO | Adding improper torsions...
2026/03/19 05:50:18 structure,line: 2147     INFO | Adding CMAP torsions...
2026/03/19 05:50:18 structure,line: 2149     INFO | Adding trigonal angle terms...
2026/03/19 05:50:18 structure,line: 2151     INFO | Adding out-of-plane bends...
2026/03/19 05:50:18 structure,line: 2153     INFO | Adding pi-torsions...
2026/03/19 05:50:18 structure,line: 2155     INFO | Adding stretch-bends...
2026/03/19 05:50:18 structure,line: 2157     INFO | Adding torsion-torsions...
2026/03/19 05:50:18 structure,line: 2159     INFO | Adding Nonbonded force...
2026/03/19 05:50:18 energy_component,line: 338 DECOMPOSE | Decomposed Res Num: 355, Total Res Num: 447, Decomposition Progress: 79.41834451901566
2026/03/19 05:50:19 structure,line: 2132     INFO | Adding bonds...
2026/03/19 05:50:19 structure,line: 2135     INFO | Adding angles...
2026/03/19 05:50:19 structure,line: 2138     INFO | Adding dihedrals...
2026/03/19 05:50:19 structure,line: 2141     INFO | Adding Ryckaert-Bellemans torsions...
2026/03/19 05:50:19 structure,line: 2143     INFO | Adding Urey-Bradleys...
2026/03/19 05:50:19 structure,line: 2145     INFO | Adding improper torsions...
2026/03/19 05:50:19 structure,line: 2147     INFO | Adding CMAP torsions...
2026/03/19 05:50:19 structure,line: 2149     INFO | Adding trigonal angle terms...
2026/03/19 05:50:19 structure,line: 2151     INFO | Adding out-of-plane bends...
2026/03/19 05:50:19 structure,line: 2153     INFO | Adding pi-torsions...
2026/03/19 05:50:19 structure,line: 2155     INFO | Adding stretch-bends...
2026/03/19 05:50:19 structure,line: 2157     INFO | Adding torsion-torsions...
2026/03/19 05:50:19 structure,line: 2159     INFO | Adding Nonbonded force...
2026/03/19 05:50:19 energy_component,line: 338 DECOMPOSE | Decomposed Res Num: 356, Total Res Num: 447, Decomposition Progress: 79.64205816554811
2026/03/19 05:50:20 structure,line: 2132     INFO | Adding bonds...
2026/03/19 05:50:20 structure,line: 2135     INFO | Adding angles...
2026/03/19 05:50:20 structure,line: 2138     INFO | Adding dihedrals...
2026/03/19 05:50:20 structure,line: 2141     INFO | Adding Ryckaert-Bellemans torsions...
2026/03/19 05:50:20 structure,line: 2143     INFO | Adding Urey-Bradleys...
2026/03/19 05:50:20 structure,line: 2145     INFO | Adding improper torsions...
2026/03/19 05:50:20 structure,line: 2147     INFO | Adding CMAP torsions...
2026/03/19 05:50:20 structure,line: 2149     INFO | Adding trigonal angle terms...
2026/03/19 05:50:20 structure,line: 2151     INFO | Adding out-of-plane bends...
2026/03/19 05:50:20 structure,line: 2153     INFO | Adding pi-torsions...
2026/03/19 05:50:20 structure,line: 2155     INFO | Adding stretch-bends...
2026/03/19 05:50:20 structure,line: 2157     INFO | Adding torsion-torsions...
2026/03/19 05:50:20 structure,line: 2159     INFO | Adding Nonbonded force...
2026/03/19 05:50:20 energy_component,line: 338 DECOMPOSE | Decomposed Res Num: 357, Total Res Num: 447, Decomposition Progress: 79.86577181208054
2026/03/19 05:50:20 structure,line: 2132     INFO | Adding bonds...
2026/03/19 05:50:20 structure,line: 2135     INFO | Adding angles...
2026/03/19 05:50:20 structure,line: 2138     INFO | Adding dihedrals...
2026/03/19 05:50:20 structure,line: 2141     INFO | Adding Ryckaert-Bellemans torsions...
2026/03/19 05:50:20 structure,line: 2143     INFO | Adding Urey-Bradleys...
2026/03/19 05:50:20 structure,line: 2145     INFO | Adding improper torsions...
2026/03/19 05:50:20 structure,line: 2147     INFO | Adding CMAP torsions...
2026/03/19 05:50:20 structure,line: 2149     INFO | Adding trigonal angle terms...
2026/03/19 05:50:20 structure,line: 2151     INFO | Adding out-of-plane bends...
2026/03/19 05:50:20 structure,line: 2153     INFO | Adding pi-torsions...
2026/03/19 05:50:20 structure,line: 2155     INFO | Adding stretch-bends...
2026/03/19 05:50:20 structure,line: 2157     INFO | Adding torsion-torsions...
2026/03/19 05:50:20 structure,line: 2159     INFO | Adding Nonbonded force...
2026/03/19 05:50:21 energy_component,line: 338 DECOMPOSE | Decomposed Res Num: 358, Total Res Num: 447, Decomposition Progress: 80.08948545861297
2026/03/19 05:50:21 structure,line: 2132     INFO | Adding bonds...
2026/03/19 05:50:21 structure,line: 2135     INFO | Adding angles...
2026/03/19 05:50:21 structure,line: 2138     INFO | Adding dihedrals...
2026/03/19 05:50:21 structure,line: 2141     INFO | Adding Ryckaert-Bellemans torsions...
2026/03/19 05:50:21 structure,line: 2143     INFO | Adding Urey-Bradleys...
2026/03/19 05:50:21 structure,line: 2145     INFO | Adding improper torsions...
2026/03/19 05:50:21 structure,line: 2147     INFO | Adding CMAP torsions...
2026/03/19 05:50:21 structure,line: 2149     INFO | Adding trigonal angle terms...
2026/03/19 05:50:21 structure,line: 2151     INFO | Adding out-of-plane bends...
2026/03/19 05:50:21 structure,line: 2153     INFO | Adding pi-torsions...
2026/03/19 05:50:21 structure,line: 2155     INFO | Adding stretch-bends...
2026/03/19 05:50:21 structure,line: 2157     INFO | Adding torsion-torsions...
2026/03/19 05:50:21 structure,line: 2159     INFO | Adding Nonbonded force...
2026/03/19 05:50:22 energy_component,line: 338 DECOMPOSE | Decomposed Res Num: 359, Total Res Num: 447, Decomposition Progress: 80.31319910514542
2026/03/19 05:50:22 structure,line: 2132     INFO | Adding bonds...
2026/03/19 05:50:22 structure,line: 2135     INFO | Adding angles...
2026/03/19 05:50:22 structure,line: 2138     INFO | Adding dihedrals...
2026/03/19 05:50:22 structure,line: 2141     INFO | Adding Ryckaert-Bellemans torsions...
2026/03/19 05:50:22 structure,line: 2143     INFO | Adding Urey-Bradleys...
2026/03/19 05:50:22 structure,line: 2145     INFO | Adding improper torsions...
2026/03/19 05:50:22 structure,line: 2147     INFO | Adding CMAP torsions...
2026/03/19 05:50:22 structure,line: 2149     INFO | Adding trigonal angle terms...
2026/03/19 05:50:22 structure,line: 2151     INFO | Adding out-of-plane bends...
2026/03/19 05:50:22 structure,line: 2153     INFO | Adding pi-torsions...
2026/03/19 05:50:22 structure,line: 2155     INFO | Adding stretch-bends...
2026/03/19 05:50:22 structure,line: 2157     INFO | Adding torsion-torsions...
2026/03/19 05:50:22 structure,line: 2159     INFO | Adding Nonbonded force...
2026/03/19 05:50:22 energy_component,line: 338 DECOMPOSE | Decomposed Res Num: 360, Total Res Num: 447, Decomposition Progress: 80.53691275167785
2026/03/19 05:50:23 structure,line: 2132     INFO | Adding bonds...
2026/03/19 05:50:23 structure,line: 2135     INFO | Adding angles...
2026/03/19 05:50:23 structure,line: 2138     INFO | Adding dihedrals...
2026/03/19 05:50:23 structure,line: 2141     INFO | Adding Ryckaert-Bellemans torsions...
2026/03/19 05:50:23 structure,line: 2143     INFO | Adding Urey-Bradleys...
2026/03/19 05:50:23 structure,line: 2145     INFO | Adding improper torsions...
2026/03/19 05:50:23 structure,line: 2147     INFO | Adding CMAP torsions...
2026/03/19 05:50:23 structure,line: 2149     INFO | Adding trigonal angle terms...
2026/03/19 05:50:23 structure,line: 2151     INFO | Adding out-of-plane bends...
2026/03/19 05:50:23 structure,line: 2153     INFO | Adding pi-torsions...
2026/03/19 05:50:23 structure,line: 2155     INFO | Adding stretch-bends...
2026/03/19 05:50:23 structure,line: 2157     INFO | Adding torsion-torsions...
2026/03/19 05:50:23 structure,line: 2159     INFO | Adding Nonbonded force...
2026/03/19 05:50:23 energy_component,line: 338 DECOMPOSE | Decomposed Res Num: 361, Total Res Num: 447, Decomposition Progress: 80.76062639821029
2026/03/19 05:50:24 structure,line: 2132     INFO | Adding bonds...
2026/03/19 05:50:24 structure,line: 2135     INFO | Adding angles...
2026/03/19 05:50:24 structure,line: 2138     INFO | Adding dihedrals...
2026/03/19 05:50:24 structure,line: 2141     INFO | Adding Ryckaert-Bellemans torsions...
2026/03/19 05:50:24 structure,line: 2143     INFO | Adding Urey-Bradleys...
2026/03/19 05:50:24 structure,line: 2145     INFO | Adding improper torsions...
2026/03/19 05:50:24 structure,line: 2147     INFO | Adding CMAP torsions...
2026/03/19 05:50:24 structure,line: 2149     INFO | Adding trigonal angle terms...
2026/03/19 05:50:24 structure,line: 2151     INFO | Adding out-of-plane bends...
2026/03/19 05:50:24 structure,line: 2153     INFO | Adding pi-torsions...
2026/03/19 05:50:24 structure,line: 2155     INFO | Adding stretch-bends...
2026/03/19 05:50:24 structure,line: 2157     INFO | Adding torsion-torsions...
2026/03/19 05:50:24 structure,line: 2159     INFO | Adding Nonbonded force...
2026/03/19 05:50:24 energy_component,line: 338 DECOMPOSE | Decomposed Res Num: 362, Total Res Num: 447, Decomposition Progress: 80.98434004474274
2026/03/19 05:50:24 structure,line: 2132     INFO | Adding bonds...
2026/03/19 05:50:24 structure,line: 2135     INFO | Adding angles...
2026/03/19 05:50:24 structure,line: 2138     INFO | Adding dihedrals...
2026/03/19 05:50:24 structure,line: 2141     INFO | Adding Ryckaert-Bellemans torsions...
2026/03/19 05:50:24 structure,line: 2143     INFO | Adding Urey-Bradleys...
2026/03/19 05:50:24 structure,line: 2145     INFO | Adding improper torsions...
2026/03/19 05:50:24 structure,line: 2147     INFO | Adding CMAP torsions...
2026/03/19 05:50:24 structure,line: 2149     INFO | Adding trigonal angle terms...
2026/03/19 05:50:24 structure,line: 2151     INFO | Adding out-of-plane bends...
2026/03/19 05:50:24 structure,line: 2153     INFO | Adding pi-torsions...
2026/03/19 05:50:24 structure,line: 2155     INFO | Adding stretch-bends...
2026/03/19 05:50:24 structure,line: 2157     INFO | Adding torsion-torsions...
2026/03/19 05:50:24 structure,line: 2159     INFO | Adding Nonbonded force...
2026/03/19 05:50:25 energy_component,line: 338 DECOMPOSE | Decomposed Res Num: 363, Total Res Num: 447, Decomposition Progress: 81.20805369127517
2026/03/19 05:50:25 structure,line: 2132     INFO | Adding bonds...
2026/03/19 05:50:25 structure,line: 2135     INFO | Adding angles...
2026/03/19 05:50:25 structure,line: 2138     INFO | Adding dihedrals...
2026/03/19 05:50:25 structure,line: 2141     INFO | Adding Ryckaert-Bellemans torsions...
2026/03/19 05:50:25 structure,line: 2143     INFO | Adding Urey-Bradleys...
2026/03/19 05:50:25 structure,line: 2145     INFO | Adding improper torsions...
2026/03/19 05:50:25 structure,line: 2147     INFO | Adding CMAP torsions...
2026/03/19 05:50:25 structure,line: 2149     INFO | Adding trigonal angle terms...
2026/03/19 05:50:25 structure,line: 2151     INFO | Adding out-of-plane bends...
2026/03/19 05:50:25 structure,line: 2153     INFO | Adding pi-torsions...
2026/03/19 05:50:25 structure,line: 2155     INFO | Adding stretch-bends...
2026/03/19 05:50:25 structure,line: 2157     INFO | Adding torsion-torsions...
2026/03/19 05:50:25 structure,line: 2159     INFO | Adding Nonbonded force...
2026/03/19 05:50:26 energy_component,line: 338 DECOMPOSE | Decomposed Res Num: 364, Total Res Num: 447, Decomposition Progress: 81.4317673378076
2026/03/19 05:50:29 structure,line: 2132     INFO | Adding bonds...
2026/03/19 05:50:29 structure,line: 2135     INFO | Adding angles...
2026/03/19 05:50:29 structure,line: 2138     INFO | Adding dihedrals...
2026/03/19 05:50:29 structure,line: 2141     INFO | Adding Ryckaert-Bellemans torsions...
2026/03/19 05:50:29 structure,line: 2143     INFO | Adding Urey-Bradleys...
2026/03/19 05:50:29 structure,line: 2145     INFO | Adding improper torsions...
2026/03/19 05:50:29 structure,line: 2147     INFO | Adding CMAP torsions...
2026/03/19 05:50:29 structure,line: 2149     INFO | Adding trigonal angle terms...
2026/03/19 05:50:29 structure,line: 2151     INFO | Adding out-of-plane bends...
2026/03/19 05:50:29 structure,line: 2153     INFO | Adding pi-torsions...
2026/03/19 05:50:29 structure,line: 2155     INFO | Adding stretch-bends...
2026/03/19 05:50:29 structure,line: 2157     INFO | Adding torsion-torsions...
2026/03/19 05:50:29 structure,line: 2159     INFO | Adding Nonbonded force...
2026/03/19 05:50:29 energy_component,line: 338 DECOMPOSE | Decomposed Res Num: 365, Total Res Num: 447, Decomposition Progress: 81.65548098434004
2026/03/19 05:50:30 structure,line: 2132     INFO | Adding bonds...
2026/03/19 05:50:30 structure,line: 2135     INFO | Adding angles...
2026/03/19 05:50:30 structure,line: 2138     INFO | Adding dihedrals...
2026/03/19 05:50:30 structure,line: 2141     INFO | Adding Ryckaert-Bellemans torsions...
2026/03/19 05:50:30 structure,line: 2143     INFO | Adding Urey-Bradleys...
2026/03/19 05:50:30 structure,line: 2145     INFO | Adding improper torsions...
2026/03/19 05:50:30 structure,line: 2147     INFO | Adding CMAP torsions...
2026/03/19 05:50:30 structure,line: 2149     INFO | Adding trigonal angle terms...
2026/03/19 05:50:30 structure,line: 2151     INFO | Adding out-of-plane bends...
2026/03/19 05:50:30 structure,line: 2153     INFO | Adding pi-torsions...
2026/03/19 05:50:30 structure,line: 2155     INFO | Adding stretch-bends...
2026/03/19 05:50:30 structure,line: 2157     INFO | Adding torsion-torsions...
2026/03/19 05:50:30 structure,line: 2159     INFO | Adding Nonbonded force...
2026/03/19 05:50:30 energy_component,line: 338 DECOMPOSE | Decomposed Res Num: 366, Total Res Num: 447, Decomposition Progress: 81.87919463087249
2026/03/19 05:50:30 structure,line: 2132     INFO | Adding bonds...
2026/03/19 05:50:30 structure,line: 2135     INFO | Adding angles...
2026/03/19 05:50:30 structure,line: 2138     INFO | Adding dihedrals...
2026/03/19 05:50:30 structure,line: 2141     INFO | Adding Ryckaert-Bellemans torsions...
2026/03/19 05:50:30 structure,line: 2143     INFO | Adding Urey-Bradleys...
2026/03/19 05:50:30 structure,line: 2145     INFO | Adding improper torsions...
2026/03/19 05:50:30 structure,line: 2147     INFO | Adding CMAP torsions...
2026/03/19 05:50:30 structure,line: 2149     INFO | Adding trigonal angle terms...
2026/03/19 05:50:30 structure,line: 2151     INFO | Adding out-of-plane bends...
2026/03/19 05:50:30 structure,line: 2153     INFO | Adding pi-torsions...
2026/03/19 05:50:30 structure,line: 2155     INFO | Adding stretch-bends...
2026/03/19 05:50:30 structure,line: 2157     INFO | Adding torsion-torsions...
2026/03/19 05:50:30 structure,line: 2159     INFO | Adding Nonbonded force...
2026/03/19 05:50:31 energy_component,line: 338 DECOMPOSE | Decomposed Res Num: 367, Total Res Num: 447, Decomposition Progress: 82.10290827740492
2026/03/19 05:50:31 structure,line: 2132     INFO | Adding bonds...
2026/03/19 05:50:31 structure,line: 2135     INFO | Adding angles...
2026/03/19 05:50:31 structure,line: 2138     INFO | Adding dihedrals...
2026/03/19 05:50:31 structure,line: 2141     INFO | Adding Ryckaert-Bellemans torsions...
2026/03/19 05:50:31 structure,line: 2143     INFO | Adding Urey-Bradleys...
2026/03/19 05:50:31 structure,line: 2145     INFO | Adding improper torsions...
2026/03/19 05:50:31 structure,line: 2147     INFO | Adding CMAP torsions...
2026/03/19 05:50:31 structure,line: 2149     INFO | Adding trigonal angle terms...
2026/03/19 05:50:31 structure,line: 2151     INFO | Adding out-of-plane bends...
2026/03/19 05:50:31 structure,line: 2153     INFO | Adding pi-torsions...
2026/03/19 05:50:31 structure,line: 2155     INFO | Adding stretch-bends...
2026/03/19 05:50:31 structure,line: 2157     INFO | Adding torsion-torsions...
2026/03/19 05:50:31 structure,line: 2159     INFO | Adding Nonbonded force...
2026/03/19 05:50:31 energy_component,line: 338 DECOMPOSE | Decomposed Res Num: 368, Total Res Num: 447, Decomposition Progress: 82.32662192393735
2026/03/19 05:50:32 structure,line: 2132     INFO | Adding bonds...
2026/03/19 05:50:32 structure,line: 2135     INFO | Adding angles...
2026/03/19 05:50:32 structure,line: 2138     INFO | Adding dihedrals...
2026/03/19 05:50:32 structure,line: 2141     INFO | Adding Ryckaert-Bellemans torsions...
2026/03/19 05:50:32 structure,line: 2143     INFO | Adding Urey-Bradleys...
2026/03/19 05:50:32 structure,line: 2145     INFO | Adding improper torsions...
2026/03/19 05:50:32 structure,line: 2147     INFO | Adding CMAP torsions...
2026/03/19 05:50:32 structure,line: 2149     INFO | Adding trigonal angle terms...
2026/03/19 05:50:32 structure,line: 2151     INFO | Adding out-of-plane bends...
2026/03/19 05:50:32 structure,line: 2153     INFO | Adding pi-torsions...
2026/03/19 05:50:32 structure,line: 2155     INFO | Adding stretch-bends...
2026/03/19 05:50:32 structure,line: 2157     INFO | Adding torsion-torsions...
2026/03/19 05:50:32 structure,line: 2159     INFO | Adding Nonbonded force...
2026/03/19 05:50:32 energy_component,line: 338 DECOMPOSE | Decomposed Res Num: 369, Total Res Num: 447, Decomposition Progress: 82.5503355704698
2026/03/19 05:50:33 structure,line: 2132     INFO | Adding bonds...
2026/03/19 05:50:33 structure,line: 2135     INFO | Adding angles...
2026/03/19 05:50:33 structure,line: 2138     INFO | Adding dihedrals...
2026/03/19 05:50:33 structure,line: 2141     INFO | Adding Ryckaert-Bellemans torsions...
2026/03/19 05:50:33 structure,line: 2143     INFO | Adding Urey-Bradleys...
2026/03/19 05:50:33 structure,line: 2145     INFO | Adding improper torsions...
2026/03/19 05:50:33 structure,line: 2147     INFO | Adding CMAP torsions...
2026/03/19 05:50:33 structure,line: 2149     INFO | Adding trigonal angle terms...
2026/03/19 05:50:33 structure,line: 2151     INFO | Adding out-of-plane bends...
2026/03/19 05:50:33 structure,line: 2153     INFO | Adding pi-torsions...
2026/03/19 05:50:33 structure,line: 2155     INFO | Adding stretch-bends...
2026/03/19 05:50:33 structure,line: 2157     INFO | Adding torsion-torsions...
2026/03/19 05:50:33 structure,line: 2159     INFO | Adding Nonbonded force...
2026/03/19 05:50:33 energy_component,line: 338 DECOMPOSE | Decomposed Res Num: 370, Total Res Num: 447, Decomposition Progress: 82.77404921700223
2026/03/19 05:50:34 structure,line: 2132     INFO | Adding bonds...
2026/03/19 05:50:34 structure,line: 2135     INFO | Adding angles...
2026/03/19 05:50:34 structure,line: 2138     INFO | Adding dihedrals...
2026/03/19 05:50:34 structure,line: 2141     INFO | Adding Ryckaert-Bellemans torsions...
2026/03/19 05:50:34 structure,line: 2143     INFO | Adding Urey-Bradleys...
2026/03/19 05:50:34 structure,line: 2145     INFO | Adding improper torsions...
2026/03/19 05:50:34 structure,line: 2147     INFO | Adding CMAP torsions...
2026/03/19 05:50:34 structure,line: 2149     INFO | Adding trigonal angle terms...
2026/03/19 05:50:34 structure,line: 2151     INFO | Adding out-of-plane bends...
2026/03/19 05:50:34 structure,line: 2153     INFO | Adding pi-torsions...
2026/03/19 05:50:34 structure,line: 2155     INFO | Adding stretch-bends...
2026/03/19 05:50:34 structure,line: 2157     INFO | Adding torsion-torsions...
2026/03/19 05:50:34 structure,line: 2159     INFO | Adding Nonbonded force...
2026/03/19 05:50:34 energy_component,line: 338 DECOMPOSE | Decomposed Res Num: 371, Total Res Num: 447, Decomposition Progress: 82.99776286353467
2026/03/19 05:50:34 structure,line: 2132     INFO | Adding bonds...
2026/03/19 05:50:34 structure,line: 2135     INFO | Adding angles...
2026/03/19 05:50:34 structure,line: 2138     INFO | Adding dihedrals...
2026/03/19 05:50:34 structure,line: 2141     INFO | Adding Ryckaert-Bellemans torsions...
2026/03/19 05:50:34 structure,line: 2143     INFO | Adding Urey-Bradleys...
2026/03/19 05:50:34 structure,line: 2145     INFO | Adding improper torsions...
2026/03/19 05:50:34 structure,line: 2147     INFO | Adding CMAP torsions...
2026/03/19 05:50:34 structure,line: 2149     INFO | Adding trigonal angle terms...
2026/03/19 05:50:34 structure,line: 2151     INFO | Adding out-of-plane bends...
2026/03/19 05:50:34 structure,line: 2153     INFO | Adding pi-torsions...
2026/03/19 05:50:34 structure,line: 2155     INFO | Adding stretch-bends...
2026/03/19 05:50:34 structure,line: 2157     INFO | Adding torsion-torsions...
2026/03/19 05:50:34 structure,line: 2159     INFO | Adding Nonbonded force...
2026/03/19 05:50:35 energy_component,line: 338 DECOMPOSE | Decomposed Res Num: 372, Total Res Num: 447, Decomposition Progress: 83.22147651006712
2026/03/19 05:50:35 structure,line: 2132     INFO | Adding bonds...
2026/03/19 05:50:35 structure,line: 2135     INFO | Adding angles...
2026/03/19 05:50:35 structure,line: 2138     INFO | Adding dihedrals...
2026/03/19 05:50:35 structure,line: 2141     INFO | Adding Ryckaert-Bellemans torsions...
2026/03/19 05:50:35 structure,line: 2143     INFO | Adding Urey-Bradleys...
2026/03/19 05:50:35 structure,line: 2145     INFO | Adding improper torsions...
2026/03/19 05:50:35 structure,line: 2147     INFO | Adding CMAP torsions...
2026/03/19 05:50:35 structure,line: 2149     INFO | Adding trigonal angle terms...
2026/03/19 05:50:35 structure,line: 2151     INFO | Adding out-of-plane bends...
2026/03/19 05:50:35 structure,line: 2153     INFO | Adding pi-torsions...
2026/03/19 05:50:35 structure,line: 2155     INFO | Adding stretch-bends...
2026/03/19 05:50:35 structure,line: 2157     INFO | Adding torsion-torsions...
2026/03/19 05:50:35 structure,line: 2159     INFO | Adding Nonbonded force...
2026/03/19 05:50:35 energy_component,line: 338 DECOMPOSE | Decomposed Res Num: 373, Total Res Num: 447, Decomposition Progress: 83.44519015659955
2026/03/19 05:50:36 structure,line: 2132     INFO | Adding bonds...
2026/03/19 05:50:36 structure,line: 2135     INFO | Adding angles...
2026/03/19 05:50:36 structure,line: 2138     INFO | Adding dihedrals...
2026/03/19 05:50:36 structure,line: 2141     INFO | Adding Ryckaert-Bellemans torsions...
2026/03/19 05:50:36 structure,line: 2143     INFO | Adding Urey-Bradleys...
2026/03/19 05:50:36 structure,line: 2145     INFO | Adding improper torsions...
2026/03/19 05:50:36 structure,line: 2147     INFO | Adding CMAP torsions...
2026/03/19 05:50:36 structure,line: 2149     INFO | Adding trigonal angle terms...
2026/03/19 05:50:36 structure,line: 2151     INFO | Adding out-of-plane bends...
2026/03/19 05:50:36 structure,line: 2153     INFO | Adding pi-torsions...
2026/03/19 05:50:36 structure,line: 2155     INFO | Adding stretch-bends...
2026/03/19 05:50:36 structure,line: 2157     INFO | Adding torsion-torsions...
2026/03/19 05:50:36 structure,line: 2159     INFO | Adding Nonbonded force...
2026/03/19 05:50:36 energy_component,line: 338 DECOMPOSE | Decomposed Res Num: 374, Total Res Num: 447, Decomposition Progress: 83.66890380313198
2026/03/19 05:50:37 structure,line: 2132     INFO | Adding bonds...
2026/03/19 05:50:37 structure,line: 2135     INFO | Adding angles...
2026/03/19 05:50:37 structure,line: 2138     INFO | Adding dihedrals...
2026/03/19 05:50:37 structure,line: 2141     INFO | Adding Ryckaert-Bellemans torsions...
2026/03/19 05:50:37 structure,line: 2143     INFO | Adding Urey-Bradleys...
2026/03/19 05:50:37 structure,line: 2145     INFO | Adding improper torsions...
2026/03/19 05:50:37 structure,line: 2147     INFO | Adding CMAP torsions...
2026/03/19 05:50:37 structure,line: 2149     INFO | Adding trigonal angle terms...
2026/03/19 05:50:37 structure,line: 2151     INFO | Adding out-of-plane bends...
2026/03/19 05:50:37 structure,line: 2153     INFO | Adding pi-torsions...
2026/03/19 05:50:37 structure,line: 2155     INFO | Adding stretch-bends...
2026/03/19 05:50:37 structure,line: 2157     INFO | Adding torsion-torsions...
2026/03/19 05:50:37 structure,line: 2159     INFO | Adding Nonbonded force...
2026/03/19 05:50:37 energy_component,line: 338 DECOMPOSE | Decomposed Res Num: 375, Total Res Num: 447, Decomposition Progress: 83.89261744966443
2026/03/19 05:50:38 structure,line: 2132     INFO | Adding bonds...
2026/03/19 05:50:38 structure,line: 2135     INFO | Adding angles...
2026/03/19 05:50:38 structure,line: 2138     INFO | Adding dihedrals...
2026/03/19 05:50:38 structure,line: 2141     INFO | Adding Ryckaert-Bellemans torsions...
2026/03/19 05:50:38 structure,line: 2143     INFO | Adding Urey-Bradleys...
2026/03/19 05:50:38 structure,line: 2145     INFO | Adding improper torsions...
2026/03/19 05:50:38 structure,line: 2147     INFO | Adding CMAP torsions...
2026/03/19 05:50:38 structure,line: 2149     INFO | Adding trigonal angle terms...
2026/03/19 05:50:38 structure,line: 2151     INFO | Adding out-of-plane bends...
2026/03/19 05:50:38 structure,line: 2153     INFO | Adding pi-torsions...
2026/03/19 05:50:38 structure,line: 2155     INFO | Adding stretch-bends...
2026/03/19 05:50:38 structure,line: 2157     INFO | Adding torsion-torsions...
2026/03/19 05:50:38 structure,line: 2159     INFO | Adding Nonbonded force...
2026/03/19 05:50:38 energy_component,line: 338 DECOMPOSE | Decomposed Res Num: 376, Total Res Num: 447, Decomposition Progress: 84.11633109619687
2026/03/19 05:50:38 structure,line: 2132     INFO | Adding bonds...
2026/03/19 05:50:38 structure,line: 2135     INFO | Adding angles...
2026/03/19 05:50:38 structure,line: 2138     INFO | Adding dihedrals...
2026/03/19 05:50:38 structure,line: 2141     INFO | Adding Ryckaert-Bellemans torsions...
2026/03/19 05:50:38 structure,line: 2143     INFO | Adding Urey-Bradleys...
2026/03/19 05:50:38 structure,line: 2145     INFO | Adding improper torsions...
2026/03/19 05:50:38 structure,line: 2147     INFO | Adding CMAP torsions...
2026/03/19 05:50:38 structure,line: 2149     INFO | Adding trigonal angle terms...
2026/03/19 05:50:38 structure,line: 2151     INFO | Adding out-of-plane bends...
2026/03/19 05:50:38 structure,line: 2153     INFO | Adding pi-torsions...
2026/03/19 05:50:38 structure,line: 2155     INFO | Adding stretch-bends...
2026/03/19 05:50:38 structure,line: 2157     INFO | Adding torsion-torsions...
2026/03/19 05:50:38 structure,line: 2159     INFO | Adding Nonbonded force...
2026/03/19 05:50:39 energy_component,line: 338 DECOMPOSE | Decomposed Res Num: 377, Total Res Num: 447, Decomposition Progress: 84.3400447427293
2026/03/19 05:50:39 structure,line: 2132     INFO | Adding bonds...
2026/03/19 05:50:39 structure,line: 2135     INFO | Adding angles...
2026/03/19 05:50:39 structure,line: 2138     INFO | Adding dihedrals...
2026/03/19 05:50:39 structure,line: 2141     INFO | Adding Ryckaert-Bellemans torsions...
2026/03/19 05:50:39 structure,line: 2143     INFO | Adding Urey-Bradleys...
2026/03/19 05:50:39 structure,line: 2145     INFO | Adding improper torsions...
2026/03/19 05:50:39 structure,line: 2147     INFO | Adding CMAP torsions...
2026/03/19 05:50:39 structure,line: 2149     INFO | Adding trigonal angle terms...
2026/03/19 05:50:39 structure,line: 2151     INFO | Adding out-of-plane bends...
2026/03/19 05:50:39 structure,line: 2153     INFO | Adding pi-torsions...
2026/03/19 05:50:39 structure,line: 2155     INFO | Adding stretch-bends...
2026/03/19 05:50:39 structure,line: 2157     INFO | Adding torsion-torsions...
2026/03/19 05:50:39 structure,line: 2159     INFO | Adding Nonbonded force...
2026/03/19 05:50:39 energy_component,line: 338 DECOMPOSE | Decomposed Res Num: 378, Total Res Num: 447, Decomposition Progress: 84.56375838926175
2026/03/19 05:50:40 structure,line: 2132     INFO | Adding bonds...
2026/03/19 05:50:40 structure,line: 2135     INFO | Adding angles...
2026/03/19 05:50:40 structure,line: 2138     INFO | Adding dihedrals...
2026/03/19 05:50:40 structure,line: 2141     INFO | Adding Ryckaert-Bellemans torsions...
2026/03/19 05:50:40 structure,line: 2143     INFO | Adding Urey-Bradleys...
2026/03/19 05:50:40 structure,line: 2145     INFO | Adding improper torsions...
2026/03/19 05:50:40 structure,line: 2147     INFO | Adding CMAP torsions...
2026/03/19 05:50:40 structure,line: 2149     INFO | Adding trigonal angle terms...
2026/03/19 05:50:40 structure,line: 2151     INFO | Adding out-of-plane bends...
2026/03/19 05:50:40 structure,line: 2153     INFO | Adding pi-torsions...
2026/03/19 05:50:40 structure,line: 2155     INFO | Adding stretch-bends...
2026/03/19 05:50:40 structure,line: 2157     INFO | Adding torsion-torsions...
2026/03/19 05:50:40 structure,line: 2159     INFO | Adding Nonbonded force...
2026/03/19 05:50:40 energy_component,line: 338 DECOMPOSE | Decomposed Res Num: 379, Total Res Num: 447, Decomposition Progress: 84.78747203579418
2026/03/19 05:50:43 structure,line: 2132     INFO | Adding bonds...
2026/03/19 05:50:43 structure,line: 2135     INFO | Adding angles...
2026/03/19 05:50:43 structure,line: 2138     INFO | Adding dihedrals...
2026/03/19 05:50:43 structure,line: 2141     INFO | Adding Ryckaert-Bellemans torsions...
2026/03/19 05:50:43 structure,line: 2143     INFO | Adding Urey-Bradleys...
2026/03/19 05:50:43 structure,line: 2145     INFO | Adding improper torsions...
2026/03/19 05:50:43 structure,line: 2147     INFO | Adding CMAP torsions...
2026/03/19 05:50:43 structure,line: 2149     INFO | Adding trigonal angle terms...
2026/03/19 05:50:43 structure,line: 2151     INFO | Adding out-of-plane bends...
2026/03/19 05:50:43 structure,line: 2153     INFO | Adding pi-torsions...
2026/03/19 05:50:43 structure,line: 2155     INFO | Adding stretch-bends...
2026/03/19 05:50:43 structure,line: 2157     INFO | Adding torsion-torsions...
2026/03/19 05:50:43 structure,line: 2159     INFO | Adding Nonbonded force...
2026/03/19 05:50:44 energy_component,line: 338 DECOMPOSE | Decomposed Res Num: 380, Total Res Num: 447, Decomposition Progress: 85.01118568232661
2026/03/19 05:50:44 structure,line: 2132     INFO | Adding bonds...
2026/03/19 05:50:44 structure,line: 2135     INFO | Adding angles...
2026/03/19 05:50:44 structure,line: 2138     INFO | Adding dihedrals...
2026/03/19 05:50:44 structure,line: 2141     INFO | Adding Ryckaert-Bellemans torsions...
2026/03/19 05:50:44 structure,line: 2143     INFO | Adding Urey-Bradleys...
2026/03/19 05:50:44 structure,line: 2145     INFO | Adding improper torsions...
2026/03/19 05:50:44 structure,line: 2147     INFO | Adding CMAP torsions...
2026/03/19 05:50:44 structure,line: 2149     INFO | Adding trigonal angle terms...
2026/03/19 05:50:44 structure,line: 2151     INFO | Adding out-of-plane bends...
2026/03/19 05:50:44 structure,line: 2153     INFO | Adding pi-torsions...
2026/03/19 05:50:44 structure,line: 2155     INFO | Adding stretch-bends...
2026/03/19 05:50:44 structure,line: 2157     INFO | Adding torsion-torsions...
2026/03/19 05:50:44 structure,line: 2159     INFO | Adding Nonbonded force...
2026/03/19 05:50:45 energy_component,line: 338 DECOMPOSE | Decomposed Res Num: 381, Total Res Num: 447, Decomposition Progress: 85.23489932885906
2026/03/19 05:50:45 structure,line: 2132     INFO | Adding bonds...
2026/03/19 05:50:45 structure,line: 2135     INFO | Adding angles...
2026/03/19 05:50:45 structure,line: 2138     INFO | Adding dihedrals...
2026/03/19 05:50:45 structure,line: 2141     INFO | Adding Ryckaert-Bellemans torsions...
2026/03/19 05:50:45 structure,line: 2143     INFO | Adding Urey-Bradleys...
2026/03/19 05:50:45 structure,line: 2145     INFO | Adding improper torsions...
2026/03/19 05:50:45 structure,line: 2147     INFO | Adding CMAP torsions...
2026/03/19 05:50:45 structure,line: 2149     INFO | Adding trigonal angle terms...
2026/03/19 05:50:45 structure,line: 2151     INFO | Adding out-of-plane bends...
2026/03/19 05:50:45 structure,line: 2153     INFO | Adding pi-torsions...
2026/03/19 05:50:45 structure,line: 2155     INFO | Adding stretch-bends...
2026/03/19 05:50:45 structure,line: 2157     INFO | Adding torsion-torsions...
2026/03/19 05:50:45 structure,line: 2159     INFO | Adding Nonbonded force...
2026/03/19 05:50:45 energy_component,line: 338 DECOMPOSE | Decomposed Res Num: 382, Total Res Num: 447, Decomposition Progress: 85.4586129753915
2026/03/19 05:50:46 structure,line: 2132     INFO | Adding bonds...
2026/03/19 05:50:46 structure,line: 2135     INFO | Adding angles...
2026/03/19 05:50:46 structure,line: 2138     INFO | Adding dihedrals...
2026/03/19 05:50:46 structure,line: 2141     INFO | Adding Ryckaert-Bellemans torsions...
2026/03/19 05:50:46 structure,line: 2143     INFO | Adding Urey-Bradleys...
2026/03/19 05:50:46 structure,line: 2145     INFO | Adding improper torsions...
2026/03/19 05:50:46 structure,line: 2147     INFO | Adding CMAP torsions...
2026/03/19 05:50:46 structure,line: 2149     INFO | Adding trigonal angle terms...
2026/03/19 05:50:46 structure,line: 2151     INFO | Adding out-of-plane bends...
2026/03/19 05:50:46 structure,line: 2153     INFO | Adding pi-torsions...
2026/03/19 05:50:46 structure,line: 2155     INFO | Adding stretch-bends...
2026/03/19 05:50:46 structure,line: 2157     INFO | Adding torsion-torsions...
2026/03/19 05:50:46 structure,line: 2159     INFO | Adding Nonbonded force...
2026/03/19 05:50:46 energy_component,line: 338 DECOMPOSE | Decomposed Res Num: 383, Total Res Num: 447, Decomposition Progress: 85.68232662192393
2026/03/19 05:50:47 structure,line: 2132     INFO | Adding bonds...
2026/03/19 05:50:47 structure,line: 2135     INFO | Adding angles...
2026/03/19 05:50:47 structure,line: 2138     INFO | Adding dihedrals...
2026/03/19 05:50:47 structure,line: 2141     INFO | Adding Ryckaert-Bellemans torsions...
2026/03/19 05:50:47 structure,line: 2143     INFO | Adding Urey-Bradleys...
2026/03/19 05:50:47 structure,line: 2145     INFO | Adding improper torsions...
2026/03/19 05:50:47 structure,line: 2147     INFO | Adding CMAP torsions...
2026/03/19 05:50:47 structure,line: 2149     INFO | Adding trigonal angle terms...
2026/03/19 05:50:47 structure,line: 2151     INFO | Adding out-of-plane bends...
2026/03/19 05:50:47 structure,line: 2153     INFO | Adding pi-torsions...
2026/03/19 05:50:47 structure,line: 2155     INFO | Adding stretch-bends...
2026/03/19 05:50:47 structure,line: 2157     INFO | Adding torsion-torsions...
2026/03/19 05:50:47 structure,line: 2159     INFO | Adding Nonbonded force...
2026/03/19 05:50:47 energy_component,line: 338 DECOMPOSE | Decomposed Res Num: 384, Total Res Num: 447, Decomposition Progress: 85.90604026845638
2026/03/19 05:50:48 structure,line: 2132     INFO | Adding bonds...
2026/03/19 05:50:48 structure,line: 2135     INFO | Adding angles...
2026/03/19 05:50:48 structure,line: 2138     INFO | Adding dihedrals...
2026/03/19 05:50:48 structure,line: 2141     INFO | Adding Ryckaert-Bellemans torsions...
2026/03/19 05:50:48 structure,line: 2143     INFO | Adding Urey-Bradleys...
2026/03/19 05:50:48 structure,line: 2145     INFO | Adding improper torsions...
2026/03/19 05:50:48 structure,line: 2147     INFO | Adding CMAP torsions...
2026/03/19 05:50:48 structure,line: 2149     INFO | Adding trigonal angle terms...
2026/03/19 05:50:48 structure,line: 2151     INFO | Adding out-of-plane bends...
2026/03/19 05:50:48 structure,line: 2153     INFO | Adding pi-torsions...
2026/03/19 05:50:48 structure,line: 2155     INFO | Adding stretch-bends...
2026/03/19 05:50:48 structure,line: 2157     INFO | Adding torsion-torsions...
2026/03/19 05:50:48 structure,line: 2159     INFO | Adding Nonbonded force...
2026/03/19 05:50:48 energy_component,line: 338 DECOMPOSE | Decomposed Res Num: 385, Total Res Num: 447, Decomposition Progress: 86.12975391498881
2026/03/19 05:50:48 structure,line: 2132     INFO | Adding bonds...
2026/03/19 05:50:48 structure,line: 2135     INFO | Adding angles...
2026/03/19 05:50:48 structure,line: 2138     INFO | Adding dihedrals...
2026/03/19 05:50:48 structure,line: 2141     INFO | Adding Ryckaert-Bellemans torsions...
2026/03/19 05:50:48 structure,line: 2143     INFO | Adding Urey-Bradleys...
2026/03/19 05:50:48 structure,line: 2145     INFO | Adding improper torsions...
2026/03/19 05:50:48 structure,line: 2147     INFO | Adding CMAP torsions...
2026/03/19 05:50:48 structure,line: 2149     INFO | Adding trigonal angle terms...
2026/03/19 05:50:48 structure,line: 2151     INFO | Adding out-of-plane bends...
2026/03/19 05:50:48 structure,line: 2153     INFO | Adding pi-torsions...
2026/03/19 05:50:48 structure,line: 2155     INFO | Adding stretch-bends...
2026/03/19 05:50:48 structure,line: 2157     INFO | Adding torsion-torsions...
2026/03/19 05:50:48 structure,line: 2159     INFO | Adding Nonbonded force...
2026/03/19 05:50:49 energy_component,line: 338 DECOMPOSE | Decomposed Res Num: 386, Total Res Num: 447, Decomposition Progress: 86.35346756152126
2026/03/19 05:50:49 structure,line: 2132     INFO | Adding bonds...
2026/03/19 05:50:49 structure,line: 2135     INFO | Adding angles...
2026/03/19 05:50:49 structure,line: 2138     INFO | Adding dihedrals...
2026/03/19 05:50:49 structure,line: 2141     INFO | Adding Ryckaert-Bellemans torsions...
2026/03/19 05:50:49 structure,line: 2143     INFO | Adding Urey-Bradleys...
2026/03/19 05:50:49 structure,line: 2145     INFO | Adding improper torsions...
2026/03/19 05:50:49 structure,line: 2147     INFO | Adding CMAP torsions...
2026/03/19 05:50:49 structure,line: 2149     INFO | Adding trigonal angle terms...
2026/03/19 05:50:49 structure,line: 2151     INFO | Adding out-of-plane bends...
2026/03/19 05:50:49 structure,line: 2153     INFO | Adding pi-torsions...
2026/03/19 05:50:49 structure,line: 2155     INFO | Adding stretch-bends...
2026/03/19 05:50:49 structure,line: 2157     INFO | Adding torsion-torsions...
2026/03/19 05:50:49 structure,line: 2159     INFO | Adding Nonbonded force...
2026/03/19 05:50:49 energy_component,line: 338 DECOMPOSE | Decomposed Res Num: 387, Total Res Num: 447, Decomposition Progress: 86.57718120805369
2026/03/19 05:50:50 structure,line: 2132     INFO | Adding bonds...
2026/03/19 05:50:50 structure,line: 2135     INFO | Adding angles...
2026/03/19 05:50:50 structure,line: 2138     INFO | Adding dihedrals...
2026/03/19 05:50:50 structure,line: 2141     INFO | Adding Ryckaert-Bellemans torsions...
2026/03/19 05:50:50 structure,line: 2143     INFO | Adding Urey-Bradleys...
2026/03/19 05:50:50 structure,line: 2145     INFO | Adding improper torsions...
2026/03/19 05:50:50 structure,line: 2147     INFO | Adding CMAP torsions...
2026/03/19 05:50:50 structure,line: 2149     INFO | Adding trigonal angle terms...
2026/03/19 05:50:50 structure,line: 2151     INFO | Adding out-of-plane bends...
2026/03/19 05:50:50 structure,line: 2153     INFO | Adding pi-torsions...
2026/03/19 05:50:50 structure,line: 2155     INFO | Adding stretch-bends...
2026/03/19 05:50:50 structure,line: 2157     INFO | Adding torsion-torsions...
2026/03/19 05:50:50 structure,line: 2159     INFO | Adding Nonbonded force...
2026/03/19 05:50:50 energy_component,line: 338 DECOMPOSE | Decomposed Res Num: 388, Total Res Num: 447, Decomposition Progress: 86.80089485458613
2026/03/19 05:50:51 structure,line: 2132     INFO | Adding bonds...
2026/03/19 05:50:51 structure,line: 2135     INFO | Adding angles...
2026/03/19 05:50:51 structure,line: 2138     INFO | Adding dihedrals...
2026/03/19 05:50:51 structure,line: 2141     INFO | Adding Ryckaert-Bellemans torsions...
2026/03/19 05:50:51 structure,line: 2143     INFO | Adding Urey-Bradleys...
2026/03/19 05:50:51 structure,line: 2145     INFO | Adding improper torsions...
2026/03/19 05:50:51 structure,line: 2147     INFO | Adding CMAP torsions...
2026/03/19 05:50:51 structure,line: 2149     INFO | Adding trigonal angle terms...
2026/03/19 05:50:51 structure,line: 2151     INFO | Adding out-of-plane bends...
2026/03/19 05:50:51 structure,line: 2153     INFO | Adding pi-torsions...
2026/03/19 05:50:51 structure,line: 2155     INFO | Adding stretch-bends...
2026/03/19 05:50:51 structure,line: 2157     INFO | Adding torsion-torsions...
2026/03/19 05:50:51 structure,line: 2159     INFO | Adding Nonbonded force...
2026/03/19 05:50:51 energy_component,line: 338 DECOMPOSE | Decomposed Res Num: 389, Total Res Num: 447, Decomposition Progress: 87.02460850111858
2026/03/19 05:50:52 structure,line: 2132     INFO | Adding bonds...
2026/03/19 05:50:52 structure,line: 2135     INFO | Adding angles...
2026/03/19 05:50:52 structure,line: 2138     INFO | Adding dihedrals...
2026/03/19 05:50:52 structure,line: 2141     INFO | Adding Ryckaert-Bellemans torsions...
2026/03/19 05:50:52 structure,line: 2143     INFO | Adding Urey-Bradleys...
2026/03/19 05:50:52 structure,line: 2145     INFO | Adding improper torsions...
2026/03/19 05:50:52 structure,line: 2147     INFO | Adding CMAP torsions...
2026/03/19 05:50:52 structure,line: 2149     INFO | Adding trigonal angle terms...
2026/03/19 05:50:52 structure,line: 2151     INFO | Adding out-of-plane bends...
2026/03/19 05:50:52 structure,line: 2153     INFO | Adding pi-torsions...
2026/03/19 05:50:52 structure,line: 2155     INFO | Adding stretch-bends...
2026/03/19 05:50:52 structure,line: 2157     INFO | Adding torsion-torsions...
2026/03/19 05:50:52 structure,line: 2159     INFO | Adding Nonbonded force...
2026/03/19 05:50:52 energy_component,line: 338 DECOMPOSE | Decomposed Res Num: 390, Total Res Num: 447, Decomposition Progress: 87.24832214765101
2026/03/19 05:50:52 structure,line: 2132     INFO | Adding bonds...
2026/03/19 05:50:52 structure,line: 2135     INFO | Adding angles...
2026/03/19 05:50:52 structure,line: 2138     INFO | Adding dihedrals...
2026/03/19 05:50:52 structure,line: 2141     INFO | Adding Ryckaert-Bellemans torsions...
2026/03/19 05:50:52 structure,line: 2143     INFO | Adding Urey-Bradleys...
2026/03/19 05:50:52 structure,line: 2145     INFO | Adding improper torsions...
2026/03/19 05:50:52 structure,line: 2147     INFO | Adding CMAP torsions...
2026/03/19 05:50:52 structure,line: 2149     INFO | Adding trigonal angle terms...
2026/03/19 05:50:52 structure,line: 2151     INFO | Adding out-of-plane bends...
2026/03/19 05:50:52 structure,line: 2153     INFO | Adding pi-torsions...
2026/03/19 05:50:52 structure,line: 2155     INFO | Adding stretch-bends...
2026/03/19 05:50:52 structure,line: 2157     INFO | Adding torsion-torsions...
2026/03/19 05:50:52 structure,line: 2159     INFO | Adding Nonbonded force...
2026/03/19 05:50:53 energy_component,line: 338 DECOMPOSE | Decomposed Res Num: 391, Total Res Num: 447, Decomposition Progress: 87.47203579418344
2026/03/19 05:50:53 structure,line: 2132     INFO | Adding bonds...
2026/03/19 05:50:53 structure,line: 2135     INFO | Adding angles...
2026/03/19 05:50:53 structure,line: 2138     INFO | Adding dihedrals...
2026/03/19 05:50:53 structure,line: 2141     INFO | Adding Ryckaert-Bellemans torsions...
2026/03/19 05:50:53 structure,line: 2143     INFO | Adding Urey-Bradleys...
2026/03/19 05:50:53 structure,line: 2145     INFO | Adding improper torsions...
2026/03/19 05:50:53 structure,line: 2147     INFO | Adding CMAP torsions...
2026/03/19 05:50:53 structure,line: 2149     INFO | Adding trigonal angle terms...
2026/03/19 05:50:53 structure,line: 2151     INFO | Adding out-of-plane bends...
2026/03/19 05:50:53 structure,line: 2153     INFO | Adding pi-torsions...
2026/03/19 05:50:53 structure,line: 2155     INFO | Adding stretch-bends...
2026/03/19 05:50:53 structure,line: 2157     INFO | Adding torsion-torsions...
2026/03/19 05:50:53 structure,line: 2159     INFO | Adding Nonbonded force...
2026/03/19 05:50:53 energy_component,line: 338 DECOMPOSE | Decomposed Res Num: 392, Total Res Num: 447, Decomposition Progress: 87.69574944071589
2026/03/19 05:50:54 structure,line: 2132     INFO | Adding bonds...
2026/03/19 05:50:54 structure,line: 2135     INFO | Adding angles...
2026/03/19 05:50:54 structure,line: 2138     INFO | Adding dihedrals...
2026/03/19 05:50:54 structure,line: 2141     INFO | Adding Ryckaert-Bellemans torsions...
2026/03/19 05:50:54 structure,line: 2143     INFO | Adding Urey-Bradleys...
2026/03/19 05:50:54 structure,line: 2145     INFO | Adding improper torsions...
2026/03/19 05:50:54 structure,line: 2147     INFO | Adding CMAP torsions...
2026/03/19 05:50:54 structure,line: 2149     INFO | Adding trigonal angle terms...
2026/03/19 05:50:54 structure,line: 2151     INFO | Adding out-of-plane bends...
2026/03/19 05:50:54 structure,line: 2153     INFO | Adding pi-torsions...
2026/03/19 05:50:54 structure,line: 2155     INFO | Adding stretch-bends...
2026/03/19 05:50:54 structure,line: 2157     INFO | Adding torsion-torsions...
2026/03/19 05:50:54 structure,line: 2159     INFO | Adding Nonbonded force...
2026/03/19 05:50:54 energy_component,line: 338 DECOMPOSE | Decomposed Res Num: 393, Total Res Num: 447, Decomposition Progress: 87.91946308724832
2026/03/19 05:50:55 structure,line: 2132     INFO | Adding bonds...
2026/03/19 05:50:55 structure,line: 2135     INFO | Adding angles...
2026/03/19 05:50:55 structure,line: 2138     INFO | Adding dihedrals...
2026/03/19 05:50:55 structure,line: 2141     INFO | Adding Ryckaert-Bellemans torsions...
2026/03/19 05:50:55 structure,line: 2143     INFO | Adding Urey-Bradleys...
2026/03/19 05:50:55 structure,line: 2145     INFO | Adding improper torsions...
2026/03/19 05:50:55 structure,line: 2147     INFO | Adding CMAP torsions...
2026/03/19 05:50:55 structure,line: 2149     INFO | Adding trigonal angle terms...
2026/03/19 05:50:55 structure,line: 2151     INFO | Adding out-of-plane bends...
2026/03/19 05:50:55 structure,line: 2153     INFO | Adding pi-torsions...
2026/03/19 05:50:55 structure,line: 2155     INFO | Adding stretch-bends...
2026/03/19 05:50:55 structure,line: 2157     INFO | Adding torsion-torsions...
2026/03/19 05:50:55 structure,line: 2159     INFO | Adding Nonbonded force...
2026/03/19 05:50:55 energy_component,line: 338 DECOMPOSE | Decomposed Res Num: 394, Total Res Num: 447, Decomposition Progress: 88.14317673378076
2026/03/19 05:50:56 structure,line: 2132     INFO | Adding bonds...
2026/03/19 05:50:56 structure,line: 2135     INFO | Adding angles...
2026/03/19 05:50:56 structure,line: 2138     INFO | Adding dihedrals...
2026/03/19 05:50:56 structure,line: 2141     INFO | Adding Ryckaert-Bellemans torsions...
2026/03/19 05:50:56 structure,line: 2143     INFO | Adding Urey-Bradleys...
2026/03/19 05:50:56 structure,line: 2145     INFO | Adding improper torsions...
2026/03/19 05:50:56 structure,line: 2147     INFO | Adding CMAP torsions...
2026/03/19 05:50:56 structure,line: 2149     INFO | Adding trigonal angle terms...
2026/03/19 05:50:56 structure,line: 2151     INFO | Adding out-of-plane bends...
2026/03/19 05:50:56 structure,line: 2153     INFO | Adding pi-torsions...
2026/03/19 05:50:56 structure,line: 2155     INFO | Adding stretch-bends...
2026/03/19 05:50:56 structure,line: 2157     INFO | Adding torsion-torsions...
2026/03/19 05:50:56 structure,line: 2159     INFO | Adding Nonbonded force...
2026/03/19 05:50:56 energy_component,line: 338 DECOMPOSE | Decomposed Res Num: 395, Total Res Num: 447, Decomposition Progress: 88.36689038031321
2026/03/19 05:50:59 structure,line: 2132     INFO | Adding bonds...
2026/03/19 05:50:59 structure,line: 2135     INFO | Adding angles...
2026/03/19 05:50:59 structure,line: 2138     INFO | Adding dihedrals...
2026/03/19 05:50:59 structure,line: 2141     INFO | Adding Ryckaert-Bellemans torsions...
2026/03/19 05:50:59 structure,line: 2143     INFO | Adding Urey-Bradleys...
2026/03/19 05:50:59 structure,line: 2145     INFO | Adding improper torsions...
2026/03/19 05:50:59 structure,line: 2147     INFO | Adding CMAP torsions...
2026/03/19 05:50:59 structure,line: 2149     INFO | Adding trigonal angle terms...
2026/03/19 05:50:59 structure,line: 2151     INFO | Adding out-of-plane bends...
2026/03/19 05:50:59 structure,line: 2153     INFO | Adding pi-torsions...
2026/03/19 05:50:59 structure,line: 2155     INFO | Adding stretch-bends...
2026/03/19 05:50:59 structure,line: 2157     INFO | Adding torsion-torsions...
2026/03/19 05:50:59 structure,line: 2159     INFO | Adding Nonbonded force...
2026/03/19 05:50:59 energy_component,line: 338 DECOMPOSE | Decomposed Res Num: 396, Total Res Num: 447, Decomposition Progress: 88.59060402684564
2026/03/19 05:51:00 structure,line: 2132     INFO | Adding bonds...
2026/03/19 05:51:00 structure,line: 2135     INFO | Adding angles...
2026/03/19 05:51:00 structure,line: 2138     INFO | Adding dihedrals...
2026/03/19 05:51:00 structure,line: 2141     INFO | Adding Ryckaert-Bellemans torsions...
2026/03/19 05:51:00 structure,line: 2143     INFO | Adding Urey-Bradleys...
2026/03/19 05:51:00 structure,line: 2145     INFO | Adding improper torsions...
2026/03/19 05:51:00 structure,line: 2147     INFO | Adding CMAP torsions...
2026/03/19 05:51:00 structure,line: 2149     INFO | Adding trigonal angle terms...
2026/03/19 05:51:00 structure,line: 2151     INFO | Adding out-of-plane bends...
2026/03/19 05:51:00 structure,line: 2153     INFO | Adding pi-torsions...
2026/03/19 05:51:00 structure,line: 2155     INFO | Adding stretch-bends...
2026/03/19 05:51:00 structure,line: 2157     INFO | Adding torsion-torsions...
2026/03/19 05:51:00 structure,line: 2159     INFO | Adding Nonbonded force...
2026/03/19 05:51:00 energy_component,line: 338 DECOMPOSE | Decomposed Res Num: 397, Total Res Num: 447, Decomposition Progress: 88.81431767337807
2026/03/19 05:51:01 structure,line: 2132     INFO | Adding bonds...
2026/03/19 05:51:01 structure,line: 2135     INFO | Adding angles...
2026/03/19 05:51:01 structure,line: 2138     INFO | Adding dihedrals...
2026/03/19 05:51:01 structure,line: 2141     INFO | Adding Ryckaert-Bellemans torsions...
2026/03/19 05:51:01 structure,line: 2143     INFO | Adding Urey-Bradleys...
2026/03/19 05:51:01 structure,line: 2145     INFO | Adding improper torsions...
2026/03/19 05:51:01 structure,line: 2147     INFO | Adding CMAP torsions...
2026/03/19 05:51:01 structure,line: 2149     INFO | Adding trigonal angle terms...
2026/03/19 05:51:01 structure,line: 2151     INFO | Adding out-of-plane bends...
2026/03/19 05:51:01 structure,line: 2153     INFO | Adding pi-torsions...
2026/03/19 05:51:01 structure,line: 2155     INFO | Adding stretch-bends...
2026/03/19 05:51:01 structure,line: 2157     INFO | Adding torsion-torsions...
2026/03/19 05:51:01 structure,line: 2159     INFO | Adding Nonbonded force...
2026/03/19 05:51:01 energy_component,line: 338 DECOMPOSE | Decomposed Res Num: 398, Total Res Num: 447, Decomposition Progress: 89.03803131991052
2026/03/19 05:51:02 structure,line: 2132     INFO | Adding bonds...
2026/03/19 05:51:02 structure,line: 2135     INFO | Adding angles...
2026/03/19 05:51:02 structure,line: 2138     INFO | Adding dihedrals...
2026/03/19 05:51:02 structure,line: 2141     INFO | Adding Ryckaert-Bellemans torsions...
2026/03/19 05:51:02 structure,line: 2143     INFO | Adding Urey-Bradleys...
2026/03/19 05:51:02 structure,line: 2145     INFO | Adding improper torsions...
2026/03/19 05:51:02 structure,line: 2147     INFO | Adding CMAP torsions...
2026/03/19 05:51:02 structure,line: 2149     INFO | Adding trigonal angle terms...
2026/03/19 05:51:02 structure,line: 2151     INFO | Adding out-of-plane bends...
2026/03/19 05:51:02 structure,line: 2153     INFO | Adding pi-torsions...
2026/03/19 05:51:02 structure,line: 2155     INFO | Adding stretch-bends...
2026/03/19 05:51:02 structure,line: 2157     INFO | Adding torsion-torsions...
2026/03/19 05:51:02 structure,line: 2159     INFO | Adding Nonbonded force...
2026/03/19 05:51:02 energy_component,line: 338 DECOMPOSE | Decomposed Res Num: 399, Total Res Num: 447, Decomposition Progress: 89.26174496644296
2026/03/19 05:51:02 structure,line: 2132     INFO | Adding bonds...
2026/03/19 05:51:02 structure,line: 2135     INFO | Adding angles...
2026/03/19 05:51:02 structure,line: 2138     INFO | Adding dihedrals...
2026/03/19 05:51:02 structure,line: 2141     INFO | Adding Ryckaert-Bellemans torsions...
2026/03/19 05:51:02 structure,line: 2143     INFO | Adding Urey-Bradleys...
2026/03/19 05:51:02 structure,line: 2145     INFO | Adding improper torsions...
2026/03/19 05:51:02 structure,line: 2147     INFO | Adding CMAP torsions...
2026/03/19 05:51:02 structure,line: 2149     INFO | Adding trigonal angle terms...
2026/03/19 05:51:02 structure,line: 2151     INFO | Adding out-of-plane bends...
2026/03/19 05:51:02 structure,line: 2153     INFO | Adding pi-torsions...
2026/03/19 05:51:02 structure,line: 2155     INFO | Adding stretch-bends...
2026/03/19 05:51:02 structure,line: 2157     INFO | Adding torsion-torsions...
2026/03/19 05:51:02 structure,line: 2159     INFO | Adding Nonbonded force...
2026/03/19 05:51:03 energy_component,line: 338 DECOMPOSE | Decomposed Res Num: 400, Total Res Num: 447, Decomposition Progress: 89.48545861297539
2026/03/19 05:51:03 structure,line: 2132     INFO | Adding bonds...
2026/03/19 05:51:03 structure,line: 2135     INFO | Adding angles...
2026/03/19 05:51:03 structure,line: 2138     INFO | Adding dihedrals...
2026/03/19 05:51:03 structure,line: 2141     INFO | Adding Ryckaert-Bellemans torsions...
2026/03/19 05:51:03 structure,line: 2143     INFO | Adding Urey-Bradleys...
2026/03/19 05:51:03 structure,line: 2145     INFO | Adding improper torsions...
2026/03/19 05:51:03 structure,line: 2147     INFO | Adding CMAP torsions...
2026/03/19 05:51:03 structure,line: 2149     INFO | Adding trigonal angle terms...
2026/03/19 05:51:03 structure,line: 2151     INFO | Adding out-of-plane bends...
2026/03/19 05:51:03 structure,line: 2153     INFO | Adding pi-torsions...
2026/03/19 05:51:03 structure,line: 2155     INFO | Adding stretch-bends...
2026/03/19 05:51:03 structure,line: 2157     INFO | Adding torsion-torsions...
2026/03/19 05:51:03 structure,line: 2159     INFO | Adding Nonbonded force...
2026/03/19 05:51:03 energy_component,line: 338 DECOMPOSE | Decomposed Res Num: 401, Total Res Num: 447, Decomposition Progress: 89.70917225950782
2026/03/19 05:51:04 structure,line: 2132     INFO | Adding bonds...
2026/03/19 05:51:04 structure,line: 2135     INFO | Adding angles...
2026/03/19 05:51:04 structure,line: 2138     INFO | Adding dihedrals...
2026/03/19 05:51:04 structure,line: 2141     INFO | Adding Ryckaert-Bellemans torsions...
2026/03/19 05:51:04 structure,line: 2143     INFO | Adding Urey-Bradleys...
2026/03/19 05:51:04 structure,line: 2145     INFO | Adding improper torsions...
2026/03/19 05:51:04 structure,line: 2147     INFO | Adding CMAP torsions...
2026/03/19 05:51:04 structure,line: 2149     INFO | Adding trigonal angle terms...
2026/03/19 05:51:04 structure,line: 2151     INFO | Adding out-of-plane bends...
2026/03/19 05:51:04 structure,line: 2153     INFO | Adding pi-torsions...
2026/03/19 05:51:04 structure,line: 2155     INFO | Adding stretch-bends...
2026/03/19 05:51:04 structure,line: 2157     INFO | Adding torsion-torsions...
2026/03/19 05:51:04 structure,line: 2159     INFO | Adding Nonbonded force...
2026/03/19 05:51:04 energy_component,line: 338 DECOMPOSE | Decomposed Res Num: 402, Total Res Num: 447, Decomposition Progress: 89.93288590604027
2026/03/19 05:51:05 structure,line: 2132     INFO | Adding bonds...
2026/03/19 05:51:05 structure,line: 2135     INFO | Adding angles...
2026/03/19 05:51:05 structure,line: 2138     INFO | Adding dihedrals...
2026/03/19 05:51:05 structure,line: 2141     INFO | Adding Ryckaert-Bellemans torsions...
2026/03/19 05:51:05 structure,line: 2143     INFO | Adding Urey-Bradleys...
2026/03/19 05:51:05 structure,line: 2145     INFO | Adding improper torsions...
2026/03/19 05:51:05 structure,line: 2147     INFO | Adding CMAP torsions...
2026/03/19 05:51:05 structure,line: 2149     INFO | Adding trigonal angle terms...
2026/03/19 05:51:05 structure,line: 2151     INFO | Adding out-of-plane bends...
2026/03/19 05:51:05 structure,line: 2153     INFO | Adding pi-torsions...
2026/03/19 05:51:05 structure,line: 2155     INFO | Adding stretch-bends...
2026/03/19 05:51:05 structure,line: 2157     INFO | Adding torsion-torsions...
2026/03/19 05:51:05 structure,line: 2159     INFO | Adding Nonbonded force...
2026/03/19 05:51:05 energy_component,line: 338 DECOMPOSE | Decomposed Res Num: 403, Total Res Num: 447, Decomposition Progress: 90.1565995525727
2026/03/19 05:51:06 structure,line: 2132     INFO | Adding bonds...
2026/03/19 05:51:06 structure,line: 2135     INFO | Adding angles...
2026/03/19 05:51:06 structure,line: 2138     INFO | Adding dihedrals...
2026/03/19 05:51:06 structure,line: 2141     INFO | Adding Ryckaert-Bellemans torsions...
2026/03/19 05:51:06 structure,line: 2143     INFO | Adding Urey-Bradleys...
2026/03/19 05:51:06 structure,line: 2145     INFO | Adding improper torsions...
2026/03/19 05:51:06 structure,line: 2147     INFO | Adding CMAP torsions...
2026/03/19 05:51:06 structure,line: 2149     INFO | Adding trigonal angle terms...
2026/03/19 05:51:06 structure,line: 2151     INFO | Adding out-of-plane bends...
2026/03/19 05:51:06 structure,line: 2153     INFO | Adding pi-torsions...
2026/03/19 05:51:06 structure,line: 2155     INFO | Adding stretch-bends...
2026/03/19 05:51:06 structure,line: 2157     INFO | Adding torsion-torsions...
2026/03/19 05:51:06 structure,line: 2159     INFO | Adding Nonbonded force...
2026/03/19 05:51:06 energy_component,line: 338 DECOMPOSE | Decomposed Res Num: 404, Total Res Num: 447, Decomposition Progress: 90.38031319910515
2026/03/19 05:51:06 structure,line: 2132     INFO | Adding bonds...
2026/03/19 05:51:06 structure,line: 2135     INFO | Adding angles...
2026/03/19 05:51:06 structure,line: 2138     INFO | Adding dihedrals...
2026/03/19 05:51:06 structure,line: 2141     INFO | Adding Ryckaert-Bellemans torsions...
2026/03/19 05:51:06 structure,line: 2143     INFO | Adding Urey-Bradleys...
2026/03/19 05:51:06 structure,line: 2145     INFO | Adding improper torsions...
2026/03/19 05:51:06 structure,line: 2147     INFO | Adding CMAP torsions...
2026/03/19 05:51:06 structure,line: 2149     INFO | Adding trigonal angle terms...
2026/03/19 05:51:06 structure,line: 2151     INFO | Adding out-of-plane bends...
2026/03/19 05:51:06 structure,line: 2153     INFO | Adding pi-torsions...
2026/03/19 05:51:06 structure,line: 2155     INFO | Adding stretch-bends...
2026/03/19 05:51:06 structure,line: 2157     INFO | Adding torsion-torsions...
2026/03/19 05:51:06 structure,line: 2159     INFO | Adding Nonbonded force...
2026/03/19 05:51:07 energy_component,line: 338 DECOMPOSE | Decomposed Res Num: 405, Total Res Num: 447, Decomposition Progress: 90.60402684563759
2026/03/19 05:51:07 structure,line: 2132     INFO | Adding bonds...
2026/03/19 05:51:07 structure,line: 2135     INFO | Adding angles...
2026/03/19 05:51:07 structure,line: 2138     INFO | Adding dihedrals...
2026/03/19 05:51:07 structure,line: 2141     INFO | Adding Ryckaert-Bellemans torsions...
2026/03/19 05:51:07 structure,line: 2143     INFO | Adding Urey-Bradleys...
2026/03/19 05:51:07 structure,line: 2145     INFO | Adding improper torsions...
2026/03/19 05:51:07 structure,line: 2147     INFO | Adding CMAP torsions...
2026/03/19 05:51:07 structure,line: 2149     INFO | Adding trigonal angle terms...
2026/03/19 05:51:07 structure,line: 2151     INFO | Adding out-of-plane bends...
2026/03/19 05:51:07 structure,line: 2153     INFO | Adding pi-torsions...
2026/03/19 05:51:07 structure,line: 2155     INFO | Adding stretch-bends...
2026/03/19 05:51:07 structure,line: 2157     INFO | Adding torsion-torsions...
2026/03/19 05:51:07 structure,line: 2159     INFO | Adding Nonbonded force...
2026/03/19 05:51:07 energy_component,line: 338 DECOMPOSE | Decomposed Res Num: 406, Total Res Num: 447, Decomposition Progress: 90.82774049217002
2026/03/19 05:51:08 structure,line: 2132     INFO | Adding bonds...
2026/03/19 05:51:08 structure,line: 2135     INFO | Adding angles...
2026/03/19 05:51:08 structure,line: 2138     INFO | Adding dihedrals...
2026/03/19 05:51:08 structure,line: 2141     INFO | Adding Ryckaert-Bellemans torsions...
2026/03/19 05:51:08 structure,line: 2143     INFO | Adding Urey-Bradleys...
2026/03/19 05:51:08 structure,line: 2145     INFO | Adding improper torsions...
2026/03/19 05:51:08 structure,line: 2147     INFO | Adding CMAP torsions...
2026/03/19 05:51:08 structure,line: 2149     INFO | Adding trigonal angle terms...
2026/03/19 05:51:08 structure,line: 2151     INFO | Adding out-of-plane bends...
2026/03/19 05:51:08 structure,line: 2153     INFO | Adding pi-torsions...
2026/03/19 05:51:08 structure,line: 2155     INFO | Adding stretch-bends...
2026/03/19 05:51:08 structure,line: 2157     INFO | Adding torsion-torsions...
2026/03/19 05:51:08 structure,line: 2159     INFO | Adding Nonbonded force...
2026/03/19 05:51:08 energy_component,line: 338 DECOMPOSE | Decomposed Res Num: 407, Total Res Num: 447, Decomposition Progress: 91.05145413870245
2026/03/19 05:51:09 structure,line: 2132     INFO | Adding bonds...
2026/03/19 05:51:09 structure,line: 2135     INFO | Adding angles...
2026/03/19 05:51:09 structure,line: 2138     INFO | Adding dihedrals...
2026/03/19 05:51:09 structure,line: 2141     INFO | Adding Ryckaert-Bellemans torsions...
2026/03/19 05:51:09 structure,line: 2143     INFO | Adding Urey-Bradleys...
2026/03/19 05:51:09 structure,line: 2145     INFO | Adding improper torsions...
2026/03/19 05:51:09 structure,line: 2147     INFO | Adding CMAP torsions...
2026/03/19 05:51:09 structure,line: 2149     INFO | Adding trigonal angle terms...
2026/03/19 05:51:09 structure,line: 2151     INFO | Adding out-of-plane bends...
2026/03/19 05:51:09 structure,line: 2153     INFO | Adding pi-torsions...
2026/03/19 05:51:09 structure,line: 2155     INFO | Adding stretch-bends...
2026/03/19 05:51:09 structure,line: 2157     INFO | Adding torsion-torsions...
2026/03/19 05:51:09 structure,line: 2159     INFO | Adding Nonbonded force...
2026/03/19 05:51:09 energy_component,line: 338 DECOMPOSE | Decomposed Res Num: 408, Total Res Num: 447, Decomposition Progress: 91.2751677852349
2026/03/19 05:51:10 structure,line: 2132     INFO | Adding bonds...
2026/03/19 05:51:10 structure,line: 2135     INFO | Adding angles...
2026/03/19 05:51:10 structure,line: 2138     INFO | Adding dihedrals...
2026/03/19 05:51:10 structure,line: 2141     INFO | Adding Ryckaert-Bellemans torsions...
2026/03/19 05:51:10 structure,line: 2143     INFO | Adding Urey-Bradleys...
2026/03/19 05:51:10 structure,line: 2145     INFO | Adding improper torsions...
2026/03/19 05:51:10 structure,line: 2147     INFO | Adding CMAP torsions...
2026/03/19 05:51:10 structure,line: 2149     INFO | Adding trigonal angle terms...
2026/03/19 05:51:10 structure,line: 2151     INFO | Adding out-of-plane bends...
2026/03/19 05:51:10 structure,line: 2153     INFO | Adding pi-torsions...
2026/03/19 05:51:10 structure,line: 2155     INFO | Adding stretch-bends...
2026/03/19 05:51:10 structure,line: 2157     INFO | Adding torsion-torsions...
2026/03/19 05:51:10 structure,line: 2159     INFO | Adding Nonbonded force...
2026/03/19 05:51:10 energy_component,line: 338 DECOMPOSE | Decomposed Res Num: 409, Total Res Num: 447, Decomposition Progress: 91.49888143176734
2026/03/19 05:51:10 structure,line: 2132     INFO | Adding bonds...
2026/03/19 05:51:10 structure,line: 2135     INFO | Adding angles...
2026/03/19 05:51:10 structure,line: 2138     INFO | Adding dihedrals...
2026/03/19 05:51:10 structure,line: 2141     INFO | Adding Ryckaert-Bellemans torsions...
2026/03/19 05:51:10 structure,line: 2143     INFO | Adding Urey-Bradleys...
2026/03/19 05:51:10 structure,line: 2145     INFO | Adding improper torsions...
2026/03/19 05:51:10 structure,line: 2147     INFO | Adding CMAP torsions...
2026/03/19 05:51:10 structure,line: 2149     INFO | Adding trigonal angle terms...
2026/03/19 05:51:10 structure,line: 2151     INFO | Adding out-of-plane bends...
2026/03/19 05:51:10 structure,line: 2153     INFO | Adding pi-torsions...
2026/03/19 05:51:10 structure,line: 2155     INFO | Adding stretch-bends...
2026/03/19 05:51:10 structure,line: 2157     INFO | Adding torsion-torsions...
2026/03/19 05:51:10 structure,line: 2159     INFO | Adding Nonbonded force...
2026/03/19 05:51:11 energy_component,line: 338 DECOMPOSE | Decomposed Res Num: 410, Total Res Num: 447, Decomposition Progress: 91.72259507829978
2026/03/19 05:51:14 structure,line: 2132     INFO | Adding bonds...
2026/03/19 05:51:14 structure,line: 2135     INFO | Adding angles...
2026/03/19 05:51:14 structure,line: 2138     INFO | Adding dihedrals...
2026/03/19 05:51:14 structure,line: 2141     INFO | Adding Ryckaert-Bellemans torsions...
2026/03/19 05:51:14 structure,line: 2143     INFO | Adding Urey-Bradleys...
2026/03/19 05:51:14 structure,line: 2145     INFO | Adding improper torsions...
2026/03/19 05:51:14 structure,line: 2147     INFO | Adding CMAP torsions...
2026/03/19 05:51:14 structure,line: 2149     INFO | Adding trigonal angle terms...
2026/03/19 05:51:14 structure,line: 2151     INFO | Adding out-of-plane bends...
2026/03/19 05:51:14 structure,line: 2153     INFO | Adding pi-torsions...
2026/03/19 05:51:14 structure,line: 2155     INFO | Adding stretch-bends...
2026/03/19 05:51:14 structure,line: 2157     INFO | Adding torsion-torsions...
2026/03/19 05:51:14 structure,line: 2159     INFO | Adding Nonbonded force...
2026/03/19 05:51:14 energy_component,line: 338 DECOMPOSE | Decomposed Res Num: 411, Total Res Num: 447, Decomposition Progress: 91.94630872483222
2026/03/19 05:51:15 structure,line: 2132     INFO | Adding bonds...
2026/03/19 05:51:15 structure,line: 2135     INFO | Adding angles...
2026/03/19 05:51:15 structure,line: 2138     INFO | Adding dihedrals...
2026/03/19 05:51:15 structure,line: 2141     INFO | Adding Ryckaert-Bellemans torsions...
2026/03/19 05:51:15 structure,line: 2143     INFO | Adding Urey-Bradleys...
2026/03/19 05:51:15 structure,line: 2145     INFO | Adding improper torsions...
2026/03/19 05:51:15 structure,line: 2147     INFO | Adding CMAP torsions...
2026/03/19 05:51:15 structure,line: 2149     INFO | Adding trigonal angle terms...
2026/03/19 05:51:15 structure,line: 2151     INFO | Adding out-of-plane bends...
2026/03/19 05:51:15 structure,line: 2153     INFO | Adding pi-torsions...
2026/03/19 05:51:15 structure,line: 2155     INFO | Adding stretch-bends...
2026/03/19 05:51:15 structure,line: 2157     INFO | Adding torsion-torsions...
2026/03/19 05:51:15 structure,line: 2159     INFO | Adding Nonbonded force...
2026/03/19 05:51:15 energy_component,line: 338 DECOMPOSE | Decomposed Res Num: 412, Total Res Num: 447, Decomposition Progress: 92.17002237136465
2026/03/19 05:51:16 structure,line: 2132     INFO | Adding bonds...
2026/03/19 05:51:16 structure,line: 2135     INFO | Adding angles...
2026/03/19 05:51:16 structure,line: 2138     INFO | Adding dihedrals...
2026/03/19 05:51:16 structure,line: 2141     INFO | Adding Ryckaert-Bellemans torsions...
2026/03/19 05:51:16 structure,line: 2143     INFO | Adding Urey-Bradleys...
2026/03/19 05:51:16 structure,line: 2145     INFO | Adding improper torsions...
2026/03/19 05:51:16 structure,line: 2147     INFO | Adding CMAP torsions...
2026/03/19 05:51:16 structure,line: 2149     INFO | Adding trigonal angle terms...
2026/03/19 05:51:16 structure,line: 2151     INFO | Adding out-of-plane bends...
2026/03/19 05:51:16 structure,line: 2153     INFO | Adding pi-torsions...
2026/03/19 05:51:16 structure,line: 2155     INFO | Adding stretch-bends...
2026/03/19 05:51:16 structure,line: 2157     INFO | Adding torsion-torsions...
2026/03/19 05:51:16 structure,line: 2159     INFO | Adding Nonbonded force...
2026/03/19 05:51:16 energy_component,line: 338 DECOMPOSE | Decomposed Res Num: 413, Total Res Num: 447, Decomposition Progress: 92.39373601789708
2026/03/19 05:51:16 structure,line: 2132     INFO | Adding bonds...
2026/03/19 05:51:16 structure,line: 2135     INFO | Adding angles...
2026/03/19 05:51:16 structure,line: 2138     INFO | Adding dihedrals...
2026/03/19 05:51:16 structure,line: 2141     INFO | Adding Ryckaert-Bellemans torsions...
2026/03/19 05:51:16 structure,line: 2143     INFO | Adding Urey-Bradleys...
2026/03/19 05:51:16 structure,line: 2145     INFO | Adding improper torsions...
2026/03/19 05:51:16 structure,line: 2147     INFO | Adding CMAP torsions...
2026/03/19 05:51:16 structure,line: 2149     INFO | Adding trigonal angle terms...
2026/03/19 05:51:16 structure,line: 2151     INFO | Adding out-of-plane bends...
2026/03/19 05:51:16 structure,line: 2153     INFO | Adding pi-torsions...
2026/03/19 05:51:16 structure,line: 2155     INFO | Adding stretch-bends...
2026/03/19 05:51:16 structure,line: 2157     INFO | Adding torsion-torsions...
2026/03/19 05:51:16 structure,line: 2159     INFO | Adding Nonbonded force...
2026/03/19 05:51:17 energy_component,line: 338 DECOMPOSE | Decomposed Res Num: 414, Total Res Num: 447, Decomposition Progress: 92.61744966442953
2026/03/19 05:51:17 structure,line: 2132     INFO | Adding bonds...
2026/03/19 05:51:17 structure,line: 2135     INFO | Adding angles...
2026/03/19 05:51:17 structure,line: 2138     INFO | Adding dihedrals...
2026/03/19 05:51:17 structure,line: 2141     INFO | Adding Ryckaert-Bellemans torsions...
2026/03/19 05:51:17 structure,line: 2143     INFO | Adding Urey-Bradleys...
2026/03/19 05:51:17 structure,line: 2145     INFO | Adding improper torsions...
2026/03/19 05:51:17 structure,line: 2147     INFO | Adding CMAP torsions...
2026/03/19 05:51:17 structure,line: 2149     INFO | Adding trigonal angle terms...
2026/03/19 05:51:17 structure,line: 2151     INFO | Adding out-of-plane bends...
2026/03/19 05:51:17 structure,line: 2153     INFO | Adding pi-torsions...
2026/03/19 05:51:17 structure,line: 2155     INFO | Adding stretch-bends...
2026/03/19 05:51:17 structure,line: 2157     INFO | Adding torsion-torsions...
2026/03/19 05:51:17 structure,line: 2159     INFO | Adding Nonbonded force...
2026/03/19 05:51:17 energy_component,line: 338 DECOMPOSE | Decomposed Res Num: 415, Total Res Num: 447, Decomposition Progress: 92.84116331096197
2026/03/19 05:51:18 structure,line: 2132     INFO | Adding bonds...
2026/03/19 05:51:18 structure,line: 2135     INFO | Adding angles...
2026/03/19 05:51:18 structure,line: 2138     INFO | Adding dihedrals...
2026/03/19 05:51:18 structure,line: 2141     INFO | Adding Ryckaert-Bellemans torsions...
2026/03/19 05:51:18 structure,line: 2143     INFO | Adding Urey-Bradleys...
2026/03/19 05:51:18 structure,line: 2145     INFO | Adding improper torsions...
2026/03/19 05:51:18 structure,line: 2147     INFO | Adding CMAP torsions...
2026/03/19 05:51:18 structure,line: 2149     INFO | Adding trigonal angle terms...
2026/03/19 05:51:18 structure,line: 2151     INFO | Adding out-of-plane bends...
2026/03/19 05:51:18 structure,line: 2153     INFO | Adding pi-torsions...
2026/03/19 05:51:18 structure,line: 2155     INFO | Adding stretch-bends...
2026/03/19 05:51:18 structure,line: 2157     INFO | Adding torsion-torsions...
2026/03/19 05:51:18 structure,line: 2159     INFO | Adding Nonbonded force...
2026/03/19 05:51:18 energy_component,line: 338 DECOMPOSE | Decomposed Res Num: 416, Total Res Num: 447, Decomposition Progress: 93.0648769574944
2026/03/19 05:51:19 structure,line: 2132     INFO | Adding bonds...
2026/03/19 05:51:19 structure,line: 2135     INFO | Adding angles...
2026/03/19 05:51:19 structure,line: 2138     INFO | Adding dihedrals...
2026/03/19 05:51:19 structure,line: 2141     INFO | Adding Ryckaert-Bellemans torsions...
2026/03/19 05:51:19 structure,line: 2143     INFO | Adding Urey-Bradleys...
2026/03/19 05:51:19 structure,line: 2145     INFO | Adding improper torsions...
2026/03/19 05:51:19 structure,line: 2147     INFO | Adding CMAP torsions...
2026/03/19 05:51:19 structure,line: 2149     INFO | Adding trigonal angle terms...
2026/03/19 05:51:19 structure,line: 2151     INFO | Adding out-of-plane bends...
2026/03/19 05:51:19 structure,line: 2153     INFO | Adding pi-torsions...
2026/03/19 05:51:19 structure,line: 2155     INFO | Adding stretch-bends...
2026/03/19 05:51:19 structure,line: 2157     INFO | Adding torsion-torsions...
2026/03/19 05:51:19 structure,line: 2159     INFO | Adding Nonbonded force...
2026/03/19 05:51:19 energy_component,line: 338 DECOMPOSE | Decomposed Res Num: 417, Total Res Num: 447, Decomposition Progress: 93.28859060402685
2026/03/19 05:51:20 structure,line: 2132     INFO | Adding bonds...
2026/03/19 05:51:20 structure,line: 2135     INFO | Adding angles...
2026/03/19 05:51:20 structure,line: 2138     INFO | Adding dihedrals...
2026/03/19 05:51:20 structure,line: 2141     INFO | Adding Ryckaert-Bellemans torsions...
2026/03/19 05:51:20 structure,line: 2143     INFO | Adding Urey-Bradleys...
2026/03/19 05:51:20 structure,line: 2145     INFO | Adding improper torsions...
2026/03/19 05:51:20 structure,line: 2147     INFO | Adding CMAP torsions...
2026/03/19 05:51:20 structure,line: 2149     INFO | Adding trigonal angle terms...
2026/03/19 05:51:20 structure,line: 2151     INFO | Adding out-of-plane bends...
2026/03/19 05:51:20 structure,line: 2153     INFO | Adding pi-torsions...
2026/03/19 05:51:20 structure,line: 2155     INFO | Adding stretch-bends...
2026/03/19 05:51:20 structure,line: 2157     INFO | Adding torsion-torsions...
2026/03/19 05:51:20 structure,line: 2159     INFO | Adding Nonbonded force...
2026/03/19 05:51:20 energy_component,line: 338 DECOMPOSE | Decomposed Res Num: 418, Total Res Num: 447, Decomposition Progress: 93.51230425055928
2026/03/19 05:51:20 structure,line: 2132     INFO | Adding bonds...
2026/03/19 05:51:20 structure,line: 2135     INFO | Adding angles...
2026/03/19 05:51:20 structure,line: 2138     INFO | Adding dihedrals...
2026/03/19 05:51:20 structure,line: 2141     INFO | Adding Ryckaert-Bellemans torsions...
2026/03/19 05:51:20 structure,line: 2143     INFO | Adding Urey-Bradleys...
2026/03/19 05:51:20 structure,line: 2145     INFO | Adding improper torsions...
2026/03/19 05:51:20 structure,line: 2147     INFO | Adding CMAP torsions...
2026/03/19 05:51:20 structure,line: 2149     INFO | Adding trigonal angle terms...
2026/03/19 05:51:20 structure,line: 2151     INFO | Adding out-of-plane bends...
2026/03/19 05:51:20 structure,line: 2153     INFO | Adding pi-torsions...
2026/03/19 05:51:20 structure,line: 2155     INFO | Adding stretch-bends...
2026/03/19 05:51:20 structure,line: 2157     INFO | Adding torsion-torsions...
2026/03/19 05:51:20 structure,line: 2159     INFO | Adding Nonbonded force...
2026/03/19 05:51:21 energy_component,line: 338 DECOMPOSE | Decomposed Res Num: 419, Total Res Num: 447, Decomposition Progress: 93.73601789709173
2026/03/19 05:51:21 structure,line: 2132     INFO | Adding bonds...
2026/03/19 05:51:21 structure,line: 2135     INFO | Adding angles...
2026/03/19 05:51:21 structure,line: 2138     INFO | Adding dihedrals...
2026/03/19 05:51:21 structure,line: 2141     INFO | Adding Ryckaert-Bellemans torsions...
2026/03/19 05:51:21 structure,line: 2143     INFO | Adding Urey-Bradleys...
2026/03/19 05:51:21 structure,line: 2145     INFO | Adding improper torsions...
2026/03/19 05:51:21 structure,line: 2147     INFO | Adding CMAP torsions...
2026/03/19 05:51:21 structure,line: 2149     INFO | Adding trigonal angle terms...
2026/03/19 05:51:21 structure,line: 2151     INFO | Adding out-of-plane bends...
2026/03/19 05:51:21 structure,line: 2153     INFO | Adding pi-torsions...
2026/03/19 05:51:21 structure,line: 2155     INFO | Adding stretch-bends...
2026/03/19 05:51:21 structure,line: 2157     INFO | Adding torsion-torsions...
2026/03/19 05:51:21 structure,line: 2159     INFO | Adding Nonbonded force...
2026/03/19 05:51:21 energy_component,line: 338 DECOMPOSE | Decomposed Res Num: 420, Total Res Num: 447, Decomposition Progress: 93.95973154362416
2026/03/19 05:51:22 structure,line: 2132     INFO | Adding bonds...
2026/03/19 05:51:22 structure,line: 2135     INFO | Adding angles...
2026/03/19 05:51:22 structure,line: 2138     INFO | Adding dihedrals...
2026/03/19 05:51:22 structure,line: 2141     INFO | Adding Ryckaert-Bellemans torsions...
2026/03/19 05:51:22 structure,line: 2143     INFO | Adding Urey-Bradleys...
2026/03/19 05:51:22 structure,line: 2145     INFO | Adding improper torsions...
2026/03/19 05:51:22 structure,line: 2147     INFO | Adding CMAP torsions...
2026/03/19 05:51:22 structure,line: 2149     INFO | Adding trigonal angle terms...
2026/03/19 05:51:22 structure,line: 2151     INFO | Adding out-of-plane bends...
2026/03/19 05:51:22 structure,line: 2153     INFO | Adding pi-torsions...
2026/03/19 05:51:22 structure,line: 2155     INFO | Adding stretch-bends...
2026/03/19 05:51:22 structure,line: 2157     INFO | Adding torsion-torsions...
2026/03/19 05:51:22 structure,line: 2159     INFO | Adding Nonbonded force...
2026/03/19 05:51:22 energy_component,line: 338 DECOMPOSE | Decomposed Res Num: 421, Total Res Num: 447, Decomposition Progress: 94.1834451901566
2026/03/19 05:51:23 structure,line: 2132     INFO | Adding bonds...
2026/03/19 05:51:23 structure,line: 2135     INFO | Adding angles...
2026/03/19 05:51:23 structure,line: 2138     INFO | Adding dihedrals...
2026/03/19 05:51:23 structure,line: 2141     INFO | Adding Ryckaert-Bellemans torsions...
2026/03/19 05:51:23 structure,line: 2143     INFO | Adding Urey-Bradleys...
2026/03/19 05:51:23 structure,line: 2145     INFO | Adding improper torsions...
2026/03/19 05:51:23 structure,line: 2147     INFO | Adding CMAP torsions...
2026/03/19 05:51:23 structure,line: 2149     INFO | Adding trigonal angle terms...
2026/03/19 05:51:23 structure,line: 2151     INFO | Adding out-of-plane bends...
2026/03/19 05:51:23 structure,line: 2153     INFO | Adding pi-torsions...
2026/03/19 05:51:23 structure,line: 2155     INFO | Adding stretch-bends...
2026/03/19 05:51:23 structure,line: 2157     INFO | Adding torsion-torsions...
2026/03/19 05:51:23 structure,line: 2159     INFO | Adding Nonbonded force...
2026/03/19 05:51:23 energy_component,line: 338 DECOMPOSE | Decomposed Res Num: 422, Total Res Num: 447, Decomposition Progress: 94.40715883668904
2026/03/19 05:51:24 structure,line: 2132     INFO | Adding bonds...
2026/03/19 05:51:24 structure,line: 2135     INFO | Adding angles...
2026/03/19 05:51:24 structure,line: 2138     INFO | Adding dihedrals...
2026/03/19 05:51:24 structure,line: 2141     INFO | Adding Ryckaert-Bellemans torsions...
2026/03/19 05:51:24 structure,line: 2143     INFO | Adding Urey-Bradleys...
2026/03/19 05:51:24 structure,line: 2145     INFO | Adding improper torsions...
2026/03/19 05:51:24 structure,line: 2147     INFO | Adding CMAP torsions...
2026/03/19 05:51:24 structure,line: 2149     INFO | Adding trigonal angle terms...
2026/03/19 05:51:24 structure,line: 2151     INFO | Adding out-of-plane bends...
2026/03/19 05:51:24 structure,line: 2153     INFO | Adding pi-torsions...
2026/03/19 05:51:24 structure,line: 2155     INFO | Adding stretch-bends...
2026/03/19 05:51:24 structure,line: 2157     INFO | Adding torsion-torsions...
2026/03/19 05:51:24 structure,line: 2159     INFO | Adding Nonbonded force...
2026/03/19 05:51:24 energy_component,line: 338 DECOMPOSE | Decomposed Res Num: 423, Total Res Num: 447, Decomposition Progress: 94.63087248322147
2026/03/19 05:51:24 structure,line: 2132     INFO | Adding bonds...
2026/03/19 05:51:24 structure,line: 2135     INFO | Adding angles...
2026/03/19 05:51:24 structure,line: 2138     INFO | Adding dihedrals...
2026/03/19 05:51:24 structure,line: 2141     INFO | Adding Ryckaert-Bellemans torsions...
2026/03/19 05:51:24 structure,line: 2143     INFO | Adding Urey-Bradleys...
2026/03/19 05:51:24 structure,line: 2145     INFO | Adding improper torsions...
2026/03/19 05:51:24 structure,line: 2147     INFO | Adding CMAP torsions...
2026/03/19 05:51:24 structure,line: 2149     INFO | Adding trigonal angle terms...
2026/03/19 05:51:24 structure,line: 2151     INFO | Adding out-of-plane bends...
2026/03/19 05:51:24 structure,line: 2153     INFO | Adding pi-torsions...
2026/03/19 05:51:24 structure,line: 2155     INFO | Adding stretch-bends...
2026/03/19 05:51:24 structure,line: 2157     INFO | Adding torsion-torsions...
2026/03/19 05:51:24 structure,line: 2159     INFO | Adding Nonbonded force...
2026/03/19 05:51:25 energy_component,line: 338 DECOMPOSE | Decomposed Res Num: 424, Total Res Num: 447, Decomposition Progress: 94.85458612975391
2026/03/19 05:51:25 structure,line: 2132     INFO | Adding bonds...
2026/03/19 05:51:25 structure,line: 2135     INFO | Adding angles...
2026/03/19 05:51:25 structure,line: 2138     INFO | Adding dihedrals...
2026/03/19 05:51:25 structure,line: 2141     INFO | Adding Ryckaert-Bellemans torsions...
2026/03/19 05:51:25 structure,line: 2143     INFO | Adding Urey-Bradleys...
2026/03/19 05:51:25 structure,line: 2145     INFO | Adding improper torsions...
2026/03/19 05:51:25 structure,line: 2147     INFO | Adding CMAP torsions...
2026/03/19 05:51:25 structure,line: 2149     INFO | Adding trigonal angle terms...
2026/03/19 05:51:25 structure,line: 2151     INFO | Adding out-of-plane bends...
2026/03/19 05:51:25 structure,line: 2153     INFO | Adding pi-torsions...
2026/03/19 05:51:25 structure,line: 2155     INFO | Adding stretch-bends...
2026/03/19 05:51:25 structure,line: 2157     INFO | Adding torsion-torsions...
2026/03/19 05:51:25 structure,line: 2159     INFO | Adding Nonbonded force...
2026/03/19 05:51:25 energy_component,line: 338 DECOMPOSE | Decomposed Res Num: 425, Total Res Num: 447, Decomposition Progress: 95.07829977628636
2026/03/19 05:51:29 structure,line: 2132     INFO | Adding bonds...
2026/03/19 05:51:29 structure,line: 2135     INFO | Adding angles...
2026/03/19 05:51:29 structure,line: 2138     INFO | Adding dihedrals...
2026/03/19 05:51:29 structure,line: 2141     INFO | Adding Ryckaert-Bellemans torsions...
2026/03/19 05:51:29 structure,line: 2143     INFO | Adding Urey-Bradleys...
2026/03/19 05:51:29 structure,line: 2145     INFO | Adding improper torsions...
2026/03/19 05:51:29 structure,line: 2147     INFO | Adding CMAP torsions...
2026/03/19 05:51:29 structure,line: 2149     INFO | Adding trigonal angle terms...
2026/03/19 05:51:29 structure,line: 2151     INFO | Adding out-of-plane bends...
2026/03/19 05:51:29 structure,line: 2153     INFO | Adding pi-torsions...
2026/03/19 05:51:29 structure,line: 2155     INFO | Adding stretch-bends...
2026/03/19 05:51:29 structure,line: 2157     INFO | Adding torsion-torsions...
2026/03/19 05:51:29 structure,line: 2159     INFO | Adding Nonbonded force...
2026/03/19 05:51:29 energy_component,line: 338 DECOMPOSE | Decomposed Res Num: 426, Total Res Num: 447, Decomposition Progress: 95.30201342281879
2026/03/19 05:51:30 structure,line: 2132     INFO | Adding bonds...
2026/03/19 05:51:30 structure,line: 2135     INFO | Adding angles...
2026/03/19 05:51:30 structure,line: 2138     INFO | Adding dihedrals...
2026/03/19 05:51:30 structure,line: 2141     INFO | Adding Ryckaert-Bellemans torsions...
2026/03/19 05:51:30 structure,line: 2143     INFO | Adding Urey-Bradleys...
2026/03/19 05:51:30 structure,line: 2145     INFO | Adding improper torsions...
2026/03/19 05:51:30 structure,line: 2147     INFO | Adding CMAP torsions...
2026/03/19 05:51:30 structure,line: 2149     INFO | Adding trigonal angle terms...
2026/03/19 05:51:30 structure,line: 2151     INFO | Adding out-of-plane bends...
2026/03/19 05:51:30 structure,line: 2153     INFO | Adding pi-torsions...
2026/03/19 05:51:30 structure,line: 2155     INFO | Adding stretch-bends...
2026/03/19 05:51:30 structure,line: 2157     INFO | Adding torsion-torsions...
2026/03/19 05:51:30 structure,line: 2159     INFO | Adding Nonbonded force...
2026/03/19 05:51:30 energy_component,line: 338 DECOMPOSE | Decomposed Res Num: 427, Total Res Num: 447, Decomposition Progress: 95.52572706935123
2026/03/19 05:51:30 structure,line: 2132     INFO | Adding bonds...
2026/03/19 05:51:30 structure,line: 2135     INFO | Adding angles...
2026/03/19 05:51:30 structure,line: 2138     INFO | Adding dihedrals...
2026/03/19 05:51:30 structure,line: 2141     INFO | Adding Ryckaert-Bellemans torsions...
2026/03/19 05:51:30 structure,line: 2143     INFO | Adding Urey-Bradleys...
2026/03/19 05:51:30 structure,line: 2145     INFO | Adding improper torsions...
2026/03/19 05:51:30 structure,line: 2147     INFO | Adding CMAP torsions...
2026/03/19 05:51:30 structure,line: 2149     INFO | Adding trigonal angle terms...
2026/03/19 05:51:30 structure,line: 2151     INFO | Adding out-of-plane bends...
2026/03/19 05:51:30 structure,line: 2153     INFO | Adding pi-torsions...
2026/03/19 05:51:30 structure,line: 2155     INFO | Adding stretch-bends...
2026/03/19 05:51:30 structure,line: 2157     INFO | Adding torsion-torsions...
2026/03/19 05:51:30 structure,line: 2159     INFO | Adding Nonbonded force...
2026/03/19 05:51:31 energy_component,line: 338 DECOMPOSE | Decomposed Res Num: 428, Total Res Num: 447, Decomposition Progress: 95.74944071588367
2026/03/19 05:51:31 structure,line: 2132     INFO | Adding bonds...
2026/03/19 05:51:31 structure,line: 2135     INFO | Adding angles...
2026/03/19 05:51:31 structure,line: 2138     INFO | Adding dihedrals...
2026/03/19 05:51:31 structure,line: 2141     INFO | Adding Ryckaert-Bellemans torsions...
2026/03/19 05:51:31 structure,line: 2143     INFO | Adding Urey-Bradleys...
2026/03/19 05:51:31 structure,line: 2145     INFO | Adding improper torsions...
2026/03/19 05:51:31 structure,line: 2147     INFO | Adding CMAP torsions...
2026/03/19 05:51:31 structure,line: 2149     INFO | Adding trigonal angle terms...
2026/03/19 05:51:31 structure,line: 2151     INFO | Adding out-of-plane bends...
2026/03/19 05:51:31 structure,line: 2153     INFO | Adding pi-torsions...
2026/03/19 05:51:31 structure,line: 2155     INFO | Adding stretch-bends...
2026/03/19 05:51:31 structure,line: 2157     INFO | Adding torsion-torsions...
2026/03/19 05:51:31 structure,line: 2159     INFO | Adding Nonbonded force...
2026/03/19 05:51:31 energy_component,line: 338 DECOMPOSE | Decomposed Res Num: 429, Total Res Num: 447, Decomposition Progress: 95.9731543624161
2026/03/19 05:51:32 structure,line: 2132     INFO | Adding bonds...
2026/03/19 05:51:32 structure,line: 2135     INFO | Adding angles...
2026/03/19 05:51:32 structure,line: 2138     INFO | Adding dihedrals...
2026/03/19 05:51:32 structure,line: 2141     INFO | Adding Ryckaert-Bellemans torsions...
2026/03/19 05:51:32 structure,line: 2143     INFO | Adding Urey-Bradleys...
2026/03/19 05:51:32 structure,line: 2145     INFO | Adding improper torsions...
2026/03/19 05:51:32 structure,line: 2147     INFO | Adding CMAP torsions...
2026/03/19 05:51:32 structure,line: 2149     INFO | Adding trigonal angle terms...
2026/03/19 05:51:32 structure,line: 2151     INFO | Adding out-of-plane bends...
2026/03/19 05:51:32 structure,line: 2153     INFO | Adding pi-torsions...
2026/03/19 05:51:32 structure,line: 2155     INFO | Adding stretch-bends...
2026/03/19 05:51:32 structure,line: 2157     INFO | Adding torsion-torsions...
2026/03/19 05:51:32 structure,line: 2159     INFO | Adding Nonbonded force...
2026/03/19 05:51:32 energy_component,line: 338 DECOMPOSE | Decomposed Res Num: 430, Total Res Num: 447, Decomposition Progress: 96.19686800894854
2026/03/19 05:51:33 structure,line: 2132     INFO | Adding bonds...
2026/03/19 05:51:33 structure,line: 2135     INFO | Adding angles...
2026/03/19 05:51:33 structure,line: 2138     INFO | Adding dihedrals...
2026/03/19 05:51:33 structure,line: 2141     INFO | Adding Ryckaert-Bellemans torsions...
2026/03/19 05:51:33 structure,line: 2143     INFO | Adding Urey-Bradleys...
2026/03/19 05:51:33 structure,line: 2145     INFO | Adding improper torsions...
2026/03/19 05:51:33 structure,line: 2147     INFO | Adding CMAP torsions...
2026/03/19 05:51:33 structure,line: 2149     INFO | Adding trigonal angle terms...
2026/03/19 05:51:33 structure,line: 2151     INFO | Adding out-of-plane bends...
2026/03/19 05:51:33 structure,line: 2153     INFO | Adding pi-torsions...
2026/03/19 05:51:33 structure,line: 2155     INFO | Adding stretch-bends...
2026/03/19 05:51:33 structure,line: 2157     INFO | Adding torsion-torsions...
2026/03/19 05:51:33 structure,line: 2159     INFO | Adding Nonbonded force...
2026/03/19 05:51:33 energy_component,line: 338 DECOMPOSE | Decomposed Res Num: 431, Total Res Num: 447, Decomposition Progress: 96.42058165548099
2026/03/19 05:51:34 structure,line: 2132     INFO | Adding bonds...
2026/03/19 05:51:34 structure,line: 2135     INFO | Adding angles...
2026/03/19 05:51:34 structure,line: 2138     INFO | Adding dihedrals...
2026/03/19 05:51:34 structure,line: 2141     INFO | Adding Ryckaert-Bellemans torsions...
2026/03/19 05:51:34 structure,line: 2143     INFO | Adding Urey-Bradleys...
2026/03/19 05:51:34 structure,line: 2145     INFO | Adding improper torsions...
2026/03/19 05:51:34 structure,line: 2147     INFO | Adding CMAP torsions...
2026/03/19 05:51:34 structure,line: 2149     INFO | Adding trigonal angle terms...
2026/03/19 05:51:34 structure,line: 2151     INFO | Adding out-of-plane bends...
2026/03/19 05:51:34 structure,line: 2153     INFO | Adding pi-torsions...
2026/03/19 05:51:34 structure,line: 2155     INFO | Adding stretch-bends...
2026/03/19 05:51:34 structure,line: 2157     INFO | Adding torsion-torsions...
2026/03/19 05:51:34 structure,line: 2159     INFO | Adding Nonbonded force...
2026/03/19 05:51:34 energy_component,line: 338 DECOMPOSE | Decomposed Res Num: 432, Total Res Num: 447, Decomposition Progress: 96.64429530201343
2026/03/19 05:51:34 structure,line: 2132     INFO | Adding bonds...
2026/03/19 05:51:34 structure,line: 2135     INFO | Adding angles...
2026/03/19 05:51:34 structure,line: 2138     INFO | Adding dihedrals...
2026/03/19 05:51:34 structure,line: 2141     INFO | Adding Ryckaert-Bellemans torsions...
2026/03/19 05:51:34 structure,line: 2143     INFO | Adding Urey-Bradleys...
2026/03/19 05:51:34 structure,line: 2145     INFO | Adding improper torsions...
2026/03/19 05:51:34 structure,line: 2147     INFO | Adding CMAP torsions...
2026/03/19 05:51:34 structure,line: 2149     INFO | Adding trigonal angle terms...
2026/03/19 05:51:34 structure,line: 2151     INFO | Adding out-of-plane bends...
2026/03/19 05:51:34 structure,line: 2153     INFO | Adding pi-torsions...
2026/03/19 05:51:34 structure,line: 2155     INFO | Adding stretch-bends...
2026/03/19 05:51:34 structure,line: 2157     INFO | Adding torsion-torsions...
2026/03/19 05:51:34 structure,line: 2159     INFO | Adding Nonbonded force...
2026/03/19 05:51:35 energy_component,line: 338 DECOMPOSE | Decomposed Res Num: 433, Total Res Num: 447, Decomposition Progress: 96.86800894854586
2026/03/19 05:51:35 structure,line: 2132     INFO | Adding bonds...
2026/03/19 05:51:35 structure,line: 2135     INFO | Adding angles...
2026/03/19 05:51:35 structure,line: 2138     INFO | Adding dihedrals...
2026/03/19 05:51:35 structure,line: 2141     INFO | Adding Ryckaert-Bellemans torsions...
2026/03/19 05:51:35 structure,line: 2143     INFO | Adding Urey-Bradleys...
2026/03/19 05:51:35 structure,line: 2145     INFO | Adding improper torsions...
2026/03/19 05:51:35 structure,line: 2147     INFO | Adding CMAP torsions...
2026/03/19 05:51:35 structure,line: 2149     INFO | Adding trigonal angle terms...
2026/03/19 05:51:35 structure,line: 2151     INFO | Adding out-of-plane bends...
2026/03/19 05:51:35 structure,line: 2153     INFO | Adding pi-torsions...
2026/03/19 05:51:35 structure,line: 2155     INFO | Adding stretch-bends...
2026/03/19 05:51:35 structure,line: 2157     INFO | Adding torsion-torsions...
2026/03/19 05:51:35 structure,line: 2159     INFO | Adding Nonbonded force...
2026/03/19 05:51:35 energy_component,line: 338 DECOMPOSE | Decomposed Res Num: 434, Total Res Num: 447, Decomposition Progress: 97.0917225950783
2026/03/19 05:51:36 structure,line: 2132     INFO | Adding bonds...
2026/03/19 05:51:36 structure,line: 2135     INFO | Adding angles...
2026/03/19 05:51:36 structure,line: 2138     INFO | Adding dihedrals...
2026/03/19 05:51:36 structure,line: 2141     INFO | Adding Ryckaert-Bellemans torsions...
2026/03/19 05:51:36 structure,line: 2143     INFO | Adding Urey-Bradleys...
2026/03/19 05:51:36 structure,line: 2145     INFO | Adding improper torsions...
2026/03/19 05:51:36 structure,line: 2147     INFO | Adding CMAP torsions...
2026/03/19 05:51:36 structure,line: 2149     INFO | Adding trigonal angle terms...
2026/03/19 05:51:36 structure,line: 2151     INFO | Adding out-of-plane bends...
2026/03/19 05:51:36 structure,line: 2153     INFO | Adding pi-torsions...
2026/03/19 05:51:36 structure,line: 2155     INFO | Adding stretch-bends...
2026/03/19 05:51:36 structure,line: 2157     INFO | Adding torsion-torsions...
2026/03/19 05:51:36 structure,line: 2159     INFO | Adding Nonbonded force...
2026/03/19 05:51:36 energy_component,line: 338 DECOMPOSE | Decomposed Res Num: 435, Total Res Num: 447, Decomposition Progress: 97.31543624161074
2026/03/19 05:51:37 structure,line: 2132     INFO | Adding bonds...
2026/03/19 05:51:37 structure,line: 2135     INFO | Adding angles...
2026/03/19 05:51:37 structure,line: 2138     INFO | Adding dihedrals...
2026/03/19 05:51:37 structure,line: 2141     INFO | Adding Ryckaert-Bellemans torsions...
2026/03/19 05:51:37 structure,line: 2143     INFO | Adding Urey-Bradleys...
2026/03/19 05:51:37 structure,line: 2145     INFO | Adding improper torsions...
2026/03/19 05:51:37 structure,line: 2147     INFO | Adding CMAP torsions...
2026/03/19 05:51:37 structure,line: 2149     INFO | Adding trigonal angle terms...
2026/03/19 05:51:37 structure,line: 2151     INFO | Adding out-of-plane bends...
2026/03/19 05:51:37 structure,line: 2153     INFO | Adding pi-torsions...
2026/03/19 05:51:37 structure,line: 2155     INFO | Adding stretch-bends...
2026/03/19 05:51:37 structure,line: 2157     INFO | Adding torsion-torsions...
2026/03/19 05:51:37 structure,line: 2159     INFO | Adding Nonbonded force...
2026/03/19 05:51:37 energy_component,line: 338 DECOMPOSE | Decomposed Res Num: 436, Total Res Num: 447, Decomposition Progress: 97.53914988814317
2026/03/19 05:51:38 structure,line: 2132     INFO | Adding bonds...
2026/03/19 05:51:38 structure,line: 2135     INFO | Adding angles...
2026/03/19 05:51:38 structure,line: 2138     INFO | Adding dihedrals...
2026/03/19 05:51:38 structure,line: 2141     INFO | Adding Ryckaert-Bellemans torsions...
2026/03/19 05:51:38 structure,line: 2143     INFO | Adding Urey-Bradleys...
2026/03/19 05:51:38 structure,line: 2145     INFO | Adding improper torsions...
2026/03/19 05:51:38 structure,line: 2147     INFO | Adding CMAP torsions...
2026/03/19 05:51:38 structure,line: 2149     INFO | Adding trigonal angle terms...
2026/03/19 05:51:38 structure,line: 2151     INFO | Adding out-of-plane bends...
2026/03/19 05:51:38 structure,line: 2153     INFO | Adding pi-torsions...
2026/03/19 05:51:38 structure,line: 2155     INFO | Adding stretch-bends...
2026/03/19 05:51:38 structure,line: 2157     INFO | Adding torsion-torsions...
2026/03/19 05:51:38 structure,line: 2159     INFO | Adding Nonbonded force...
2026/03/19 05:51:38 energy_component,line: 338 DECOMPOSE | Decomposed Res Num: 437, Total Res Num: 447, Decomposition Progress: 97.76286353467562
2026/03/19 05:51:38 structure,line: 2132     INFO | Adding bonds...
2026/03/19 05:51:38 structure,line: 2135     INFO | Adding angles...
2026/03/19 05:51:38 structure,line: 2138     INFO | Adding dihedrals...
2026/03/19 05:51:38 structure,line: 2141     INFO | Adding Ryckaert-Bellemans torsions...
2026/03/19 05:51:38 structure,line: 2143     INFO | Adding Urey-Bradleys...
2026/03/19 05:51:38 structure,line: 2145     INFO | Adding improper torsions...
2026/03/19 05:51:38 structure,line: 2147     INFO | Adding CMAP torsions...
2026/03/19 05:51:38 structure,line: 2149     INFO | Adding trigonal angle terms...
2026/03/19 05:51:38 structure,line: 2151     INFO | Adding out-of-plane bends...
2026/03/19 05:51:38 structure,line: 2153     INFO | Adding pi-torsions...
2026/03/19 05:51:38 structure,line: 2155     INFO | Adding stretch-bends...
2026/03/19 05:51:38 structure,line: 2157     INFO | Adding torsion-torsions...
2026/03/19 05:51:38 structure,line: 2159     INFO | Adding Nonbonded force...
2026/03/19 05:51:39 energy_component,line: 338 DECOMPOSE | Decomposed Res Num: 438, Total Res Num: 447, Decomposition Progress: 97.98657718120806
2026/03/19 05:51:39 structure,line: 2132     INFO | Adding bonds...
2026/03/19 05:51:39 structure,line: 2135     INFO | Adding angles...
2026/03/19 05:51:39 structure,line: 2138     INFO | Adding dihedrals...
2026/03/19 05:51:39 structure,line: 2141     INFO | Adding Ryckaert-Bellemans torsions...
2026/03/19 05:51:39 structure,line: 2143     INFO | Adding Urey-Bradleys...
2026/03/19 05:51:39 structure,line: 2145     INFO | Adding improper torsions...
2026/03/19 05:51:39 structure,line: 2147     INFO | Adding CMAP torsions...
2026/03/19 05:51:39 structure,line: 2149     INFO | Adding trigonal angle terms...
2026/03/19 05:51:39 structure,line: 2151     INFO | Adding out-of-plane bends...
2026/03/19 05:51:39 structure,line: 2153     INFO | Adding pi-torsions...
2026/03/19 05:51:39 structure,line: 2155     INFO | Adding stretch-bends...
2026/03/19 05:51:39 structure,line: 2157     INFO | Adding torsion-torsions...
2026/03/19 05:51:39 structure,line: 2159     INFO | Adding Nonbonded force...
2026/03/19 05:51:39 energy_component,line: 338 DECOMPOSE | Decomposed Res Num: 439, Total Res Num: 447, Decomposition Progress: 98.2102908277405
2026/03/19 05:51:40 structure,line: 2132     INFO | Adding bonds...
2026/03/19 05:51:40 structure,line: 2135     INFO | Adding angles...
2026/03/19 05:51:40 structure,line: 2138     INFO | Adding dihedrals...
2026/03/19 05:51:40 structure,line: 2141     INFO | Adding Ryckaert-Bellemans torsions...
2026/03/19 05:51:40 structure,line: 2143     INFO | Adding Urey-Bradleys...
2026/03/19 05:51:40 structure,line: 2145     INFO | Adding improper torsions...
2026/03/19 05:51:40 structure,line: 2147     INFO | Adding CMAP torsions...
2026/03/19 05:51:40 structure,line: 2149     INFO | Adding trigonal angle terms...
2026/03/19 05:51:40 structure,line: 2151     INFO | Adding out-of-plane bends...
2026/03/19 05:51:40 structure,line: 2153     INFO | Adding pi-torsions...
2026/03/19 05:51:40 structure,line: 2155     INFO | Adding stretch-bends...
2026/03/19 05:51:40 structure,line: 2157     INFO | Adding torsion-torsions...
2026/03/19 05:51:40 structure,line: 2159     INFO | Adding Nonbonded force...
2026/03/19 05:51:40 energy_component,line: 338 DECOMPOSE | Decomposed Res Num: 440, Total Res Num: 447, Decomposition Progress: 98.43400447427292
2026/03/19 05:51:43 structure,line: 2132     INFO | Adding bonds...
2026/03/19 05:51:43 structure,line: 2135     INFO | Adding angles...
2026/03/19 05:51:43 structure,line: 2138     INFO | Adding dihedrals...
2026/03/19 05:51:43 structure,line: 2141     INFO | Adding Ryckaert-Bellemans torsions...
2026/03/19 05:51:43 structure,line: 2143     INFO | Adding Urey-Bradleys...
2026/03/19 05:51:43 structure,line: 2145     INFO | Adding improper torsions...
2026/03/19 05:51:43 structure,line: 2147     INFO | Adding CMAP torsions...
2026/03/19 05:51:43 structure,line: 2149     INFO | Adding trigonal angle terms...
2026/03/19 05:51:43 structure,line: 2151     INFO | Adding out-of-plane bends...
2026/03/19 05:51:43 structure,line: 2153     INFO | Adding pi-torsions...
2026/03/19 05:51:43 structure,line: 2155     INFO | Adding stretch-bends...
2026/03/19 05:51:43 structure,line: 2157     INFO | Adding torsion-torsions...
2026/03/19 05:51:43 structure,line: 2159     INFO | Adding Nonbonded force...
2026/03/19 05:51:44 energy_component,line: 338 DECOMPOSE | Decomposed Res Num: 441, Total Res Num: 447, Decomposition Progress: 98.65771812080537
2026/03/19 05:51:44 structure,line: 2132     INFO | Adding bonds...
2026/03/19 05:51:44 structure,line: 2135     INFO | Adding angles...
2026/03/19 05:51:44 structure,line: 2138     INFO | Adding dihedrals...
2026/03/19 05:51:44 structure,line: 2141     INFO | Adding Ryckaert-Bellemans torsions...
2026/03/19 05:51:44 structure,line: 2143     INFO | Adding Urey-Bradleys...
2026/03/19 05:51:44 structure,line: 2145     INFO | Adding improper torsions...
2026/03/19 05:51:44 structure,line: 2147     INFO | Adding CMAP torsions...
2026/03/19 05:51:44 structure,line: 2149     INFO | Adding trigonal angle terms...
2026/03/19 05:51:44 structure,line: 2151     INFO | Adding out-of-plane bends...
2026/03/19 05:51:44 structure,line: 2153     INFO | Adding pi-torsions...
2026/03/19 05:51:44 structure,line: 2155     INFO | Adding stretch-bends...
2026/03/19 05:51:44 structure,line: 2157     INFO | Adding torsion-torsions...
2026/03/19 05:51:44 structure,line: 2159     INFO | Adding Nonbonded force...
2026/03/19 05:51:44 energy_component,line: 338 DECOMPOSE | Decomposed Res Num: 442, Total Res Num: 447, Decomposition Progress: 98.88143176733782
2026/03/19 05:51:45 structure,line: 2132     INFO | Adding bonds...
2026/03/19 05:51:45 structure,line: 2135     INFO | Adding angles...
2026/03/19 05:51:45 structure,line: 2138     INFO | Adding dihedrals...
2026/03/19 05:51:45 structure,line: 2141     INFO | Adding Ryckaert-Bellemans torsions...
2026/03/19 05:51:45 structure,line: 2143     INFO | Adding Urey-Bradleys...
2026/03/19 05:51:45 structure,line: 2145     INFO | Adding improper torsions...
2026/03/19 05:51:45 structure,line: 2147     INFO | Adding CMAP torsions...
2026/03/19 05:51:45 structure,line: 2149     INFO | Adding trigonal angle terms...
2026/03/19 05:51:45 structure,line: 2151     INFO | Adding out-of-plane bends...
2026/03/19 05:51:45 structure,line: 2153     INFO | Adding pi-torsions...
2026/03/19 05:51:45 structure,line: 2155     INFO | Adding stretch-bends...
2026/03/19 05:51:45 structure,line: 2157     INFO | Adding torsion-torsions...
2026/03/19 05:51:45 structure,line: 2159     INFO | Adding Nonbonded force...
2026/03/19 05:51:45 energy_component,line: 338 DECOMPOSE | Decomposed Res Num: 443, Total Res Num: 447, Decomposition Progress: 99.10514541387025
2026/03/19 05:51:46 structure,line: 2132     INFO | Adding bonds...
2026/03/19 05:51:46 structure,line: 2135     INFO | Adding angles...
2026/03/19 05:51:46 structure,line: 2138     INFO | Adding dihedrals...
2026/03/19 05:51:46 structure,line: 2141     INFO | Adding Ryckaert-Bellemans torsions...
2026/03/19 05:51:46 structure,line: 2143     INFO | Adding Urey-Bradleys...
2026/03/19 05:51:46 structure,line: 2145     INFO | Adding improper torsions...
2026/03/19 05:51:46 structure,line: 2147     INFO | Adding CMAP torsions...
2026/03/19 05:51:46 structure,line: 2149     INFO | Adding trigonal angle terms...
2026/03/19 05:51:46 structure,line: 2151     INFO | Adding out-of-plane bends...
2026/03/19 05:51:46 structure,line: 2153     INFO | Adding pi-torsions...
2026/03/19 05:51:46 structure,line: 2155     INFO | Adding stretch-bends...
2026/03/19 05:51:46 structure,line: 2157     INFO | Adding torsion-torsions...
2026/03/19 05:51:46 structure,line: 2159     INFO | Adding Nonbonded force...
2026/03/19 05:51:46 energy_component,line: 338 DECOMPOSE | Decomposed Res Num: 444, Total Res Num: 447, Decomposition Progress: 99.32885906040269
2026/03/19 05:51:47 structure,line: 2132     INFO | Adding bonds...
2026/03/19 05:51:47 structure,line: 2135     INFO | Adding angles...
2026/03/19 05:51:47 structure,line: 2138     INFO | Adding dihedrals...
2026/03/19 05:51:47 structure,line: 2141     INFO | Adding Ryckaert-Bellemans torsions...
2026/03/19 05:51:47 structure,line: 2143     INFO | Adding Urey-Bradleys...
2026/03/19 05:51:47 structure,line: 2145     INFO | Adding improper torsions...
2026/03/19 05:51:47 structure,line: 2147     INFO | Adding CMAP torsions...
2026/03/19 05:51:47 structure,line: 2149     INFO | Adding trigonal angle terms...
2026/03/19 05:51:47 structure,line: 2151     INFO | Adding out-of-plane bends...
2026/03/19 05:51:47 structure,line: 2153     INFO | Adding pi-torsions...
2026/03/19 05:51:47 structure,line: 2155     INFO | Adding stretch-bends...
2026/03/19 05:51:47 structure,line: 2157     INFO | Adding torsion-torsions...
2026/03/19 05:51:47 structure,line: 2159     INFO | Adding Nonbonded force...
2026/03/19 05:51:47 energy_component,line: 338 DECOMPOSE | Decomposed Res Num: 445, Total Res Num: 447, Decomposition Progress: 99.55257270693512
2026/03/19 05:51:47 structure,line: 2132     INFO | Adding bonds...
2026/03/19 05:51:47 structure,line: 2135     INFO | Adding angles...
2026/03/19 05:51:47 structure,line: 2138     INFO | Adding dihedrals...
2026/03/19 05:51:47 structure,line: 2141     INFO | Adding Ryckaert-Bellemans torsions...
2026/03/19 05:51:47 structure,line: 2143     INFO | Adding Urey-Bradleys...
2026/03/19 05:51:47 structure,line: 2145     INFO | Adding improper torsions...
2026/03/19 05:51:47 structure,line: 2147     INFO | Adding CMAP torsions...
2026/03/19 05:51:47 structure,line: 2149     INFO | Adding trigonal angle terms...
2026/03/19 05:51:47 structure,line: 2151     INFO | Adding out-of-plane bends...
2026/03/19 05:51:47 structure,line: 2153     INFO | Adding pi-torsions...
2026/03/19 05:51:47 structure,line: 2155     INFO | Adding stretch-bends...
2026/03/19 05:51:47 structure,line: 2157     INFO | Adding torsion-torsions...
2026/03/19 05:51:47 structure,line: 2159     INFO | Adding Nonbonded force...
2026/03/19 05:51:48 energy_component,line: 338 DECOMPOSE | Decomposed Res Num: 446, Total Res Num: 447, Decomposition Progress: 99.77628635346755
2026/03/19 05:51:48 energy_component,line: 377     INFO | Progress Finished Succesfully :)
